IndicatorCode,Indicator,SpatialDimValueCode,Location,Period,Dim1,FactValueNumeric,FactValueUoM,FactValueNumericLow,FactValueNumericHigh,Value,MetricType,Denominator
HIV_0000000001,Estimated number of people (all ages) living with HIV,AGO,Angola,2025,,370000.0,,320000.0,430000.0,370 000 [320 000 - 430 000],Incidence Count,N/A
HIV_0000000001,Estimated number of people (all ages) living with HIV,AGO,Angola,2024,,370000.0,,320000.0,430000.0,370 000 [320 000 - 430 000],Incidence Count,N/A
HIV_0000000001,Estimated number of people (all ages) living with HIV,AGO,Angola,2023,,360000.0,,310000.0,410000.0,360 000 [310 000 - 410 000],Incidence Count,N/A
HIV_0000000001,Estimated number of people (all ages) living with HIV,AGO,Angola,2022,,360000.0,,310000.0,400000.0,360 000 [310 000 - 400 000],Incidence Count,N/A
HIV_0000000001,Estimated number of people (all ages) living with HIV,AGO,Angola,2021,,350000.0,,310000.0,390000.0,350 000 [310 000 - 390 000],Incidence Count,N/A
HIV_0000000001,Estimated number of people (all ages) living with HIV,AGO,Angola,2020,,340000.0,,300000.0,380000.0,340 000 [300 000 - 380 000],Incidence Count,N/A
HIV_0000000001,Estimated number of people (all ages) living with HIV,AGO,Angola,2019,,340000.0,,300000.0,370000.0,340 000 [300 000 - 370 000],Incidence Count,N/A
HIV_0000000001,Estimated number of people (all ages) living with HIV,AGO,Angola,2018,,330000.0,,290000.0,360000.0,330 000 [290 000 - 360 000],Incidence Count,N/A
HIV_0000000001,Estimated number of people (all ages) living with HIV,AGO,Angola,2017,,320000.0,,280000.0,350000.0,320 000 [280 000 - 350 000],Incidence Count,N/A
HIV_0000000001,Estimated number of people (all ages) living with HIV,AGO,Angola,2016,,310000.0,,270000.0,340000.0,310 000 [270 000 - 340 000],Incidence Count,N/A
HIV_0000000001,Estimated number of people (all ages) living with HIV,AGO,Angola,2015,,290000.0,,260000.0,330000.0,290 000 [260 000 - 330 000],Incidence Count,N/A
HIV_0000000001,Estimated number of people (all ages) living with HIV,AGO,Angola,2014,,280000.0,,250000.0,320000.0,280 000 [250 000 - 320 000],Incidence Count,N/A
HIV_0000000001,Estimated number of people (all ages) living with HIV,AGO,Angola,2013,,270000.0,,240000.0,300000.0,270 000 [240 000 - 300 000],Incidence Count,N/A
HIV_0000000001,Estimated number of people (all ages) living with HIV,AGO,Angola,2012,,260000.0,,230000.0,290000.0,260 000 [230 000 - 290 000],Incidence Count,N/A
HIV_0000000001,Estimated number of people (all ages) living with HIV,AGO,Angola,2011,,240000.0,,210000.0,280000.0,240 000 [210 000 - 280 000],Incidence Count,N/A
HIV_0000000001,Estimated number of people (all ages) living with HIV,AGO,Angola,2010,,230000.0,,200000.0,260000.0,230 000 [200 000 - 260 000],Incidence Count,N/A
HIV_0000000001,Estimated number of people (all ages) living with HIV,AGO,Angola,2009,,220000.0,,190000.0,250000.0,220 000 [190 000 - 250 000],Incidence Count,N/A
HIV_0000000001,Estimated number of people (all ages) living with HIV,AGO,Angola,2008,,200000.0,,180000.0,230000.0,200 000 [180 000 - 230 000],Incidence Count,N/A
HIV_0000000001,Estimated number of people (all ages) living with HIV,AGO,Angola,2007,,190000.0,,170000.0,220000.0,190 000 [170 000 - 220 000],Incidence Count,N/A
HIV_0000000001,Estimated number of people (all ages) living with HIV,AGO,Angola,2006,,180000.0,,150000.0,210000.0,180 000 [150 000 - 210 000],Incidence Count,N/A
HIV_0000000001,Estimated number of people (all ages) living with HIV,AGO,Angola,2005,,170000.0,,140000.0,200000.0,170 000 [140 000 - 200 000],Incidence Count,N/A
HIV_0000000001,Estimated number of people (all ages) living with HIV,AGO,Angola,2004,,160000.0,,130000.0,190000.0,160 000 [130 000 - 190 000],Incidence Count,N/A
HIV_0000000001,Estimated number of people (all ages) living with HIV,AGO,Angola,2003,,150000.0,,120000.0,180000.0,150 000 [120 000 - 180 000],Incidence Count,N/A
HIV_0000000001,Estimated number of people (all ages) living with HIV,AGO,Angola,2002,,140000.0,,110000.0,170000.0,140 000 [110 000 - 170 000],Incidence Count,N/A
HIV_0000000001,Estimated number of people (all ages) living with HIV,AGO,Angola,2001,,130000.0,,100000.0,160000.0,130 000 [100 000 - 160 000],Incidence Count,N/A
HIV_0000000001,Estimated number of people (all ages) living with HIV,AGO,Angola,2000,,120000.0,,93000.0,150000.0,120 000 [93 000 - 150 000],Incidence Count,N/A
HIV_0000000001,Estimated number of people (all ages) living with HIV,BDI,Burundi,2025,,82000.0,,75000.0,95000.0,82 000 [75 000 - 95 000],Incidence Count,N/A
HIV_0000000001,Estimated number of people (all ages) living with HIV,BDI,Burundi,2024,,83000.0,,75000.0,95000.0,83 000 [75 000 - 95 000],Incidence Count,N/A
HIV_0000000001,Estimated number of people (all ages) living with HIV,BDI,Burundi,2023,,83000.0,,76000.0,96000.0,83 000 [76 000 - 96 000],Incidence Count,N/A
HIV_0000000001,Estimated number of people (all ages) living with HIV,BDI,Burundi,2022,,84000.0,,76000.0,97000.0,84 000 [76 000 - 97 000],Incidence Count,N/A
HIV_0000000001,Estimated number of people (all ages) living with HIV,BDI,Burundi,2021,,84000.0,,76000.0,98000.0,84 000 [76 000 - 98 000],Incidence Count,N/A
HIV_0000000001,Estimated number of people (all ages) living with HIV,BDI,Burundi,2020,,85000.0,,76000.0,98000.0,85 000 [76 000 - 98 000],Incidence Count,N/A
HIV_0000000001,Estimated number of people (all ages) living with HIV,BDI,Burundi,2019,,85000.0,,77000.0,99000.0,85 000 [77 000 - 99 000],Incidence Count,N/A
HIV_0000000001,Estimated number of people (all ages) living with HIV,BDI,Burundi,2018,,86000.0,,77000.0,99000.0,86 000 [77 000 - 99 000],Incidence Count,N/A
HIV_0000000001,Estimated number of people (all ages) living with HIV,BDI,Burundi,2017,,86000.0,,77000.0,99000.0,86 000 [77 000 - 99 000],Incidence Count,N/A
HIV_0000000001,Estimated number of people (all ages) living with HIV,BDI,Burundi,2016,,88000.0,,78000.0,100000.0,88 000 [78 000 - 100 000],Incidence Count,N/A
HIV_0000000001,Estimated number of people (all ages) living with HIV,BDI,Burundi,2015,,90000.0,,81000.0,100000.0,90 000 [81 000 - 100 000],Incidence Count,N/A
HIV_0000000001,Estimated number of people (all ages) living with HIV,BDI,Burundi,2014,,94000.0,,84000.0,110000.0,94 000 [84 000 - 110 000],Incidence Count,N/A
HIV_0000000001,Estimated number of people (all ages) living with HIV,BDI,Burundi,2013,,95000.0,,86000.0,110000.0,95 000 [86 000 - 110 000],Incidence Count,N/A
HIV_0000000001,Estimated number of people (all ages) living with HIV,BDI,Burundi,2012,,97000.0,,87000.0,110000.0,97 000 [87 000 - 110 000],Incidence Count,N/A
HIV_0000000001,Estimated number of people (all ages) living with HIV,BDI,Burundi,2011,,98000.0,,88000.0,110000.0,98 000 [88 000 - 110 000],Incidence Count,N/A
HIV_0000000001,Estimated number of people (all ages) living with HIV,BDI,Burundi,2010,,100000.0,,90000.0,110000.0,100 000 [90 000 - 110 000],Incidence Count,N/A
HIV_0000000001,Estimated number of people (all ages) living with HIV,BDI,Burundi,2009,,100000.0,,92000.0,120000.0,100 000 [92 000 - 120 000],Incidence Count,N/A
HIV_0000000001,Estimated number of people (all ages) living with HIV,BDI,Burundi,2008,,100000.0,,91000.0,110000.0,100 000 [91 000 - 110 000],Incidence Count,N/A
HIV_0000000001,Estimated number of people (all ages) living with HIV,BDI,Burundi,2007,,100000.0,,92000.0,120000.0,100 000 [92 000 - 120 000],Incidence Count,N/A
HIV_0000000001,Estimated number of people (all ages) living with HIV,BDI,Burundi,2006,,110000.0,,95000.0,120000.0,110 000 [95 000 - 120 000],Incidence Count,N/A
HIV_0000000001,Estimated number of people (all ages) living with HIV,BDI,Burundi,2005,,110000.0,,98000.0,120000.0,110 000 [98 000 - 120 000],Incidence Count,N/A
HIV_0000000001,Estimated number of people (all ages) living with HIV,BDI,Burundi,2004,,110000.0,,100000.0,130000.0,110 000 [100 000 - 130 000],Incidence Count,N/A
HIV_0000000001,Estimated number of people (all ages) living with HIV,BDI,Burundi,2003,,120000.0,,100000.0,140000.0,120 000 [100 000 - 140 000],Incidence Count,N/A
HIV_0000000001,Estimated number of people (all ages) living with HIV,BDI,Burundi,2002,,120000.0,,110000.0,140000.0,120 000 [110 000 - 140 000],Incidence Count,N/A
HIV_0000000001,Estimated number of people (all ages) living with HIV,BDI,Burundi,2001,,130000.0,,110000.0,150000.0,130 000 [110 000 - 150 000],Incidence Count,N/A
HIV_0000000001,Estimated number of people (all ages) living with HIV,BDI,Burundi,2000,,130000.0,,120000.0,160000.0,130 000 [120 000 - 160 000],Incidence Count,N/A
HIV_0000000001,Estimated number of people (all ages) living with HIV,BEN,Benin,2025,,68000.0,,57000.0,81000.0,68 000 [57 000 - 81 000],Incidence Count,N/A
HIV_0000000001,Estimated number of people (all ages) living with HIV,BEN,Benin,2024,,69000.0,,58000.0,82000.0,69 000 [58 000 - 82 000],Incidence Count,N/A
HIV_0000000001,Estimated number of people (all ages) living with HIV,BEN,Benin,2023,,70000.0,,59000.0,83000.0,70 000 [59 000 - 83 000],Incidence Count,N/A
HIV_0000000001,Estimated number of people (all ages) living with HIV,BEN,Benin,2022,,70000.0,,60000.0,83000.0,70 000 [60 000 - 83 000],Incidence Count,N/A
HIV_0000000001,Estimated number of people (all ages) living with HIV,BEN,Benin,2021,,71000.0,,61000.0,84000.0,71 000 [61 000 - 84 000],Incidence Count,N/A
HIV_0000000001,Estimated number of people (all ages) living with HIV,BEN,Benin,2020,,72000.0,,62000.0,84000.0,72 000 [62 000 - 84 000],Incidence Count,N/A
HIV_0000000001,Estimated number of people (all ages) living with HIV,BEN,Benin,2019,,72000.0,,63000.0,84000.0,72 000 [63 000 - 84 000],Incidence Count,N/A
HIV_0000000001,Estimated number of people (all ages) living with HIV,BEN,Benin,2018,,73000.0,,63000.0,85000.0,73 000 [63 000 - 85 000],Incidence Count,N/A
HIV_0000000001,Estimated number of people (all ages) living with HIV,BEN,Benin,2017,,73000.0,,63000.0,85000.0,73 000 [63 000 - 85 000],Incidence Count,N/A
HIV_0000000001,Estimated number of people (all ages) living with HIV,BEN,Benin,2016,,73000.0,,64000.0,85000.0,73 000 [64 000 - 85 000],Incidence Count,N/A
HIV_0000000001,Estimated number of people (all ages) living with HIV,BEN,Benin,2015,,73000.0,,64000.0,85000.0,73 000 [64 000 - 85 000],Incidence Count,N/A
HIV_0000000001,Estimated number of people (all ages) living with HIV,BEN,Benin,2014,,73000.0,,63000.0,84000.0,73 000 [63 000 - 84 000],Incidence Count,N/A
HIV_0000000001,Estimated number of people (all ages) living with HIV,BEN,Benin,2013,,72000.0,,63000.0,83000.0,72 000 [63 000 - 83 000],Incidence Count,N/A
HIV_0000000001,Estimated number of people (all ages) living with HIV,BEN,Benin,2012,,71000.0,,62000.0,82000.0,71 000 [62 000 - 82 000],Incidence Count,N/A
HIV_0000000001,Estimated number of people (all ages) living with HIV,BEN,Benin,2011,,70000.0,,61000.0,80000.0,70 000 [61 000 - 80 000],Incidence Count,N/A
HIV_0000000001,Estimated number of people (all ages) living with HIV,BEN,Benin,2010,,68000.0,,60000.0,78000.0,68 000 [60 000 - 78 000],Incidence Count,N/A
HIV_0000000001,Estimated number of people (all ages) living with HIV,BEN,Benin,2009,,67000.0,,58000.0,76000.0,67 000 [58 000 - 76 000],Incidence Count,N/A
HIV_0000000001,Estimated number of people (all ages) living with HIV,BEN,Benin,2008,,65000.0,,57000.0,74000.0,65 000 [57 000 - 74 000],Incidence Count,N/A
HIV_0000000001,Estimated number of people (all ages) living with HIV,BEN,Benin,2007,,65000.0,,57000.0,73000.0,65 000 [57 000 - 73 000],Incidence Count,N/A
HIV_0000000001,Estimated number of people (all ages) living with HIV,BEN,Benin,2006,,65000.0,,57000.0,74000.0,65 000 [57 000 - 74 000],Incidence Count,N/A
HIV_0000000001,Estimated number of people (all ages) living with HIV,BEN,Benin,2005,,65000.0,,57000.0,74000.0,65 000 [57 000 - 74 000],Incidence Count,N/A
HIV_0000000001,Estimated number of people (all ages) living with HIV,BEN,Benin,2004,,65000.0,,57000.0,73000.0,65 000 [57 000 - 73 000],Incidence Count,N/A
HIV_0000000001,Estimated number of people (all ages) living with HIV,BEN,Benin,2003,,64000.0,,56000.0,73000.0,64 000 [56 000 - 73 000],Incidence Count,N/A
HIV_0000000001,Estimated number of people (all ages) living with HIV,BEN,Benin,2002,,63000.0,,55000.0,72000.0,63 000 [55 000 - 72 000],Incidence Count,N/A
HIV_0000000001,Estimated number of people (all ages) living with HIV,BEN,Benin,2001,,62000.0,,54000.0,70000.0,62 000 [54 000 - 70 000],Incidence Count,N/A
HIV_0000000001,Estimated number of people (all ages) living with HIV,BEN,Benin,2000,,59000.0,,51000.0,68000.0,59 000 [51 000 - 68 000],Incidence Count,N/A
HIV_0000000001,Estimated number of people (all ages) living with HIV,BFA,Burkina Faso,2025,,91000.0,,77000.0,110000.0,91 000 [77 000 - 110 000],Incidence Count,N/A
HIV_0000000001,Estimated number of people (all ages) living with HIV,BFA,Burkina Faso,2024,,92000.0,,78000.0,110000.0,92 000 [78 000 - 110 000],Incidence Count,N/A
HIV_0000000001,Estimated number of people (all ages) living with HIV,BFA,Burkina Faso,2023,,93000.0,,80000.0,110000.0,93 000 [80 000 - 110 000],Incidence Count,N/A
HIV_0000000001,Estimated number of people (all ages) living with HIV,BFA,Burkina Faso,2022,,94000.0,,81000.0,110000.0,94 000 [81 000 - 110 000],Incidence Count,N/A
HIV_0000000001,Estimated number of people (all ages) living with HIV,BFA,Burkina Faso,2021,,96000.0,,83000.0,110000.0,96 000 [83 000 - 110 000],Incidence Count,N/A
HIV_0000000001,Estimated number of people (all ages) living with HIV,BFA,Burkina Faso,2020,,97000.0,,84000.0,110000.0,97 000 [84 000 - 110 000],Incidence Count,N/A
HIV_0000000001,Estimated number of people (all ages) living with HIV,BFA,Burkina Faso,2019,,99000.0,,85000.0,120000.0,99 000 [85 000 - 120 000],Incidence Count,N/A
HIV_0000000001,Estimated number of people (all ages) living with HIV,BFA,Burkina Faso,2018,,100000.0,,87000.0,120000.0,100 000 [87 000 - 120 000],Incidence Count,N/A
HIV_0000000001,Estimated number of people (all ages) living with HIV,BFA,Burkina Faso,2017,,100000.0,,88000.0,120000.0,100 000 [88 000 - 120 000],Incidence Count,N/A
HIV_0000000001,Estimated number of people (all ages) living with HIV,BFA,Burkina Faso,2016,,100000.0,,90000.0,120000.0,100 000 [90 000 - 120 000],Incidence Count,N/A
HIV_0000000001,Estimated number of people (all ages) living with HIV,BFA,Burkina Faso,2015,,100000.0,,91000.0,120000.0,100 000 [91 000 - 120 000],Incidence Count,N/A
HIV_0000000001,Estimated number of people (all ages) living with HIV,BFA,Burkina Faso,2014,,110000.0,,92000.0,120000.0,110 000 [92 000 - 120 000],Incidence Count,N/A
HIV_0000000001,Estimated number of people (all ages) living with HIV,BFA,Burkina Faso,2013,,110000.0,,93000.0,120000.0,110 000 [93 000 - 120 000],Incidence Count,N/A
HIV_0000000001,Estimated number of people (all ages) living with HIV,BFA,Burkina Faso,2012,,110000.0,,95000.0,120000.0,110 000 [95 000 - 120 000],Incidence Count,N/A
HIV_0000000001,Estimated number of people (all ages) living with HIV,BFA,Burkina Faso,2011,,110000.0,,95000.0,120000.0,110 000 [95 000 - 120 000],Incidence Count,N/A
HIV_0000000001,Estimated number of people (all ages) living with HIV,BFA,Burkina Faso,2010,,110000.0,,97000.0,130000.0,110 000 [97 000 - 130 000],Incidence Count,N/A
HIV_0000000001,Estimated number of people (all ages) living with HIV,BFA,Burkina Faso,2009,,110000.0,,98000.0,130000.0,110 000 [98 000 - 130 000],Incidence Count,N/A
HIV_0000000001,Estimated number of people (all ages) living with HIV,BFA,Burkina Faso,2008,,110000.0,,100000.0,130000.0,110 000 [100 000 - 130 000],Incidence Count,N/A
HIV_0000000001,Estimated number of people (all ages) living with HIV,BFA,Burkina Faso,2007,,120000.0,,100000.0,130000.0,120 000 [100 000 - 130 000],Incidence Count,N/A
HIV_0000000001,Estimated number of people (all ages) living with HIV,BFA,Burkina Faso,2006,,120000.0,,100000.0,140000.0,120 000 [100 000 - 140 000],Incidence Count,N/A
HIV_0000000001,Estimated number of people (all ages) living with HIV,BFA,Burkina Faso,2005,,120000.0,,110000.0,140000.0,120 000 [110 000 - 140 000],Incidence Count,N/A
HIV_0000000001,Estimated number of people (all ages) living with HIV,BFA,Burkina Faso,2004,,120000.0,,110000.0,150000.0,120 000 [110 000 - 150 000],Incidence Count,N/A
HIV_0000000001,Estimated number of people (all ages) living with HIV,BFA,Burkina Faso,2003,,130000.0,,110000.0,150000.0,130 000 [110 000 - 150 000],Incidence Count,N/A
HIV_0000000001,Estimated number of people (all ages) living with HIV,BFA,Burkina Faso,2002,,130000.0,,110000.0,160000.0,130 000 [110 000 - 160 000],Incidence Count,N/A
HIV_0000000001,Estimated number of people (all ages) living with HIV,BFA,Burkina Faso,2001,,140000.0,,120000.0,170000.0,140 000 [120 000 - 170 000],Incidence Count,N/A
HIV_0000000001,Estimated number of people (all ages) living with HIV,BFA,Burkina Faso,2000,,140000.0,,120000.0,180000.0,140 000 [120 000 - 180 000],Incidence Count,N/A
HIV_0000000001,Estimated number of people (all ages) living with HIV,BWA,Botswana,2025,,350000.0,,330000.0,370000.0,350 000 [330 000 - 370 000],Incidence Count,N/A
HIV_0000000001,Estimated number of people (all ages) living with HIV,BWA,Botswana,2024,,350000.0,,330000.0,370000.0,350 000 [330 000 - 370 000],Incidence Count,N/A
HIV_0000000001,Estimated number of people (all ages) living with HIV,BWA,Botswana,2023,,360000.0,,330000.0,380000.0,360 000 [330 000 - 380 000],Incidence Count,N/A
HIV_0000000001,Estimated number of people (all ages) living with HIV,BWA,Botswana,2022,,360000.0,,340000.0,380000.0,360 000 [340 000 - 380 000],Incidence Count,N/A
HIV_0000000001,Estimated number of people (all ages) living with HIV,BWA,Botswana,2021,,360000.0,,340000.0,380000.0,360 000 [340 000 - 380 000],Incidence Count,N/A
HIV_0000000001,Estimated number of people (all ages) living with HIV,BWA,Botswana,2020,,360000.0,,340000.0,380000.0,360 000 [340 000 - 380 000],Incidence Count,N/A
HIV_0000000001,Estimated number of people (all ages) living with HIV,BWA,Botswana,2019,,360000.0,,340000.0,380000.0,360 000 [340 000 - 380 000],Incidence Count,N/A
HIV_0000000001,Estimated number of people (all ages) living with HIV,BWA,Botswana,2018,,360000.0,,340000.0,380000.0,360 000 [340 000 - 380 000],Incidence Count,N/A
HIV_0000000001,Estimated number of people (all ages) living with HIV,BWA,Botswana,2017,,360000.0,,340000.0,380000.0,360 000 [340 000 - 380 000],Incidence Count,N/A
HIV_0000000001,Estimated number of people (all ages) living with HIV,BWA,Botswana,2016,,360000.0,,340000.0,380000.0,360 000 [340 000 - 380 000],Incidence Count,N/A
HIV_0000000001,Estimated number of people (all ages) living with HIV,BWA,Botswana,2015,,350000.0,,340000.0,370000.0,350 000 [340 000 - 370 000],Incidence Count,N/A
HIV_0000000001,Estimated number of people (all ages) living with HIV,BWA,Botswana,2014,,350000.0,,330000.0,370000.0,350 000 [330 000 - 370 000],Incidence Count,N/A
HIV_0000000001,Estimated number of people (all ages) living with HIV,BWA,Botswana,2013,,350000.0,,330000.0,360000.0,350 000 [330 000 - 360 000],Incidence Count,N/A
HIV_0000000001,Estimated number of people (all ages) living with HIV,BWA,Botswana,2012,,340000.0,,320000.0,360000.0,340 000 [320 000 - 360 000],Incidence Count,N/A
HIV_0000000001,Estimated number of people (all ages) living with HIV,BWA,Botswana,2011,,340000.0,,320000.0,350000.0,340 000 [320 000 - 350 000],Incidence Count,N/A
HIV_0000000001,Estimated number of people (all ages) living with HIV,BWA,Botswana,2010,,330000.0,,310000.0,350000.0,330 000 [310 000 - 350 000],Incidence Count,N/A
HIV_0000000001,Estimated number of people (all ages) living with HIV,BWA,Botswana,2009,,320000.0,,310000.0,340000.0,320 000 [310 000 - 340 000],Incidence Count,N/A
HIV_0000000001,Estimated number of people (all ages) living with HIV,BWA,Botswana,2008,,320000.0,,300000.0,340000.0,320 000 [300 000 - 340 000],Incidence Count,N/A
HIV_0000000001,Estimated number of people (all ages) living with HIV,BWA,Botswana,2007,,310000.0,,300000.0,330000.0,310 000 [300 000 - 330 000],Incidence Count,N/A
HIV_0000000001,Estimated number of people (all ages) living with HIV,BWA,Botswana,2006,,310000.0,,290000.0,320000.0,310 000 [290 000 - 320 000],Incidence Count,N/A
HIV_0000000001,Estimated number of people (all ages) living with HIV,BWA,Botswana,2005,,300000.0,,290000.0,320000.0,300 000 [290 000 - 320 000],Incidence Count,N/A
HIV_0000000001,Estimated number of people (all ages) living with HIV,BWA,Botswana,2004,,300000.0,,290000.0,320000.0,300 000 [290 000 - 320 000],Incidence Count,N/A
HIV_0000000001,Estimated number of people (all ages) living with HIV,BWA,Botswana,2003,,300000.0,,280000.0,310000.0,300 000 [280 000 - 310 000],Incidence Count,N/A
HIV_0000000001,Estimated number of people (all ages) living with HIV,BWA,Botswana,2002,,290000.0,,280000.0,310000.0,290 000 [280 000 - 310 000],Incidence Count,N/A
HIV_0000000001,Estimated number of people (all ages) living with HIV,BWA,Botswana,2001,,290000.0,,280000.0,310000.0,290 000 [280 000 - 310 000],Incidence Count,N/A
HIV_0000000001,Estimated number of people (all ages) living with HIV,BWA,Botswana,2000,,280000.0,,270000.0,300000.0,280 000 [270 000 - 300 000],Incidence Count,N/A
HIV_0000000001,Estimated number of people (all ages) living with HIV,CAF,Central African Republic,2025,,96000.0,,70000.0,140000.0,96 000 [70 000 - 140 000],Incidence Count,N/A
HIV_0000000001,Estimated number of people (all ages) living with HIV,CAF,Central African Republic,2024,,97000.0,,71000.0,130000.0,97 000 [71 000 - 130 000],Incidence Count,N/A
HIV_0000000001,Estimated number of people (all ages) living with HIV,CAF,Central African Republic,2023,,97000.0,,73000.0,130000.0,97 000 [73 000 - 130 000],Incidence Count,N/A
HIV_0000000001,Estimated number of people (all ages) living with HIV,CAF,Central African Republic,2022,,97000.0,,74000.0,130000.0,97 000 [74 000 - 130 000],Incidence Count,N/A
HIV_0000000001,Estimated number of people (all ages) living with HIV,CAF,Central African Republic,2021,,100000.0,,78000.0,130000.0,100 000 [78 000 - 130 000],Incidence Count,N/A
HIV_0000000001,Estimated number of people (all ages) living with HIV,CAF,Central African Republic,2020,,100000.0,,81000.0,130000.0,100 000 [81 000 - 130 000],Incidence Count,N/A
HIV_0000000001,Estimated number of people (all ages) living with HIV,CAF,Central African Republic,2019,,110000.0,,83000.0,130000.0,110 000 [83 000 - 130 000],Incidence Count,N/A
HIV_0000000001,Estimated number of people (all ages) living with HIV,CAF,Central African Republic,2018,,110000.0,,86000.0,130000.0,110 000 [86 000 - 130 000],Incidence Count,N/A
HIV_0000000001,Estimated number of people (all ages) living with HIV,CAF,Central African Republic,2017,,110000.0,,89000.0,140000.0,110 000 [89 000 - 140 000],Incidence Count,N/A
HIV_0000000001,Estimated number of people (all ages) living with HIV,CAF,Central African Republic,2016,,110000.0,,92000.0,140000.0,110 000 [92 000 - 140 000],Incidence Count,N/A
HIV_0000000001,Estimated number of people (all ages) living with HIV,CAF,Central African Republic,2015,,120000.0,,95000.0,140000.0,120 000 [95 000 - 140 000],Incidence Count,N/A
HIV_0000000001,Estimated number of people (all ages) living with HIV,CAF,Central African Republic,2014,,120000.0,,98000.0,140000.0,120 000 [98 000 - 140 000],Incidence Count,N/A
HIV_0000000001,Estimated number of people (all ages) living with HIV,CAF,Central African Republic,2013,,130000.0,,110000.0,160000.0,130 000 [110 000 - 160 000],Incidence Count,N/A
HIV_0000000001,Estimated number of people (all ages) living with HIV,CAF,Central African Republic,2012,,140000.0,,110000.0,160000.0,140 000 [110 000 - 160 000],Incidence Count,N/A
HIV_0000000001,Estimated number of people (all ages) living with HIV,CAF,Central African Republic,2011,,140000.0,,120000.0,170000.0,140 000 [120 000 - 170 000],Incidence Count,N/A
HIV_0000000001,Estimated number of people (all ages) living with HIV,CAF,Central African Republic,2010,,150000.0,,120000.0,180000.0,150 000 [120 000 - 180 000],Incidence Count,N/A
HIV_0000000001,Estimated number of people (all ages) living with HIV,CAF,Central African Republic,2009,,150000.0,,130000.0,180000.0,150 000 [130 000 - 180 000],Incidence Count,N/A
HIV_0000000001,Estimated number of people (all ages) living with HIV,CAF,Central African Republic,2008,,160000.0,,130000.0,200000.0,160 000 [130 000 - 200 000],Incidence Count,N/A
HIV_0000000001,Estimated number of people (all ages) living with HIV,CAF,Central African Republic,2007,,160000.0,,140000.0,200000.0,160 000 [140 000 - 200 000],Incidence Count,N/A
HIV_0000000001,Estimated number of people (all ages) living with HIV,CAF,Central African Republic,2006,,170000.0,,140000.0,200000.0,170 000 [140 000 - 200 000],Incidence Count,N/A
HIV_0000000001,Estimated number of people (all ages) living with HIV,CAF,Central African Republic,2005,,170000.0,,140000.0,210000.0,170 000 [140 000 - 210 000],Incidence Count,N/A
HIV_0000000001,Estimated number of people (all ages) living with HIV,CAF,Central African Republic,2004,,180000.0,,140000.0,210000.0,180 000 [140 000 - 210 000],Incidence Count,N/A
HIV_0000000001,Estimated number of people (all ages) living with HIV,CAF,Central African Republic,2003,,180000.0,,150000.0,220000.0,180 000 [150 000 - 220 000],Incidence Count,N/A
HIV_0000000001,Estimated number of people (all ages) living with HIV,CAF,Central African Republic,2002,,180000.0,,150000.0,220000.0,180 000 [150 000 - 220 000],Incidence Count,N/A
HIV_0000000001,Estimated number of people (all ages) living with HIV,CAF,Central African Republic,2001,,180000.0,,150000.0,220000.0,180 000 [150 000 - 220 000],Incidence Count,N/A
HIV_0000000001,Estimated number of people (all ages) living with HIV,CAF,Central African Republic,2000,,180000.0,,150000.0,220000.0,180 000 [150 000 - 220 000],Incidence Count,N/A
HIV_0000000001,Estimated number of people (all ages) living with HIV,CMR,Cameroon,2025,,540000.0,,510000.0,600000.0,540 000 [510 000 - 600 000],Incidence Count,N/A
HIV_0000000001,Estimated number of people (all ages) living with HIV,CMR,Cameroon,2024,,530000.0,,500000.0,590000.0,530 000 [500 000 - 590 000],Incidence Count,N/A
HIV_0000000001,Estimated number of people (all ages) living with HIV,CMR,Cameroon,2023,,530000.0,,500000.0,590000.0,530 000 [500 000 - 590 000],Incidence Count,N/A
HIV_0000000001,Estimated number of people (all ages) living with HIV,CMR,Cameroon,2022,,520000.0,,490000.0,580000.0,520 000 [490 000 - 580 000],Incidence Count,N/A
HIV_0000000001,Estimated number of people (all ages) living with HIV,CMR,Cameroon,2021,,520000.0,,490000.0,570000.0,520 000 [490 000 - 570 000],Incidence Count,N/A
HIV_0000000001,Estimated number of people (all ages) living with HIV,CMR,Cameroon,2020,,520000.0,,490000.0,570000.0,520 000 [490 000 - 570 000],Incidence Count,N/A
HIV_0000000001,Estimated number of people (all ages) living with HIV,CMR,Cameroon,2019,,510000.0,,490000.0,570000.0,510 000 [490 000 - 570 000],Incidence Count,N/A
HIV_0000000001,Estimated number of people (all ages) living with HIV,CMR,Cameroon,2018,,510000.0,,480000.0,570000.0,510 000 [480 000 - 570 000],Incidence Count,N/A
HIV_0000000001,Estimated number of people (all ages) living with HIV,CMR,Cameroon,2017,,520000.0,,490000.0,570000.0,520 000 [490 000 - 570 000],Incidence Count,N/A
HIV_0000000001,Estimated number of people (all ages) living with HIV,CMR,Cameroon,2016,,520000.0,,490000.0,570000.0,520 000 [490 000 - 570 000],Incidence Count,N/A
HIV_0000000001,Estimated number of people (all ages) living with HIV,CMR,Cameroon,2015,,520000.0,,490000.0,570000.0,520 000 [490 000 - 570 000],Incidence Count,N/A
HIV_0000000001,Estimated number of people (all ages) living with HIV,CMR,Cameroon,2014,,530000.0,,500000.0,580000.0,530 000 [500 000 - 580 000],Incidence Count,N/A
HIV_0000000001,Estimated number of people (all ages) living with HIV,CMR,Cameroon,2013,,530000.0,,500000.0,580000.0,530 000 [500 000 - 580 000],Incidence Count,N/A
HIV_0000000001,Estimated number of people (all ages) living with HIV,CMR,Cameroon,2012,,530000.0,,500000.0,580000.0,530 000 [500 000 - 580 000],Incidence Count,N/A
HIV_0000000001,Estimated number of people (all ages) living with HIV,CMR,Cameroon,2011,,530000.0,,500000.0,580000.0,530 000 [500 000 - 580 000],Incidence Count,N/A
HIV_0000000001,Estimated number of people (all ages) living with HIV,CMR,Cameroon,2010,,530000.0,,500000.0,580000.0,530 000 [500 000 - 580 000],Incidence Count,N/A
HIV_0000000001,Estimated number of people (all ages) living with HIV,CMR,Cameroon,2009,,530000.0,,490000.0,570000.0,530 000 [490 000 - 570 000],Incidence Count,N/A
HIV_0000000001,Estimated number of people (all ages) living with HIV,CMR,Cameroon,2008,,520000.0,,490000.0,560000.0,520 000 [490 000 - 560 000],Incidence Count,N/A
HIV_0000000001,Estimated number of people (all ages) living with HIV,CMR,Cameroon,2007,,510000.0,,480000.0,550000.0,510 000 [480 000 - 550 000],Incidence Count,N/A
HIV_0000000001,Estimated number of people (all ages) living with HIV,CMR,Cameroon,2006,,500000.0,,470000.0,540000.0,500 000 [470 000 - 540 000],Incidence Count,N/A
HIV_0000000001,Estimated number of people (all ages) living with HIV,CMR,Cameroon,2005,,490000.0,,460000.0,530000.0,490 000 [460 000 - 530 000],Incidence Count,N/A
HIV_0000000001,Estimated number of people (all ages) living with HIV,CMR,Cameroon,2004,,480000.0,,450000.0,520000.0,480 000 [450 000 - 520 000],Incidence Count,N/A
HIV_0000000001,Estimated number of people (all ages) living with HIV,CMR,Cameroon,2003,,470000.0,,430000.0,510000.0,470 000 [430 000 - 510 000],Incidence Count,N/A
HIV_0000000001,Estimated number of people (all ages) living with HIV,CMR,Cameroon,2002,,450000.0,,420000.0,490000.0,450 000 [420 000 - 490 000],Incidence Count,N/A
HIV_0000000001,Estimated number of people (all ages) living with HIV,CMR,Cameroon,2001,,430000.0,,400000.0,470000.0,430 000 [400 000 - 470 000],Incidence Count,N/A
HIV_0000000001,Estimated number of people (all ages) living with HIV,CMR,Cameroon,2000,,400000.0,,370000.0,440000.0,400 000 [370 000 - 440 000],Incidence Count,N/A
HIV_0000000001,Estimated number of people (all ages) living with HIV,COD,Democratic Republic of the Congo,2025,,570000.0,,470000.0,710000.0,570 000 [470 000 - 710 000],Incidence Count,N/A
HIV_0000000001,Estimated number of people (all ages) living with HIV,COD,Democratic Republic of the Congo,2024,,570000.0,,470000.0,700000.0,570 000 [470 000 - 700 000],Incidence Count,N/A
HIV_0000000001,Estimated number of people (all ages) living with HIV,COD,Democratic Republic of the Congo,2023,,560000.0,,470000.0,690000.0,560 000 [470 000 - 690 000],Incidence Count,N/A
HIV_0000000001,Estimated number of people (all ages) living with HIV,COD,Democratic Republic of the Congo,2022,,550000.0,,470000.0,680000.0,550 000 [470 000 - 680 000],Incidence Count,N/A
HIV_0000000001,Estimated number of people (all ages) living with HIV,COD,Democratic Republic of the Congo,2021,,540000.0,,460000.0,660000.0,540 000 [460 000 - 660 000],Incidence Count,N/A
HIV_0000000001,Estimated number of people (all ages) living with HIV,COD,Democratic Republic of the Congo,2020,,540000.0,,460000.0,650000.0,540 000 [460 000 - 650 000],Incidence Count,N/A
HIV_0000000001,Estimated number of people (all ages) living with HIV,COD,Democratic Republic of the Congo,2019,,530000.0,,450000.0,640000.0,530 000 [450 000 - 640 000],Incidence Count,N/A
HIV_0000000001,Estimated number of people (all ages) living with HIV,COD,Democratic Republic of the Congo,2018,,530000.0,,450000.0,640000.0,530 000 [450 000 - 640 000],Incidence Count,N/A
HIV_0000000001,Estimated number of people (all ages) living with HIV,COD,Democratic Republic of the Congo,2017,,530000.0,,450000.0,630000.0,530 000 [450 000 - 630 000],Incidence Count,N/A
HIV_0000000001,Estimated number of people (all ages) living with HIV,COD,Democratic Republic of the Congo,2016,,530000.0,,450000.0,630000.0,530 000 [450 000 - 630 000],Incidence Count,N/A
HIV_0000000001,Estimated number of people (all ages) living with HIV,COD,Democratic Republic of the Congo,2015,,530000.0,,450000.0,640000.0,530 000 [450 000 - 640 000],Incidence Count,N/A
HIV_0000000001,Estimated number of people (all ages) living with HIV,COD,Democratic Republic of the Congo,2014,,540000.0,,460000.0,640000.0,540 000 [460 000 - 640 000],Incidence Count,N/A
HIV_0000000001,Estimated number of people (all ages) living with HIV,COD,Democratic Republic of the Congo,2013,,540000.0,,460000.0,650000.0,540 000 [460 000 - 650 000],Incidence Count,N/A
HIV_0000000001,Estimated number of people (all ages) living with HIV,COD,Democratic Republic of the Congo,2012,,550000.0,,460000.0,650000.0,550 000 [460 000 - 650 000],Incidence Count,N/A
HIV_0000000001,Estimated number of people (all ages) living with HIV,COD,Democratic Republic of the Congo,2011,,560000.0,,470000.0,670000.0,560 000 [470 000 - 670 000],Incidence Count,N/A
HIV_0000000001,Estimated number of people (all ages) living with HIV,COD,Democratic Republic of the Congo,2010,,570000.0,,470000.0,680000.0,570 000 [470 000 - 680 000],Incidence Count,N/A
HIV_0000000001,Estimated number of people (all ages) living with HIV,COD,Democratic Republic of the Congo,2009,,570000.0,,480000.0,700000.0,570 000 [480 000 - 700 000],Incidence Count,N/A
HIV_0000000001,Estimated number of people (all ages) living with HIV,COD,Democratic Republic of the Congo,2008,,590000.0,,490000.0,710000.0,590 000 [490 000 - 710 000],Incidence Count,N/A
HIV_0000000001,Estimated number of people (all ages) living with HIV,COD,Democratic Republic of the Congo,2007,,600000.0,,500000.0,730000.0,600 000 [500 000 - 730 000],Incidence Count,N/A
HIV_0000000001,Estimated number of people (all ages) living with HIV,COD,Democratic Republic of the Congo,2006,,610000.0,,500000.0,740000.0,610 000 [500 000 - 740 000],Incidence Count,N/A
HIV_0000000001,Estimated number of people (all ages) living with HIV,COD,Democratic Republic of the Congo,2005,,610000.0,,510000.0,760000.0,610 000 [510 000 - 760 000],Incidence Count,N/A
HIV_0000000001,Estimated number of people (all ages) living with HIV,COD,Democratic Republic of the Congo,2004,,630000.0,,510000.0,770000.0,630 000 [510 000 - 770 000],Incidence Count,N/A
HIV_0000000001,Estimated number of people (all ages) living with HIV,COD,Democratic Republic of the Congo,2003,,630000.0,,520000.0,780000.0,630 000 [520 000 - 780 000],Incidence Count,N/A
HIV_0000000001,Estimated number of people (all ages) living with HIV,COD,Democratic Republic of the Congo,2002,,640000.0,,520000.0,800000.0,640 000 [520 000 - 800 000],Incidence Count,N/A
HIV_0000000001,Estimated number of people (all ages) living with HIV,COD,Democratic Republic of the Congo,2001,,650000.0,,520000.0,810000.0,650 000 [520 000 - 810 000],Incidence Count,N/A
HIV_0000000001,Estimated number of people (all ages) living with HIV,COD,Democratic Republic of the Congo,2000,,650000.0,,520000.0,810000.0,650 000 [520 000 - 810 000],Incidence Count,N/A
HIV_0000000001,Estimated number of people (all ages) living with HIV,COG,Congo,2025,,130000.0,,100000.0,170000.0,130 000 [100 000 - 170 000],Incidence Count,N/A
HIV_0000000001,Estimated number of people (all ages) living with HIV,COG,Congo,2024,,130000.0,,100000.0,160000.0,130 000 [100 000 - 160 000],Incidence Count,N/A
HIV_0000000001,Estimated number of people (all ages) living with HIV,COG,Congo,2023,,120000.0,,100000.0,150000.0,120 000 [100 000 - 150 000],Incidence Count,N/A
HIV_0000000001,Estimated number of people (all ages) living with HIV,COG,Congo,2022,,120000.0,,99000.0,150000.0,120 000 [99 000 - 150 000],Incidence Count,N/A
HIV_0000000001,Estimated number of people (all ages) living with HIV,COG,Congo,2021,,120000.0,,97000.0,140000.0,120 000 [97 000 - 140 000],Incidence Count,N/A
HIV_0000000001,Estimated number of people (all ages) living with HIV,COG,Congo,2020,,110000.0,,95000.0,130000.0,110 000 [95 000 - 130 000],Incidence Count,N/A
HIV_0000000001,Estimated number of people (all ages) living with HIV,COG,Congo,2019,,110000.0,,94000.0,130000.0,110 000 [94 000 - 130 000],Incidence Count,N/A
HIV_0000000001,Estimated number of people (all ages) living with HIV,COG,Congo,2018,,110000.0,,92000.0,120000.0,110 000 [92 000 - 120 000],Incidence Count,N/A
HIV_0000000001,Estimated number of people (all ages) living with HIV,COG,Congo,2017,,110000.0,,90000.0,120000.0,110 000 [90 000 - 120 000],Incidence Count,N/A
HIV_0000000001,Estimated number of people (all ages) living with HIV,COG,Congo,2016,,100000.0,,88000.0,120000.0,100 000 [88 000 - 120 000],Incidence Count,N/A
HIV_0000000001,Estimated number of people (all ages) living with HIV,COG,Congo,2015,,100000.0,,87000.0,110000.0,100 000 [87 000 - 110 000],Incidence Count,N/A
HIV_0000000001,Estimated number of people (all ages) living with HIV,COG,Congo,2014,,100000.0,,86000.0,110000.0,100 000 [86 000 - 110 000],Incidence Count,N/A
HIV_0000000001,Estimated number of people (all ages) living with HIV,COG,Congo,2013,,100000.0,,85000.0,110000.0,100 000 [85 000 - 110 000],Incidence Count,N/A
HIV_0000000001,Estimated number of people (all ages) living with HIV,COG,Congo,2012,,99000.0,,85000.0,110000.0,99 000 [85 000 - 110 000],Incidence Count,N/A
HIV_0000000001,Estimated number of people (all ages) living with HIV,COG,Congo,2011,,98000.0,,84000.0,110000.0,98 000 [84 000 - 110 000],Incidence Count,N/A
HIV_0000000001,Estimated number of people (all ages) living with HIV,COG,Congo,2010,,96000.0,,83000.0,110000.0,96 000 [83 000 - 110 000],Incidence Count,N/A
HIV_0000000001,Estimated number of people (all ages) living with HIV,COG,Congo,2009,,94000.0,,82000.0,100000.0,94 000 [82 000 - 100 000],Incidence Count,N/A
HIV_0000000001,Estimated number of people (all ages) living with HIV,COG,Congo,2008,,90000.0,,80000.0,99000.0,90 000 [80 000 - 99 000],Incidence Count,N/A
HIV_0000000001,Estimated number of people (all ages) living with HIV,COG,Congo,2007,,89000.0,,79000.0,98000.0,89 000 [79 000 - 98 000],Incidence Count,N/A
HIV_0000000001,Estimated number of people (all ages) living with HIV,COG,Congo,2006,,88000.0,,79000.0,98000.0,88 000 [79 000 - 98 000],Incidence Count,N/A
HIV_0000000001,Estimated number of people (all ages) living with HIV,COG,Congo,2005,,87000.0,,77000.0,98000.0,87 000 [77 000 - 98 000],Incidence Count,N/A
HIV_0000000001,Estimated number of people (all ages) living with HIV,COG,Congo,2004,,87000.0,,76000.0,97000.0,87 000 [76 000 - 97 000],Incidence Count,N/A
HIV_0000000001,Estimated number of people (all ages) living with HIV,COG,Congo,2003,,87000.0,,75000.0,98000.0,87 000 [75 000 - 98 000],Incidence Count,N/A
HIV_0000000001,Estimated number of people (all ages) living with HIV,COG,Congo,2002,,86000.0,,74000.0,99000.0,86 000 [74 000 - 99 000],Incidence Count,N/A
HIV_0000000001,Estimated number of people (all ages) living with HIV,COG,Congo,2001,,87000.0,,75000.0,100000.0,87 000 [75 000 - 100 000],Incidence Count,N/A
HIV_0000000001,Estimated number of people (all ages) living with HIV,COG,Congo,2000,,88000.0,,75000.0,100000.0,88 000 [75 000 - 100 000],Incidence Count,N/A
HIV_0000000001,Estimated number of people (all ages) living with HIV,COM,Comoros,2025,,500.0,,200.0,910.0,<500 [<200 - 910],Incidence Count,N/A
HIV_0000000001,Estimated number of people (all ages) living with HIV,COM,Comoros,2024,,500.0,,200.0,840.0,<500 [<200 - 840],Incidence Count,N/A
HIV_0000000001,Estimated number of people (all ages) living with HIV,COM,Comoros,2023,,500.0,,200.0,790.0,<500 [<200 - 790],Incidence Count,N/A
HIV_0000000001,Estimated number of people (all ages) living with HIV,COM,Comoros,2022,,500.0,,200.0,740.0,<500 [<200 - 740],Incidence Count,N/A
HIV_0000000001,Estimated number of people (all ages) living with HIV,COM,Comoros,2021,,500.0,,200.0,680.0,<500 [<200 - 680],Incidence Count,N/A
HIV_0000000001,Estimated number of people (all ages) living with HIV,COM,Comoros,2020,,500.0,,200.0,620.0,<500 [<200 - 620],Incidence Count,N/A
HIV_0000000001,Estimated number of people (all ages) living with HIV,COM,Comoros,2019,,500.0,,200.0,560.0,<500 [<200 - 560],Incidence Count,N/A
HIV_0000000001,Estimated number of people (all ages) living with HIV,COM,Comoros,2018,,500.0,,200.0,500.0,<500 [<200 - 500],Incidence Count,N/A
HIV_0000000001,Estimated number of people (all ages) living with HIV,COM,Comoros,2017,,500.0,,200.0,500.0,<500 [<200 - <500],Incidence Count,N/A
HIV_0000000001,Estimated number of people (all ages) living with HIV,COM,Comoros,2016,,200.0,,100.0,500.0,<200 [<100 - <500],Incidence Count,N/A
HIV_0000000001,Estimated number of people (all ages) living with HIV,COM,Comoros,2015,,200.0,,100.0,500.0,<200 [<100 - <500],Incidence Count,N/A
HIV_0000000001,Estimated number of people (all ages) living with HIV,COM,Comoros,2014,,200.0,,100.0,500.0,<200 [<100 - <500],Incidence Count,N/A
HIV_0000000001,Estimated number of people (all ages) living with HIV,COM,Comoros,2013,,200.0,,100.0,500.0,<200 [<100 - <500],Incidence Count,N/A
HIV_0000000001,Estimated number of people (all ages) living with HIV,COM,Comoros,2012,,200.0,,100.0,500.0,<200 [<100 - <500],Incidence Count,N/A
HIV_0000000001,Estimated number of people (all ages) living with HIV,COM,Comoros,2011,,200.0,,100.0,500.0,<200 [<100 - <500],Incidence Count,N/A
HIV_0000000001,Estimated number of people (all ages) living with HIV,COM,Comoros,2010,,200.0,,100.0,500.0,<200 [<100 - <500],Incidence Count,N/A
HIV_0000000001,Estimated number of people (all ages) living with HIV,COM,Comoros,2009,,200.0,,100.0,500.0,<200 [<100 - <500],Incidence Count,N/A
HIV_0000000001,Estimated number of people (all ages) living with HIV,COM,Comoros,2008,,100.0,,100.0,500.0,<100 [<100 - <500],Incidence Count,N/A
HIV_0000000001,Estimated number of people (all ages) living with HIV,COM,Comoros,2007,,100.0,,100.0,200.0,<100 [<100 - <200],Incidence Count,N/A
HIV_0000000001,Estimated number of people (all ages) living with HIV,COM,Comoros,2006,,100.0,,100.0,200.0,<100 [<100 - <200],Incidence Count,N/A
HIV_0000000001,Estimated number of people (all ages) living with HIV,COM,Comoros,2005,,100.0,,100.0,200.0,<100 [<100 - <200],Incidence Count,N/A
HIV_0000000001,Estimated number of people (all ages) living with HIV,COM,Comoros,2004,,100.0,,100.0,200.0,<100 [<100 - <200],Incidence Count,N/A
HIV_0000000001,Estimated number of people (all ages) living with HIV,COM,Comoros,2003,,100.0,,100.0,200.0,<100 [<100 - <200],Incidence Count,N/A
HIV_0000000001,Estimated number of people (all ages) living with HIV,COM,Comoros,2002,,100.0,,100.0,200.0,<100 [<100 - <200],Incidence Count,N/A
HIV_0000000001,Estimated number of people (all ages) living with HIV,COM,Comoros,2001,,100.0,,100.0,200.0,<100 [<100 - <200],Incidence Count,N/A
HIV_0000000001,Estimated number of people (all ages) living with HIV,COM,Comoros,2000,,100.0,,100.0,100.0,<100 [<100 - <100],Incidence Count,N/A
HIV_0000000001,Estimated number of people (all ages) living with HIV,CPV,Cabo Verde,2025,,3900.0,,3300.0,4800.0,3900 [3300 - 4800],Incidence Count,N/A
HIV_0000000001,Estimated number of people (all ages) living with HIV,CPV,Cabo Verde,2024,,3800.0,,3200.0,4600.0,3800 [3200 - 4600],Incidence Count,N/A
HIV_0000000001,Estimated number of people (all ages) living with HIV,CPV,Cabo Verde,2023,,3700.0,,3100.0,4400.0,3700 [3100 - 4400],Incidence Count,N/A
HIV_0000000001,Estimated number of people (all ages) living with HIV,CPV,Cabo Verde,2022,,3600.0,,3100.0,4200.0,3600 [3100 - 4200],Incidence Count,N/A
HIV_0000000001,Estimated number of people (all ages) living with HIV,CPV,Cabo Verde,2021,,3500.0,,3000.0,4100.0,3500 [3000 - 4100],Incidence Count,N/A
HIV_0000000001,Estimated number of people (all ages) living with HIV,CPV,Cabo Verde,2020,,3400.0,,2900.0,3900.0,3400 [2900 - 3900],Incidence Count,N/A
HIV_0000000001,Estimated number of people (all ages) living with HIV,CPV,Cabo Verde,2019,,3300.0,,2900.0,3800.0,3300 [2900 - 3800],Incidence Count,N/A
HIV_0000000001,Estimated number of people (all ages) living with HIV,CPV,Cabo Verde,2018,,3200.0,,2800.0,3700.0,3200 [2800 - 3700],Incidence Count,N/A
HIV_0000000001,Estimated number of people (all ages) living with HIV,CPV,Cabo Verde,2017,,3100.0,,2800.0,3600.0,3100 [2800 - 3600],Incidence Count,N/A
HIV_0000000001,Estimated number of people (all ages) living with HIV,CPV,Cabo Verde,2016,,3000.0,,2700.0,3500.0,3000 [2700 - 3500],Incidence Count,N/A
HIV_0000000001,Estimated number of people (all ages) living with HIV,CPV,Cabo Verde,2015,,2900.0,,2600.0,3400.0,2900 [2600 - 3400],Incidence Count,N/A
HIV_0000000001,Estimated number of people (all ages) living with HIV,CPV,Cabo Verde,2014,,2800.0,,2500.0,3200.0,2800 [2500 - 3200],Incidence Count,N/A
HIV_0000000001,Estimated number of people (all ages) living with HIV,CPV,Cabo Verde,2013,,2700.0,,2400.0,3100.0,2700 [2400 - 3100],Incidence Count,N/A
HIV_0000000001,Estimated number of people (all ages) living with HIV,CPV,Cabo Verde,2012,,2600.0,,2400.0,3000.0,2600 [2400 - 3000],Incidence Count,N/A
HIV_0000000001,Estimated number of people (all ages) living with HIV,CPV,Cabo Verde,2011,,2600.0,,2300.0,2900.0,2600 [2300 - 2900],Incidence Count,N/A
HIV_0000000001,Estimated number of people (all ages) living with HIV,CPV,Cabo Verde,2010,,2500.0,,2200.0,2900.0,2500 [2200 - 2900],Incidence Count,N/A
HIV_0000000001,Estimated number of people (all ages) living with HIV,CPV,Cabo Verde,2009,,2400.0,,2100.0,2800.0,2400 [2100 - 2800],Incidence Count,N/A
HIV_0000000001,Estimated number of people (all ages) living with HIV,CPV,Cabo Verde,2008,,2300.0,,2000.0,2700.0,2300 [2000 - 2700],Incidence Count,N/A
HIV_0000000001,Estimated number of people (all ages) living with HIV,CPV,Cabo Verde,2007,,2200.0,,1900.0,2600.0,2200 [1900 - 2600],Incidence Count,N/A
HIV_0000000001,Estimated number of people (all ages) living with HIV,CPV,Cabo Verde,2006,,2100.0,,1800.0,2600.0,2100 [1800 - 2600],Incidence Count,N/A
HIV_0000000001,Estimated number of people (all ages) living with HIV,CPV,Cabo Verde,2005,,2100.0,,1800.0,2500.0,2100 [1800 - 2500],Incidence Count,N/A
HIV_0000000001,Estimated number of people (all ages) living with HIV,CPV,Cabo Verde,2004,,2000.0,,1700.0,2400.0,2000 [1700 - 2400],Incidence Count,N/A
HIV_0000000001,Estimated number of people (all ages) living with HIV,CPV,Cabo Verde,2003,,1900.0,,1600.0,2400.0,1900 [1600 - 2400],Incidence Count,N/A
HIV_0000000001,Estimated number of people (all ages) living with HIV,CPV,Cabo Verde,2002,,1900.0,,1600.0,2300.0,1900 [1600 - 2300],Incidence Count,N/A
HIV_0000000001,Estimated number of people (all ages) living with HIV,CPV,Cabo Verde,2001,,1800.0,,1500.0,2200.0,1800 [1500 - 2200],Incidence Count,N/A
HIV_0000000001,Estimated number of people (all ages) living with HIV,CPV,Cabo Verde,2000,,1800.0,,1400.0,2200.0,1800 [1400 - 2200],Incidence Count,N/A
HIV_0000000001,Estimated number of people (all ages) living with HIV,ERI,Eritrea,2025,,12000.0,,10000.0,15000.0,12 000 [10 000 - 15 000],Incidence Count,N/A
HIV_0000000001,Estimated number of people (all ages) living with HIV,ERI,Eritrea,2024,,12000.0,,10000.0,15000.0,12 000 [10 000 - 15 000],Incidence Count,N/A
HIV_0000000001,Estimated number of people (all ages) living with HIV,ERI,Eritrea,2023,,12000.0,,10000.0,15000.0,12 000 [10 000 - 15 000],Incidence Count,N/A
HIV_0000000001,Estimated number of people (all ages) living with HIV,ERI,Eritrea,2022,,12000.0,,10000.0,15000.0,12 000 [10 000 - 15 000],Incidence Count,N/A
HIV_0000000001,Estimated number of people (all ages) living with HIV,ERI,Eritrea,2021,,12000.0,,10000.0,15000.0,12 000 [10 000 - 15 000],Incidence Count,N/A
HIV_0000000001,Estimated number of people (all ages) living with HIV,ERI,Eritrea,2020,,12000.0,,10000.0,15000.0,12 000 [10 000 - 15 000],Incidence Count,N/A
HIV_0000000001,Estimated number of people (all ages) living with HIV,ERI,Eritrea,2019,,13000.0,,11000.0,15000.0,13 000 [11 000 - 15 000],Incidence Count,N/A
HIV_0000000001,Estimated number of people (all ages) living with HIV,ERI,Eritrea,2018,,13000.0,,11000.0,16000.0,13 000 [11 000 - 16 000],Incidence Count,N/A
HIV_0000000001,Estimated number of people (all ages) living with HIV,ERI,Eritrea,2017,,13000.0,,11000.0,16000.0,13 000 [11 000 - 16 000],Incidence Count,N/A
HIV_0000000001,Estimated number of people (all ages) living with HIV,ERI,Eritrea,2016,,13000.0,,11000.0,16000.0,13 000 [11 000 - 16 000],Incidence Count,N/A
HIV_0000000001,Estimated number of people (all ages) living with HIV,ERI,Eritrea,2015,,14000.0,,11000.0,17000.0,14 000 [11 000 - 17 000],Incidence Count,N/A
HIV_0000000001,Estimated number of people (all ages) living with HIV,ERI,Eritrea,2014,,15000.0,,12000.0,18000.0,15 000 [12 000 - 18 000],Incidence Count,N/A
HIV_0000000001,Estimated number of people (all ages) living with HIV,ERI,Eritrea,2013,,16000.0,,12000.0,19000.0,16 000 [12 000 - 19 000],Incidence Count,N/A
HIV_0000000001,Estimated number of people (all ages) living with HIV,ERI,Eritrea,2012,,16000.0,,13000.0,20000.0,16 000 [13 000 - 20 000],Incidence Count,N/A
HIV_0000000001,Estimated number of people (all ages) living with HIV,ERI,Eritrea,2011,,17000.0,,13000.0,21000.0,17 000 [13 000 - 21 000],Incidence Count,N/A
HIV_0000000001,Estimated number of people (all ages) living with HIV,ERI,Eritrea,2010,,18000.0,,14000.0,22000.0,18 000 [14 000 - 22 000],Incidence Count,N/A
HIV_0000000001,Estimated number of people (all ages) living with HIV,ERI,Eritrea,2009,,19000.0,,15000.0,23000.0,19 000 [15 000 - 23 000],Incidence Count,N/A
HIV_0000000001,Estimated number of people (all ages) living with HIV,ERI,Eritrea,2008,,20000.0,,15000.0,25000.0,20 000 [15 000 - 25 000],Incidence Count,N/A
HIV_0000000001,Estimated number of people (all ages) living with HIV,ERI,Eritrea,2007,,21000.0,,16000.0,26000.0,21 000 [16 000 - 26 000],Incidence Count,N/A
HIV_0000000001,Estimated number of people (all ages) living with HIV,ERI,Eritrea,2006,,22000.0,,17000.0,27000.0,22 000 [17 000 - 27 000],Incidence Count,N/A
HIV_0000000001,Estimated number of people (all ages) living with HIV,ERI,Eritrea,2005,,24000.0,,18000.0,30000.0,24 000 [18 000 - 30 000],Incidence Count,N/A
HIV_0000000001,Estimated number of people (all ages) living with HIV,ERI,Eritrea,2004,,25000.0,,19000.0,32000.0,25 000 [19 000 - 32 000],Incidence Count,N/A
HIV_0000000001,Estimated number of people (all ages) living with HIV,ERI,Eritrea,2003,,26000.0,,21000.0,34000.0,26 000 [21 000 - 34 000],Incidence Count,N/A
HIV_0000000001,Estimated number of people (all ages) living with HIV,ERI,Eritrea,2002,,26000.0,,20000.0,34000.0,26 000 [20 000 - 34 000],Incidence Count,N/A
HIV_0000000001,Estimated number of people (all ages) living with HIV,ERI,Eritrea,2001,,26000.0,,21000.0,35000.0,26 000 [21 000 - 35 000],Incidence Count,N/A
HIV_0000000001,Estimated number of people (all ages) living with HIV,ERI,Eritrea,2000,,26000.0,,20000.0,34000.0,26 000 [20 000 - 34 000],Incidence Count,N/A
HIV_0000000001,Estimated number of people (all ages) living with HIV,ETH,Ethiopia,2025,,660000.0,,560000.0,790000.0,660 000 [560 000 - 790 000],Incidence Count,N/A
HIV_0000000001,Estimated number of people (all ages) living with HIV,ETH,Ethiopia,2024,,670000.0,,560000.0,810000.0,670 000 [560 000 - 810 000],Incidence Count,N/A
HIV_0000000001,Estimated number of people (all ages) living with HIV,ETH,Ethiopia,2023,,680000.0,,570000.0,820000.0,680 000 [570 000 - 820 000],Incidence Count,N/A
HIV_0000000001,Estimated number of people (all ages) living with HIV,ETH,Ethiopia,2022,,690000.0,,580000.0,830000.0,690 000 [580 000 - 830 000],Incidence Count,N/A
HIV_0000000001,Estimated number of people (all ages) living with HIV,ETH,Ethiopia,2021,,700000.0,,590000.0,840000.0,700 000 [590 000 - 840 000],Incidence Count,N/A
HIV_0000000001,Estimated number of people (all ages) living with HIV,ETH,Ethiopia,2020,,700000.0,,590000.0,850000.0,700 000 [590 000 - 850 000],Incidence Count,N/A
HIV_0000000001,Estimated number of people (all ages) living with HIV,ETH,Ethiopia,2019,,720000.0,,600000.0,860000.0,720 000 [600 000 - 860 000],Incidence Count,N/A
HIV_0000000001,Estimated number of people (all ages) living with HIV,ETH,Ethiopia,2018,,730000.0,,610000.0,870000.0,730 000 [610 000 - 870 000],Incidence Count,N/A
HIV_0000000001,Estimated number of people (all ages) living with HIV,ETH,Ethiopia,2017,,740000.0,,620000.0,890000.0,740 000 [620 000 - 890 000],Incidence Count,N/A
HIV_0000000001,Estimated number of people (all ages) living with HIV,ETH,Ethiopia,2016,,750000.0,,630000.0,900000.0,750 000 [630 000 - 900 000],Incidence Count,N/A
HIV_0000000001,Estimated number of people (all ages) living with HIV,ETH,Ethiopia,2015,,760000.0,,640000.0,910000.0,760 000 [640 000 - 910 000],Incidence Count,N/A
HIV_0000000001,Estimated number of people (all ages) living with HIV,ETH,Ethiopia,2014,,770000.0,,650000.0,930000.0,770 000 [650 000 - 930 000],Incidence Count,N/A
HIV_0000000001,Estimated number of people (all ages) living with HIV,ETH,Ethiopia,2013,,780000.0,,660000.0,940000.0,780 000 [660 000 - 940 000],Incidence Count,N/A
HIV_0000000001,Estimated number of people (all ages) living with HIV,ETH,Ethiopia,2012,,790000.0,,670000.0,950000.0,790 000 [670 000 - 950 000],Incidence Count,N/A
HIV_0000000001,Estimated number of people (all ages) living with HIV,ETH,Ethiopia,2011,,800000.0,,680000.0,970000.0,800 000 [680 000 - 970 000],Incidence Count,N/A
HIV_0000000001,Estimated number of people (all ages) living with HIV,ETH,Ethiopia,2010,,820000.0,,690000.0,980000.0,820 000 [690 000 - 980 000],Incidence Count,N/A
HIV_0000000001,Estimated number of people (all ages) living with HIV,ETH,Ethiopia,2009,,830000.0,,700000.0,1000000.0,830 000 [700 000 - 1000 000],Incidence Count,N/A
HIV_0000000001,Estimated number of people (all ages) living with HIV,ETH,Ethiopia,2008,,850000.0,,720000.0,1000000.0,850 000 [720 000 - 1 000 000],Incidence Count,N/A
HIV_0000000001,Estimated number of people (all ages) living with HIV,ETH,Ethiopia,2007,,880000.0,,740000.0,1100000.0,880 000 [740 000 - 1 100 000],Incidence Count,N/A
HIV_0000000001,Estimated number of people (all ages) living with HIV,ETH,Ethiopia,2006,,910000.0,,770000.0,1100000.0,910 000 [770 000 - 1 100 000],Incidence Count,N/A
HIV_0000000001,Estimated number of people (all ages) living with HIV,ETH,Ethiopia,2005,,960000.0,,810000.0,1200000.0,960 000 [810 000 - 1 200 000],Incidence Count,N/A
HIV_0000000001,Estimated number of people (all ages) living with HIV,ETH,Ethiopia,2004,,1000000.0,,850000.0,1200000.0,1 000 000 [850 000 - 1 200 000],Incidence Count,N/A
HIV_0000000001,Estimated number of people (all ages) living with HIV,ETH,Ethiopia,2003,,1100000.0,,900000.0,1300000.0,1 100 000 [900 000 - 1 300 000],Incidence Count,N/A
HIV_0000000001,Estimated number of people (all ages) living with HIV,ETH,Ethiopia,2002,,1100000.0,,940000.0,1300000.0,1 100 000 [940 000 - 1 300 000],Incidence Count,N/A
HIV_0000000001,Estimated number of people (all ages) living with HIV,ETH,Ethiopia,2001,,1200000.0,,980000.0,1400000.0,1 200 000 [980 000 - 1 400 000],Incidence Count,N/A
HIV_0000000001,Estimated number of people (all ages) living with HIV,ETH,Ethiopia,2000,,1200000.0,,1000000.0,1500000.0,1 200 000 [1 000 000 - 1 500 000],Incidence Count,N/A
HIV_0000000001,Estimated number of people (all ages) living with HIV,GAB,Gabon,2025,,50000.0,,41000.0,60000.0,50 000 [41 000 - 60 000],Incidence Count,N/A
HIV_0000000001,Estimated number of people (all ages) living with HIV,GAB,Gabon,2024,,50000.0,,41000.0,59000.0,50 000 [41 000 - 59 000],Incidence Count,N/A
HIV_0000000001,Estimated number of people (all ages) living with HIV,GAB,Gabon,2023,,50000.0,,42000.0,59000.0,50 000 [42 000 - 59 000],Incidence Count,N/A
HIV_0000000001,Estimated number of people (all ages) living with HIV,GAB,Gabon,2022,,50000.0,,42000.0,59000.0,50 000 [42 000 - 59 000],Incidence Count,N/A
HIV_0000000001,Estimated number of people (all ages) living with HIV,GAB,Gabon,2021,,50000.0,,43000.0,59000.0,50 000 [43 000 - 59 000],Incidence Count,N/A
HIV_0000000001,Estimated number of people (all ages) living with HIV,GAB,Gabon,2020,,50000.0,,43000.0,59000.0,50 000 [43 000 - 59 000],Incidence Count,N/A
HIV_0000000001,Estimated number of people (all ages) living with HIV,GAB,Gabon,2019,,50000.0,,43000.0,59000.0,50 000 [43 000 - 59 000],Incidence Count,N/A
HIV_0000000001,Estimated number of people (all ages) living with HIV,GAB,Gabon,2018,,51000.0,,43000.0,58000.0,51 000 [43 000 - 58 000],Incidence Count,N/A
HIV_0000000001,Estimated number of people (all ages) living with HIV,GAB,Gabon,2017,,50000.0,,43000.0,58000.0,50 000 [43 000 - 58 000],Incidence Count,N/A
HIV_0000000001,Estimated number of people (all ages) living with HIV,GAB,Gabon,2016,,50000.0,,43000.0,57000.0,50 000 [43 000 - 57 000],Incidence Count,N/A
HIV_0000000001,Estimated number of people (all ages) living with HIV,GAB,Gabon,2015,,50000.0,,43000.0,57000.0,50 000 [43 000 - 57 000],Incidence Count,N/A
HIV_0000000001,Estimated number of people (all ages) living with HIV,GAB,Gabon,2014,,49000.0,,43000.0,56000.0,49 000 [43 000 - 56 000],Incidence Count,N/A
HIV_0000000001,Estimated number of people (all ages) living with HIV,GAB,Gabon,2013,,48000.0,,42000.0,55000.0,48 000 [42 000 - 55 000],Incidence Count,N/A
HIV_0000000001,Estimated number of people (all ages) living with HIV,GAB,Gabon,2012,,47000.0,,40000.0,54000.0,47 000 [40 000 - 54 000],Incidence Count,N/A
HIV_0000000001,Estimated number of people (all ages) living with HIV,GAB,Gabon,2011,,46000.0,,39000.0,53000.0,46 000 [39 000 - 53 000],Incidence Count,N/A
HIV_0000000001,Estimated number of people (all ages) living with HIV,GAB,Gabon,2010,,45000.0,,38000.0,52000.0,45 000 [38 000 - 52 000],Incidence Count,N/A
HIV_0000000001,Estimated number of people (all ages) living with HIV,GAB,Gabon,2009,,44000.0,,36000.0,51000.0,44 000 [36 000 - 51 000],Incidence Count,N/A
HIV_0000000001,Estimated number of people (all ages) living with HIV,GAB,Gabon,2008,,42000.0,,35000.0,50000.0,42 000 [35 000 - 50 000],Incidence Count,N/A
HIV_0000000001,Estimated number of people (all ages) living with HIV,GAB,Gabon,2007,,41000.0,,34000.0,49000.0,41 000 [34 000 - 49 000],Incidence Count,N/A
HIV_0000000001,Estimated number of people (all ages) living with HIV,GAB,Gabon,2006,,40000.0,,33000.0,49000.0,40 000 [33 000 - 49 000],Incidence Count,N/A
HIV_0000000001,Estimated number of people (all ages) living with HIV,GAB,Gabon,2005,,39000.0,,31000.0,48000.0,39 000 [31 000 - 48 000],Incidence Count,N/A
HIV_0000000001,Estimated number of people (all ages) living with HIV,GAB,Gabon,2004,,38000.0,,30000.0,47000.0,38 000 [30 000 - 47 000],Incidence Count,N/A
HIV_0000000001,Estimated number of people (all ages) living with HIV,GAB,Gabon,2003,,37000.0,,28000.0,47000.0,37 000 [28 000 - 47 000],Incidence Count,N/A
HIV_0000000001,Estimated number of people (all ages) living with HIV,GAB,Gabon,2002,,36000.0,,27000.0,47000.0,36 000 [27 000 - 47 000],Incidence Count,N/A
HIV_0000000001,Estimated number of people (all ages) living with HIV,GAB,Gabon,2001,,35000.0,,25000.0,46000.0,35 000 [25 000 - 46 000],Incidence Count,N/A
HIV_0000000001,Estimated number of people (all ages) living with HIV,GAB,Gabon,2000,,33000.0,,24000.0,45000.0,33 000 [24 000 - 45 000],Incidence Count,N/A
HIV_0000000001,Estimated number of people (all ages) living with HIV,GHA,Ghana,2025,,340000.0,,290000.0,400000.0,340 000 [290 000 - 400 000],Incidence Count,N/A
HIV_0000000001,Estimated number of people (all ages) living with HIV,GHA,Ghana,2024,,340000.0,,290000.0,390000.0,340 000 [290 000 - 390 000],Incidence Count,N/A
HIV_0000000001,Estimated number of people (all ages) living with HIV,GHA,Ghana,2023,,340000.0,,290000.0,390000.0,340 000 [290 000 - 390 000],Incidence Count,N/A
HIV_0000000001,Estimated number of people (all ages) living with HIV,GHA,Ghana,2022,,340000.0,,290000.0,390000.0,340 000 [290 000 - 390 000],Incidence Count,N/A
HIV_0000000001,Estimated number of people (all ages) living with HIV,GHA,Ghana,2021,,340000.0,,290000.0,390000.0,340 000 [290 000 - 390 000],Incidence Count,N/A
HIV_0000000001,Estimated number of people (all ages) living with HIV,GHA,Ghana,2020,,330000.0,,290000.0,390000.0,330 000 [290 000 - 390 000],Incidence Count,N/A
HIV_0000000001,Estimated number of people (all ages) living with HIV,GHA,Ghana,2019,,330000.0,,290000.0,380000.0,330 000 [290 000 - 380 000],Incidence Count,N/A
HIV_0000000001,Estimated number of people (all ages) living with HIV,GHA,Ghana,2018,,330000.0,,290000.0,380000.0,330 000 [290 000 - 380 000],Incidence Count,N/A
HIV_0000000001,Estimated number of people (all ages) living with HIV,GHA,Ghana,2017,,330000.0,,290000.0,380000.0,330 000 [290 000 - 380 000],Incidence Count,N/A
HIV_0000000001,Estimated number of people (all ages) living with HIV,GHA,Ghana,2016,,330000.0,,290000.0,380000.0,330 000 [290 000 - 380 000],Incidence Count,N/A
HIV_0000000001,Estimated number of people (all ages) living with HIV,GHA,Ghana,2015,,330000.0,,290000.0,370000.0,330 000 [290 000 - 370 000],Incidence Count,N/A
HIV_0000000001,Estimated number of people (all ages) living with HIV,GHA,Ghana,2014,,320000.0,,280000.0,370000.0,320 000 [280 000 - 370 000],Incidence Count,N/A
HIV_0000000001,Estimated number of people (all ages) living with HIV,GHA,Ghana,2013,,320000.0,,280000.0,370000.0,320 000 [280 000 - 370 000],Incidence Count,N/A
HIV_0000000001,Estimated number of people (all ages) living with HIV,GHA,Ghana,2012,,320000.0,,280000.0,360000.0,320 000 [280 000 - 360 000],Incidence Count,N/A
HIV_0000000001,Estimated number of people (all ages) living with HIV,GHA,Ghana,2011,,310000.0,,280000.0,360000.0,310 000 [280 000 - 360 000],Incidence Count,N/A
HIV_0000000001,Estimated number of people (all ages) living with HIV,GHA,Ghana,2010,,310000.0,,270000.0,360000.0,310 000 [270 000 - 360 000],Incidence Count,N/A
HIV_0000000001,Estimated number of people (all ages) living with HIV,GHA,Ghana,2009,,310000.0,,270000.0,360000.0,310 000 [270 000 - 360 000],Incidence Count,N/A
HIV_0000000001,Estimated number of people (all ages) living with HIV,GHA,Ghana,2008,,310000.0,,270000.0,360000.0,310 000 [270 000 - 360 000],Incidence Count,N/A
HIV_0000000001,Estimated number of people (all ages) living with HIV,GHA,Ghana,2007,,310000.0,,280000.0,360000.0,310 000 [280 000 - 360 000],Incidence Count,N/A
HIV_0000000001,Estimated number of people (all ages) living with HIV,GHA,Ghana,2006,,310000.0,,280000.0,360000.0,310 000 [280 000 - 360 000],Incidence Count,N/A
HIV_0000000001,Estimated number of people (all ages) living with HIV,GHA,Ghana,2005,,310000.0,,280000.0,360000.0,310 000 [280 000 - 360 000],Incidence Count,N/A
HIV_0000000001,Estimated number of people (all ages) living with HIV,GHA,Ghana,2004,,310000.0,,270000.0,350000.0,310 000 [270 000 - 350 000],Incidence Count,N/A
HIV_0000000001,Estimated number of people (all ages) living with HIV,GHA,Ghana,2003,,310000.0,,270000.0,350000.0,310 000 [270 000 - 350 000],Incidence Count,N/A
HIV_0000000001,Estimated number of people (all ages) living with HIV,GHA,Ghana,2002,,310000.0,,270000.0,350000.0,310 000 [270 000 - 350 000],Incidence Count,N/A
HIV_0000000001,Estimated number of people (all ages) living with HIV,GHA,Ghana,2001,,300000.0,,270000.0,350000.0,300 000 [270 000 - 350 000],Incidence Count,N/A
HIV_0000000001,Estimated number of people (all ages) living with HIV,GHA,Ghana,2000,,300000.0,,260000.0,340000.0,300 000 [260 000 - 340 000],Incidence Count,N/A
HIV_0000000001,Estimated number of people (all ages) living with HIV,GIN,Guinea,2025,,130000.0,,110000.0,160000.0,130 000 [110 000 - 160 000],Incidence Count,N/A
HIV_0000000001,Estimated number of people (all ages) living with HIV,GIN,Guinea,2024,,130000.0,,110000.0,160000.0,130 000 [110 000 - 160 000],Incidence Count,N/A
HIV_0000000001,Estimated number of people (all ages) living with HIV,GIN,Guinea,2023,,130000.0,,110000.0,160000.0,130 000 [110 000 - 160 000],Incidence Count,N/A
HIV_0000000001,Estimated number of people (all ages) living with HIV,GIN,Guinea,2022,,130000.0,,110000.0,150000.0,130 000 [110 000 - 150 000],Incidence Count,N/A
HIV_0000000001,Estimated number of people (all ages) living with HIV,GIN,Guinea,2021,,130000.0,,110000.0,150000.0,130 000 [110 000 - 150 000],Incidence Count,N/A
HIV_0000000001,Estimated number of people (all ages) living with HIV,GIN,Guinea,2020,,130000.0,,110000.0,150000.0,130 000 [110 000 - 150 000],Incidence Count,N/A
HIV_0000000001,Estimated number of people (all ages) living with HIV,GIN,Guinea,2019,,130000.0,,110000.0,150000.0,130 000 [110 000 - 150 000],Incidence Count,N/A
HIV_0000000001,Estimated number of people (all ages) living with HIV,GIN,Guinea,2018,,130000.0,,110000.0,150000.0,130 000 [110 000 - 150 000],Incidence Count,N/A
HIV_0000000001,Estimated number of people (all ages) living with HIV,GIN,Guinea,2017,,130000.0,,110000.0,140000.0,130 000 [110 000 - 140 000],Incidence Count,N/A
HIV_0000000001,Estimated number of people (all ages) living with HIV,GIN,Guinea,2016,,120000.0,,110000.0,140000.0,120 000 [110 000 - 140 000],Incidence Count,N/A
HIV_0000000001,Estimated number of people (all ages) living with HIV,GIN,Guinea,2015,,120000.0,,110000.0,140000.0,120 000 [110 000 - 140 000],Incidence Count,N/A
HIV_0000000001,Estimated number of people (all ages) living with HIV,GIN,Guinea,2014,,120000.0,,100000.0,130000.0,120 000 [100 000 - 130 000],Incidence Count,N/A
HIV_0000000001,Estimated number of people (all ages) living with HIV,GIN,Guinea,2013,,120000.0,,100000.0,130000.0,120 000 [100 000 - 130 000],Incidence Count,N/A
HIV_0000000001,Estimated number of people (all ages) living with HIV,GIN,Guinea,2012,,110000.0,,100000.0,130000.0,110 000 [100 000 - 130 000],Incidence Count,N/A
HIV_0000000001,Estimated number of people (all ages) living with HIV,GIN,Guinea,2011,,110000.0,,97000.0,130000.0,110 000 [97 000 - 130 000],Incidence Count,N/A
HIV_0000000001,Estimated number of people (all ages) living with HIV,GIN,Guinea,2010,,110000.0,,94000.0,120000.0,110 000 [94 000 - 120 000],Incidence Count,N/A
HIV_0000000001,Estimated number of people (all ages) living with HIV,GIN,Guinea,2009,,100000.0,,90000.0,120000.0,100 000 [90 000 - 120 000],Incidence Count,N/A
HIV_0000000001,Estimated number of people (all ages) living with HIV,GIN,Guinea,2008,,98000.0,,86000.0,120000.0,98 000 [86 000 - 120 000],Incidence Count,N/A
HIV_0000000001,Estimated number of people (all ages) living with HIV,GIN,Guinea,2007,,94000.0,,82000.0,110000.0,94 000 [82 000 - 110 000],Incidence Count,N/A
HIV_0000000001,Estimated number of people (all ages) living with HIV,GIN,Guinea,2006,,90000.0,,79000.0,110000.0,90 000 [79 000 - 110 000],Incidence Count,N/A
HIV_0000000001,Estimated number of people (all ages) living with HIV,GIN,Guinea,2005,,87000.0,,75000.0,100000.0,87 000 [75 000 - 100 000],Incidence Count,N/A
HIV_0000000001,Estimated number of people (all ages) living with HIV,GIN,Guinea,2004,,84000.0,,72000.0,100000.0,84 000 [72 000 - 100 000],Incidence Count,N/A
HIV_0000000001,Estimated number of people (all ages) living with HIV,GIN,Guinea,2003,,80000.0,,68000.0,97000.0,80 000 [68 000 - 97 000],Incidence Count,N/A
HIV_0000000001,Estimated number of people (all ages) living with HIV,GIN,Guinea,2002,,76000.0,,63000.0,93000.0,76 000 [63 000 - 93 000],Incidence Count,N/A
HIV_0000000001,Estimated number of people (all ages) living with HIV,GIN,Guinea,2001,,71000.0,,58000.0,89000.0,71 000 [58 000 - 89 000],Incidence Count,N/A
HIV_0000000001,Estimated number of people (all ages) living with HIV,GIN,Guinea,2000,,67000.0,,54000.0,85000.0,67 000 [54 000 - 85 000],Incidence Count,N/A
HIV_0000000001,Estimated number of people (all ages) living with HIV,GMB,Gambia,2025,,24000.0,,19000.0,30000.0,24 000 [19 000 - 30 000],Incidence Count,N/A
HIV_0000000001,Estimated number of people (all ages) living with HIV,GMB,Gambia,2024,,24000.0,,19000.0,30000.0,24 000 [19 000 - 30 000],Incidence Count,N/A
HIV_0000000001,Estimated number of people (all ages) living with HIV,GMB,Gambia,2023,,23000.0,,19000.0,30000.0,23 000 [19 000 - 30 000],Incidence Count,N/A
HIV_0000000001,Estimated number of people (all ages) living with HIV,GMB,Gambia,2022,,23000.0,,19000.0,30000.0,23 000 [19 000 - 30 000],Incidence Count,N/A
HIV_0000000001,Estimated number of people (all ages) living with HIV,GMB,Gambia,2021,,23000.0,,19000.0,30000.0,23 000 [19 000 - 30 000],Incidence Count,N/A
HIV_0000000001,Estimated number of people (all ages) living with HIV,GMB,Gambia,2020,,24000.0,,19000.0,29000.0,24 000 [19 000 - 29 000],Incidence Count,N/A
HIV_0000000001,Estimated number of people (all ages) living with HIV,GMB,Gambia,2019,,23000.0,,19000.0,29000.0,23 000 [19 000 - 29 000],Incidence Count,N/A
HIV_0000000001,Estimated number of people (all ages) living with HIV,GMB,Gambia,2018,,23000.0,,19000.0,29000.0,23 000 [19 000 - 29 000],Incidence Count,N/A
HIV_0000000001,Estimated number of people (all ages) living with HIV,GMB,Gambia,2017,,23000.0,,19000.0,29000.0,23 000 [19 000 - 29 000],Incidence Count,N/A
HIV_0000000001,Estimated number of people (all ages) living with HIV,GMB,Gambia,2016,,23000.0,,19000.0,29000.0,23 000 [19 000 - 29 000],Incidence Count,N/A
HIV_0000000001,Estimated number of people (all ages) living with HIV,GMB,Gambia,2015,,23000.0,,19000.0,29000.0,23 000 [19 000 - 29 000],Incidence Count,N/A
HIV_0000000001,Estimated number of people (all ages) living with HIV,GMB,Gambia,2014,,22000.0,,18000.0,28000.0,22 000 [18 000 - 28 000],Incidence Count,N/A
HIV_0000000001,Estimated number of people (all ages) living with HIV,GMB,Gambia,2013,,22000.0,,18000.0,28000.0,22 000 [18 000 - 28 000],Incidence Count,N/A
HIV_0000000001,Estimated number of people (all ages) living with HIV,GMB,Gambia,2012,,21000.0,,17000.0,27000.0,21 000 [17 000 - 27 000],Incidence Count,N/A
HIV_0000000001,Estimated number of people (all ages) living with HIV,GMB,Gambia,2011,,21000.0,,17000.0,26000.0,21 000 [17 000 - 26 000],Incidence Count,N/A
HIV_0000000001,Estimated number of people (all ages) living with HIV,GMB,Gambia,2010,,20000.0,,16000.0,26000.0,20 000 [16 000 - 26 000],Incidence Count,N/A
HIV_0000000001,Estimated number of people (all ages) living with HIV,GMB,Gambia,2009,,19000.0,,16000.0,25000.0,19 000 [16 000 - 25 000],Incidence Count,N/A
HIV_0000000001,Estimated number of people (all ages) living with HIV,GMB,Gambia,2008,,19000.0,,15000.0,24000.0,19 000 [15 000 - 24 000],Incidence Count,N/A
HIV_0000000001,Estimated number of people (all ages) living with HIV,GMB,Gambia,2007,,18000.0,,15000.0,24000.0,18 000 [15 000 - 24 000],Incidence Count,N/A
HIV_0000000001,Estimated number of people (all ages) living with HIV,GMB,Gambia,2006,,17000.0,,14000.0,23000.0,17 000 [14 000 - 23 000],Incidence Count,N/A
HIV_0000000001,Estimated number of people (all ages) living with HIV,GMB,Gambia,2005,,16000.0,,13000.0,21000.0,16 000 [13 000 - 21 000],Incidence Count,N/A
HIV_0000000001,Estimated number of people (all ages) living with HIV,GMB,Gambia,2004,,16000.0,,12000.0,20000.0,16 000 [12 000 - 20 000],Incidence Count,N/A
HIV_0000000001,Estimated number of people (all ages) living with HIV,GMB,Gambia,2003,,15000.0,,11000.0,19000.0,15 000 [11 000 - 19 000],Incidence Count,N/A
HIV_0000000001,Estimated number of people (all ages) living with HIV,GMB,Gambia,2002,,13000.0,,11000.0,18000.0,13 000 [11 000 - 18 000],Incidence Count,N/A
HIV_0000000001,Estimated number of people (all ages) living with HIV,GMB,Gambia,2001,,12000.0,,9400.0,16000.0,12 000 [9400 - 16 000],Incidence Count,N/A
HIV_0000000001,Estimated number of people (all ages) living with HIV,GMB,Gambia,2000,,11000.0,,8300.0,14000.0,11 000 [8300 - 14 000],Incidence Count,N/A
HIV_0000000001,Estimated number of people (all ages) living with HIV,GNB,Guinea-Bissau,2025,,35000.0,,31000.0,41000.0,35 000 [31 000 - 41 000],Incidence Count,N/A
HIV_0000000001,Estimated number of people (all ages) living with HIV,GNB,Guinea-Bissau,2024,,35000.0,,31000.0,41000.0,35 000 [31 000 - 41 000],Incidence Count,N/A
HIV_0000000001,Estimated number of people (all ages) living with HIV,GNB,Guinea-Bissau,2023,,36000.0,,31000.0,41000.0,36 000 [31 000 - 41 000],Incidence Count,N/A
HIV_0000000001,Estimated number of people (all ages) living with HIV,GNB,Guinea-Bissau,2022,,36000.0,,31000.0,41000.0,36 000 [31 000 - 41 000],Incidence Count,N/A
HIV_0000000001,Estimated number of people (all ages) living with HIV,GNB,Guinea-Bissau,2021,,36000.0,,32000.0,41000.0,36 000 [32 000 - 41 000],Incidence Count,N/A
HIV_0000000001,Estimated number of people (all ages) living with HIV,GNB,Guinea-Bissau,2020,,36000.0,,32000.0,41000.0,36 000 [32 000 - 41 000],Incidence Count,N/A
HIV_0000000001,Estimated number of people (all ages) living with HIV,GNB,Guinea-Bissau,2019,,36000.0,,32000.0,41000.0,36 000 [32 000 - 41 000],Incidence Count,N/A
HIV_0000000001,Estimated number of people (all ages) living with HIV,GNB,Guinea-Bissau,2018,,36000.0,,32000.0,41000.0,36 000 [32 000 - 41 000],Incidence Count,N/A
HIV_0000000001,Estimated number of people (all ages) living with HIV,GNB,Guinea-Bissau,2017,,37000.0,,33000.0,41000.0,37 000 [33 000 - 41 000],Incidence Count,N/A
HIV_0000000001,Estimated number of people (all ages) living with HIV,GNB,Guinea-Bissau,2016,,37000.0,,33000.0,41000.0,37 000 [33 000 - 41 000],Incidence Count,N/A
HIV_0000000001,Estimated number of people (all ages) living with HIV,GNB,Guinea-Bissau,2015,,37000.0,,33000.0,41000.0,37 000 [33 000 - 41 000],Incidence Count,N/A
HIV_0000000001,Estimated number of people (all ages) living with HIV,GNB,Guinea-Bissau,2014,,37000.0,,33000.0,41000.0,37 000 [33 000 - 41 000],Incidence Count,N/A
HIV_0000000001,Estimated number of people (all ages) living with HIV,GNB,Guinea-Bissau,2013,,37000.0,,34000.0,41000.0,37 000 [34 000 - 41 000],Incidence Count,N/A
HIV_0000000001,Estimated number of people (all ages) living with HIV,GNB,Guinea-Bissau,2012,,38000.0,,34000.0,41000.0,38 000 [34 000 - 41 000],Incidence Count,N/A
HIV_0000000001,Estimated number of people (all ages) living with HIV,GNB,Guinea-Bissau,2011,,37000.0,,34000.0,41000.0,37 000 [34 000 - 41 000],Incidence Count,N/A
HIV_0000000001,Estimated number of people (all ages) living with HIV,GNB,Guinea-Bissau,2010,,37000.0,,34000.0,41000.0,37 000 [34 000 - 41 000],Incidence Count,N/A
HIV_0000000001,Estimated number of people (all ages) living with HIV,GNB,Guinea-Bissau,2009,,37000.0,,33000.0,41000.0,37 000 [33 000 - 41 000],Incidence Count,N/A
HIV_0000000001,Estimated number of people (all ages) living with HIV,GNB,Guinea-Bissau,2008,,36000.0,,33000.0,40000.0,36 000 [33 000 - 40 000],Incidence Count,N/A
HIV_0000000001,Estimated number of people (all ages) living with HIV,GNB,Guinea-Bissau,2007,,36000.0,,33000.0,40000.0,36 000 [33 000 - 40 000],Incidence Count,N/A
HIV_0000000001,Estimated number of people (all ages) living with HIV,GNB,Guinea-Bissau,2006,,35000.0,,32000.0,39000.0,35 000 [32 000 - 39 000],Incidence Count,N/A
HIV_0000000001,Estimated number of people (all ages) living with HIV,GNB,Guinea-Bissau,2005,,34000.0,,31000.0,39000.0,34 000 [31 000 - 39 000],Incidence Count,N/A
HIV_0000000001,Estimated number of people (all ages) living with HIV,GNB,Guinea-Bissau,2004,,34000.0,,31000.0,38000.0,34 000 [31 000 - 38 000],Incidence Count,N/A
HIV_0000000001,Estimated number of people (all ages) living with HIV,GNB,Guinea-Bissau,2003,,32000.0,,29000.0,37000.0,32 000 [29 000 - 37 000],Incidence Count,N/A
HIV_0000000001,Estimated number of people (all ages) living with HIV,GNB,Guinea-Bissau,2002,,30000.0,,27000.0,35000.0,30 000 [27 000 - 35 000],Incidence Count,N/A
HIV_0000000001,Estimated number of people (all ages) living with HIV,GNB,Guinea-Bissau,2001,,28000.0,,25000.0,32000.0,28 000 [25 000 - 32 000],Incidence Count,N/A
HIV_0000000001,Estimated number of people (all ages) living with HIV,GNB,Guinea-Bissau,2000,,25000.0,,22000.0,29000.0,25 000 [22 000 - 29 000],Incidence Count,N/A
HIV_0000000001,Estimated number of people (all ages) living with HIV,KEN,Kenya,2025,,1500000.0,,1400000.0,1700000.0,1 500 000 [1 400 000 - 1 700 000],Incidence Count,N/A
HIV_0000000001,Estimated number of people (all ages) living with HIV,KEN,Kenya,2024,,1500000.0,,1400000.0,1700000.0,1 500 000 [1 400 000 - 1 700 000],Incidence Count,N/A
HIV_0000000001,Estimated number of people (all ages) living with HIV,KEN,Kenya,2023,,1500000.0,,1400000.0,1700000.0,1 500 000 [1 400 000 - 1 700 000],Incidence Count,N/A
HIV_0000000001,Estimated number of people (all ages) living with HIV,KEN,Kenya,2022,,1500000.0,,1400000.0,1700000.0,1 500 000 [1 400 000 - 1 700 000],Incidence Count,N/A
HIV_0000000001,Estimated number of people (all ages) living with HIV,KEN,Kenya,2021,,1500000.0,,1400000.0,1700000.0,1 500 000 [1 400 000 - 1 700 000],Incidence Count,N/A
HIV_0000000001,Estimated number of people (all ages) living with HIV,KEN,Kenya,2020,,1500000.0,,1400000.0,1700000.0,1 500 000 [1 400 000 - 1 700 000],Incidence Count,N/A
HIV_0000000001,Estimated number of people (all ages) living with HIV,KEN,Kenya,2019,,1500000.0,,1400000.0,1700000.0,1 500 000 [1 400 000 - 1 700 000],Incidence Count,N/A
HIV_0000000001,Estimated number of people (all ages) living with HIV,KEN,Kenya,2018,,1500000.0,,1400000.0,1700000.0,1 500 000 [1 400 000 - 1 700 000],Incidence Count,N/A
HIV_0000000001,Estimated number of people (all ages) living with HIV,KEN,Kenya,2017,,1500000.0,,1500000.0,1700000.0,1 500 000 [1 500 000 - 1 700 000],Incidence Count,N/A
HIV_0000000001,Estimated number of people (all ages) living with HIV,KEN,Kenya,2016,,1500000.0,,1500000.0,1700000.0,1 500 000 [1 500 000 - 1 700 000],Incidence Count,N/A
HIV_0000000001,Estimated number of people (all ages) living with HIV,KEN,Kenya,2015,,1500000.0,,1500000.0,1700000.0,1 500 000 [1 500 000 - 1 700 000],Incidence Count,N/A
HIV_0000000001,Estimated number of people (all ages) living with HIV,KEN,Kenya,2014,,1500000.0,,1500000.0,1700000.0,1 500 000 [1 500 000 - 1 700 000],Incidence Count,N/A
HIV_0000000001,Estimated number of people (all ages) living with HIV,KEN,Kenya,2013,,1500000.0,,1400000.0,1700000.0,1 500 000 [1 400 000 - 1 700 000],Incidence Count,N/A
HIV_0000000001,Estimated number of people (all ages) living with HIV,KEN,Kenya,2012,,1500000.0,,1400000.0,1600000.0,1 500 000 [1 400 000 - 1 600 000],Incidence Count,N/A
HIV_0000000001,Estimated number of people (all ages) living with HIV,KEN,Kenya,2011,,1500000.0,,1400000.0,1600000.0,1 500 000 [1 400 000 - 1 600 000],Incidence Count,N/A
HIV_0000000001,Estimated number of people (all ages) living with HIV,KEN,Kenya,2010,,1500000.0,,1400000.0,1600000.0,1 500 000 [1 400 000 - 1 600 000],Incidence Count,N/A
HIV_0000000001,Estimated number of people (all ages) living with HIV,KEN,Kenya,2009,,1500000.0,,1400000.0,1600000.0,1 500 000 [1 400 000 - 1 600 000],Incidence Count,N/A
HIV_0000000001,Estimated number of people (all ages) living with HIV,KEN,Kenya,2008,,1500000.0,,1400000.0,1600000.0,1 500 000 [1 400 000 - 1 600 000],Incidence Count,N/A
HIV_0000000001,Estimated number of people (all ages) living with HIV,KEN,Kenya,2007,,1500000.0,,1400000.0,1600000.0,1 500 000 [1 400 000 - 1 600 000],Incidence Count,N/A
HIV_0000000001,Estimated number of people (all ages) living with HIV,KEN,Kenya,2006,,1500000.0,,1400000.0,1600000.0,1 500 000 [1 400 000 - 1 600 000],Incidence Count,N/A
HIV_0000000001,Estimated number of people (all ages) living with HIV,KEN,Kenya,2005,,1500000.0,,1400000.0,1600000.0,1 500 000 [1 400 000 - 1 600 000],Incidence Count,N/A
HIV_0000000001,Estimated number of people (all ages) living with HIV,KEN,Kenya,2004,,1600000.0,,1500000.0,1700000.0,1 600 000 [1 500 000 - 1 700 000],Incidence Count,N/A
HIV_0000000001,Estimated number of people (all ages) living with HIV,KEN,Kenya,2003,,1600000.0,,1500000.0,1700000.0,1 600 000 [1 500 000 - 1 700 000],Incidence Count,N/A
HIV_0000000001,Estimated number of people (all ages) living with HIV,KEN,Kenya,2002,,1600000.0,,1500000.0,1700000.0,1 600 000 [1 500 000 - 1 700 000],Incidence Count,N/A
HIV_0000000001,Estimated number of people (all ages) living with HIV,KEN,Kenya,2001,,1600000.0,,1500000.0,1800000.0,1 600 000 [1 500 000 - 1 800 000],Incidence Count,N/A
HIV_0000000001,Estimated number of people (all ages) living with HIV,KEN,Kenya,2000,,1700000.0,,1600000.0,1800000.0,1 700 000 [1 600 000 - 1 800 000],Incidence Count,N/A
HIV_0000000001,Estimated number of people (all ages) living with HIV,LBR,Liberia,2025,,56000.0,,46000.0,68000.0,56 000 [46 000 - 68 000],Incidence Count,N/A
HIV_0000000001,Estimated number of people (all ages) living with HIV,LBR,Liberia,2024,,55000.0,,45000.0,66000.0,55 000 [45 000 - 66 000],Incidence Count,N/A
HIV_0000000001,Estimated number of people (all ages) living with HIV,LBR,Liberia,2023,,54000.0,,45000.0,64000.0,54 000 [45 000 - 64 000],Incidence Count,N/A
HIV_0000000001,Estimated number of people (all ages) living with HIV,LBR,Liberia,2022,,53000.0,,45000.0,62000.0,53 000 [45 000 - 62 000],Incidence Count,N/A
HIV_0000000001,Estimated number of people (all ages) living with HIV,LBR,Liberia,2021,,52000.0,,44000.0,60000.0,52 000 [44 000 - 60 000],Incidence Count,N/A
HIV_0000000001,Estimated number of people (all ages) living with HIV,LBR,Liberia,2020,,51000.0,,44000.0,59000.0,51 000 [44 000 - 59 000],Incidence Count,N/A
HIV_0000000001,Estimated number of people (all ages) living with HIV,LBR,Liberia,2019,,50000.0,,43000.0,58000.0,50 000 [43 000 - 58 000],Incidence Count,N/A
HIV_0000000001,Estimated number of people (all ages) living with HIV,LBR,Liberia,2018,,50000.0,,43000.0,56000.0,50 000 [43 000 - 56 000],Incidence Count,N/A
HIV_0000000001,Estimated number of people (all ages) living with HIV,LBR,Liberia,2017,,49000.0,,43000.0,55000.0,49 000 [43 000 - 55 000],Incidence Count,N/A
HIV_0000000001,Estimated number of people (all ages) living with HIV,LBR,Liberia,2016,,49000.0,,43000.0,55000.0,49 000 [43 000 - 55 000],Incidence Count,N/A
HIV_0000000001,Estimated number of people (all ages) living with HIV,LBR,Liberia,2015,,49000.0,,43000.0,54000.0,49 000 [43 000 - 54 000],Incidence Count,N/A
HIV_0000000001,Estimated number of people (all ages) living with HIV,LBR,Liberia,2014,,48000.0,,43000.0,53000.0,48 000 [43 000 - 53 000],Incidence Count,N/A
HIV_0000000001,Estimated number of people (all ages) living with HIV,LBR,Liberia,2013,,47000.0,,43000.0,53000.0,47 000 [43 000 - 53 000],Incidence Count,N/A
HIV_0000000001,Estimated number of people (all ages) living with HIV,LBR,Liberia,2012,,46000.0,,42000.0,51000.0,46 000 [42 000 - 51 000],Incidence Count,N/A
HIV_0000000001,Estimated number of people (all ages) living with HIV,LBR,Liberia,2011,,45000.0,,42000.0,50000.0,45 000 [42 000 - 50 000],Incidence Count,N/A
HIV_0000000001,Estimated number of people (all ages) living with HIV,LBR,Liberia,2010,,43000.0,,39000.0,47000.0,43 000 [39 000 - 47 000],Incidence Count,N/A
HIV_0000000001,Estimated number of people (all ages) living with HIV,LBR,Liberia,2009,,41000.0,,37000.0,46000.0,41 000 [37 000 - 46 000],Incidence Count,N/A
HIV_0000000001,Estimated number of people (all ages) living with HIV,LBR,Liberia,2008,,39000.0,,36000.0,44000.0,39 000 [36 000 - 44 000],Incidence Count,N/A
HIV_0000000001,Estimated number of people (all ages) living with HIV,LBR,Liberia,2007,,37000.0,,33000.0,41000.0,37 000 [33 000 - 41 000],Incidence Count,N/A
HIV_0000000001,Estimated number of people (all ages) living with HIV,LBR,Liberia,2006,,35000.0,,31000.0,39000.0,35 000 [31 000 - 39 000],Incidence Count,N/A
HIV_0000000001,Estimated number of people (all ages) living with HIV,LBR,Liberia,2005,,32000.0,,28000.0,36000.0,32 000 [28 000 - 36 000],Incidence Count,N/A
HIV_0000000001,Estimated number of people (all ages) living with HIV,LBR,Liberia,2004,,30000.0,,26000.0,34000.0,30 000 [26 000 - 34 000],Incidence Count,N/A
HIV_0000000001,Estimated number of people (all ages) living with HIV,LBR,Liberia,2003,,28000.0,,24000.0,33000.0,28 000 [24 000 - 33 000],Incidence Count,N/A
HIV_0000000001,Estimated number of people (all ages) living with HIV,LBR,Liberia,2002,,27000.0,,23000.0,32000.0,27 000 [23 000 - 32 000],Incidence Count,N/A
HIV_0000000001,Estimated number of people (all ages) living with HIV,LBR,Liberia,2001,,25000.0,,21000.0,30000.0,25 000 [21 000 - 30 000],Incidence Count,N/A
HIV_0000000001,Estimated number of people (all ages) living with HIV,LBR,Liberia,2000,,23000.0,,19000.0,28000.0,23 000 [19 000 - 28 000],Incidence Count,N/A
HIV_0000000001,Estimated number of people (all ages) living with HIV,LSO,Lesotho,2025,,260000.0,,240000.0,290000.0,260 000 [240 000 - 290 000],Incidence Count,N/A
HIV_0000000001,Estimated number of people (all ages) living with HIV,LSO,Lesotho,2024,,260000.0,,240000.0,290000.0,260 000 [240 000 - 290 000],Incidence Count,N/A
HIV_0000000001,Estimated number of people (all ages) living with HIV,LSO,Lesotho,2023,,260000.0,,250000.0,300000.0,260 000 [250 000 - 300 000],Incidence Count,N/A
HIV_0000000001,Estimated number of people (all ages) living with HIV,LSO,Lesotho,2022,,270000.0,,250000.0,300000.0,270 000 [250 000 - 300 000],Incidence Count,N/A
HIV_0000000001,Estimated number of people (all ages) living with HIV,LSO,Lesotho,2021,,270000.0,,250000.0,310000.0,270 000 [250 000 - 310 000],Incidence Count,N/A
HIV_0000000001,Estimated number of people (all ages) living with HIV,LSO,Lesotho,2020,,280000.0,,260000.0,310000.0,280 000 [260 000 - 310 000],Incidence Count,N/A
HIV_0000000001,Estimated number of people (all ages) living with HIV,LSO,Lesotho,2019,,280000.0,,260000.0,320000.0,280 000 [260 000 - 320 000],Incidence Count,N/A
HIV_0000000001,Estimated number of people (all ages) living with HIV,LSO,Lesotho,2018,,290000.0,,270000.0,330000.0,290 000 [270 000 - 330 000],Incidence Count,N/A
HIV_0000000001,Estimated number of people (all ages) living with HIV,LSO,Lesotho,2017,,290000.0,,270000.0,330000.0,290 000 [270 000 - 330 000],Incidence Count,N/A
HIV_0000000001,Estimated number of people (all ages) living with HIV,LSO,Lesotho,2016,,300000.0,,280000.0,340000.0,300 000 [280 000 - 340 000],Incidence Count,N/A
HIV_0000000001,Estimated number of people (all ages) living with HIV,LSO,Lesotho,2015,,300000.0,,280000.0,340000.0,300 000 [280 000 - 340 000],Incidence Count,N/A
HIV_0000000001,Estimated number of people (all ages) living with HIV,LSO,Lesotho,2014,,300000.0,,280000.0,340000.0,300 000 [280 000 - 340 000],Incidence Count,N/A
HIV_0000000001,Estimated number of people (all ages) living with HIV,LSO,Lesotho,2013,,300000.0,,280000.0,330000.0,300 000 [280 000 - 330 000],Incidence Count,N/A
HIV_0000000001,Estimated number of people (all ages) living with HIV,LSO,Lesotho,2012,,300000.0,,280000.0,330000.0,300 000 [280 000 - 330 000],Incidence Count,N/A
HIV_0000000001,Estimated number of people (all ages) living with HIV,LSO,Lesotho,2011,,290000.0,,270000.0,330000.0,290 000 [270 000 - 330 000],Incidence Count,N/A
HIV_0000000001,Estimated number of people (all ages) living with HIV,LSO,Lesotho,2010,,290000.0,,270000.0,320000.0,290 000 [270 000 - 320 000],Incidence Count,N/A
HIV_0000000001,Estimated number of people (all ages) living with HIV,LSO,Lesotho,2009,,280000.0,,260000.0,310000.0,280 000 [260 000 - 310 000],Incidence Count,N/A
HIV_0000000001,Estimated number of people (all ages) living with HIV,LSO,Lesotho,2008,,280000.0,,260000.0,300000.0,280 000 [260 000 - 300 000],Incidence Count,N/A
HIV_0000000001,Estimated number of people (all ages) living with HIV,LSO,Lesotho,2007,,270000.0,,250000.0,300000.0,270 000 [250 000 - 300 000],Incidence Count,N/A
HIV_0000000001,Estimated number of people (all ages) living with HIV,LSO,Lesotho,2006,,260000.0,,240000.0,290000.0,260 000 [240 000 - 290 000],Incidence Count,N/A
HIV_0000000001,Estimated number of people (all ages) living with HIV,LSO,Lesotho,2005,,260000.0,,240000.0,280000.0,260 000 [240 000 - 280 000],Incidence Count,N/A
HIV_0000000001,Estimated number of people (all ages) living with HIV,LSO,Lesotho,2004,,260000.0,,240000.0,280000.0,260 000 [240 000 - 280 000],Incidence Count,N/A
HIV_0000000001,Estimated number of people (all ages) living with HIV,LSO,Lesotho,2003,,250000.0,,230000.0,280000.0,250 000 [230 000 - 280 000],Incidence Count,N/A
HIV_0000000001,Estimated number of people (all ages) living with HIV,LSO,Lesotho,2002,,240000.0,,230000.0,270000.0,240 000 [230 000 - 270 000],Incidence Count,N/A
HIV_0000000001,Estimated number of people (all ages) living with HIV,LSO,Lesotho,2001,,240000.0,,220000.0,260000.0,240 000 [220 000 - 260 000],Incidence Count,N/A
HIV_0000000001,Estimated number of people (all ages) living with HIV,LSO,Lesotho,2000,,230000.0,,210000.0,250000.0,230 000 [210 000 - 250 000],Incidence Count,N/A
HIV_0000000001,Estimated number of people (all ages) living with HIV,MDG,Madagascar,2025,,150000.0,,120000.0,180000.0,150 000 [120 000 - 180 000],Incidence Count,N/A
HIV_0000000001,Estimated number of people (all ages) living with HIV,MDG,Madagascar,2024,,130000.0,,110000.0,150000.0,130 000 [110 000 - 150 000],Incidence Count,N/A
HIV_0000000001,Estimated number of people (all ages) living with HIV,MDG,Madagascar,2023,,110000.0,,94000.0,130000.0,110 000 [94 000 - 130 000],Incidence Count,N/A
HIV_0000000001,Estimated number of people (all ages) living with HIV,MDG,Madagascar,2022,,98000.0,,81000.0,120000.0,98 000 [81 000 - 120 000],Incidence Count,N/A
HIV_0000000001,Estimated number of people (all ages) living with HIV,MDG,Madagascar,2021,,88000.0,,73000.0,100000.0,88 000 [73 000 - 100 000],Incidence Count,N/A
HIV_0000000001,Estimated number of people (all ages) living with HIV,MDG,Madagascar,2020,,79000.0,,66000.0,93000.0,79 000 [66 000 - 93 000],Incidence Count,N/A
HIV_0000000001,Estimated number of people (all ages) living with HIV,MDG,Madagascar,2019,,71000.0,,59000.0,85000.0,71 000 [59 000 - 85 000],Incidence Count,N/A
HIV_0000000001,Estimated number of people (all ages) living with HIV,MDG,Madagascar,2018,,64000.0,,52000.0,78000.0,64 000 [52 000 - 78 000],Incidence Count,N/A
HIV_0000000001,Estimated number of people (all ages) living with HIV,MDG,Madagascar,2017,,58000.0,,47000.0,71000.0,58 000 [47 000 - 71 000],Incidence Count,N/A
HIV_0000000001,Estimated number of people (all ages) living with HIV,MDG,Madagascar,2016,,52000.0,,43000.0,65000.0,52 000 [43 000 - 65 000],Incidence Count,N/A
HIV_0000000001,Estimated number of people (all ages) living with HIV,MDG,Madagascar,2015,,47000.0,,39000.0,58000.0,47 000 [39 000 - 58 000],Incidence Count,N/A
HIV_0000000001,Estimated number of people (all ages) living with HIV,MDG,Madagascar,2014,,42000.0,,35000.0,53000.0,42 000 [35 000 - 53 000],Incidence Count,N/A
HIV_0000000001,Estimated number of people (all ages) living with HIV,MDG,Madagascar,2013,,38000.0,,31000.0,48000.0,38 000 [31 000 - 48 000],Incidence Count,N/A
HIV_0000000001,Estimated number of people (all ages) living with HIV,MDG,Madagascar,2012,,35000.0,,27000.0,44000.0,35 000 [27 000 - 44 000],Incidence Count,N/A
HIV_0000000001,Estimated number of people (all ages) living with HIV,MDG,Madagascar,2011,,31000.0,,24000.0,39000.0,31 000 [24 000 - 39 000],Incidence Count,N/A
HIV_0000000001,Estimated number of people (all ages) living with HIV,MDG,Madagascar,2010,,28000.0,,22000.0,37000.0,28 000 [22 000 - 37 000],Incidence Count,N/A
HIV_0000000001,Estimated number of people (all ages) living with HIV,MDG,Madagascar,2009,,25000.0,,19000.0,34000.0,25 000 [19 000 - 34 000],Incidence Count,N/A
HIV_0000000001,Estimated number of people (all ages) living with HIV,MDG,Madagascar,2008,,23000.0,,17000.0,32000.0,23 000 [17 000 - 32 000],Incidence Count,N/A
HIV_0000000001,Estimated number of people (all ages) living with HIV,MDG,Madagascar,2007,,20000.0,,14000.0,29000.0,20 000 [14 000 - 29 000],Incidence Count,N/A
HIV_0000000001,Estimated number of people (all ages) living with HIV,MDG,Madagascar,2006,,18000.0,,12000.0,27000.0,18 000 [12 000 - 27 000],Incidence Count,N/A
HIV_0000000001,Estimated number of people (all ages) living with HIV,MDG,Madagascar,2005,,16000.0,,10000.0,24000.0,16 000 [10 000 - 24 000],Incidence Count,N/A
HIV_0000000001,Estimated number of people (all ages) living with HIV,MDG,Madagascar,2004,,14000.0,,8800.0,22000.0,14 000 [8800 - 22 000],Incidence Count,N/A
HIV_0000000001,Estimated number of people (all ages) living with HIV,MDG,Madagascar,2003,,12000.0,,7300.0,20000.0,12 000 [7300 - 20 000],Incidence Count,N/A
HIV_0000000001,Estimated number of people (all ages) living with HIV,MDG,Madagascar,2002,,10000.0,,6100.0,18000.0,10 000 [6100 - 18 000],Incidence Count,N/A
HIV_0000000001,Estimated number of people (all ages) living with HIV,MDG,Madagascar,2001,,8600.0,,5100.0,16000.0,8600 [5100 - 16 000],Incidence Count,N/A
HIV_0000000001,Estimated number of people (all ages) living with HIV,MDG,Madagascar,2000,,7200.0,,4100.0,14000.0,7200 [4100 - 14 000],Incidence Count,N/A
HIV_0000000001,Estimated number of people (all ages) living with HIV,MLI,Mali,2025,,95000.0,,71000.0,120000.0,95 000 [71 000 - 120 000],Incidence Count,N/A
HIV_0000000001,Estimated number of people (all ages) living with HIV,MLI,Mali,2024,,94000.0,,70000.0,120000.0,94 000 [70 000 - 120 000],Incidence Count,N/A
HIV_0000000001,Estimated number of people (all ages) living with HIV,MLI,Mali,2023,,92000.0,,69000.0,120000.0,92 000 [69 000 - 120 000],Incidence Count,N/A
HIV_0000000001,Estimated number of people (all ages) living with HIV,MLI,Mali,2022,,91000.0,,69000.0,120000.0,91 000 [69 000 - 120 000],Incidence Count,N/A
HIV_0000000001,Estimated number of people (all ages) living with HIV,MLI,Mali,2021,,90000.0,,68000.0,110000.0,90 000 [68 000 - 110 000],Incidence Count,N/A
HIV_0000000001,Estimated number of people (all ages) living with HIV,MLI,Mali,2020,,89000.0,,67000.0,110000.0,89 000 [67 000 - 110 000],Incidence Count,N/A
HIV_0000000001,Estimated number of people (all ages) living with HIV,MLI,Mali,2019,,89000.0,,68000.0,110000.0,89 000 [68 000 - 110 000],Incidence Count,N/A
HIV_0000000001,Estimated number of people (all ages) living with HIV,MLI,Mali,2018,,90000.0,,68000.0,110000.0,90 000 [68 000 - 110 000],Incidence Count,N/A
HIV_0000000001,Estimated number of people (all ages) living with HIV,MLI,Mali,2017,,91000.0,,68000.0,120000.0,91 000 [68 000 - 120 000],Incidence Count,N/A
HIV_0000000001,Estimated number of people (all ages) living with HIV,MLI,Mali,2016,,92000.0,,69000.0,120000.0,92 000 [69 000 - 120 000],Incidence Count,N/A
HIV_0000000001,Estimated number of people (all ages) living with HIV,MLI,Mali,2015,,94000.0,,70000.0,120000.0,94 000 [70 000 - 120 000],Incidence Count,N/A
HIV_0000000001,Estimated number of people (all ages) living with HIV,MLI,Mali,2014,,95000.0,,71000.0,120000.0,95 000 [71 000 - 120 000],Incidence Count,N/A
HIV_0000000001,Estimated number of people (all ages) living with HIV,MLI,Mali,2013,,96000.0,,72000.0,120000.0,96 000 [72 000 - 120 000],Incidence Count,N/A
HIV_0000000001,Estimated number of people (all ages) living with HIV,MLI,Mali,2012,,98000.0,,73000.0,130000.0,98 000 [73 000 - 130 000],Incidence Count,N/A
HIV_0000000001,Estimated number of people (all ages) living with HIV,MLI,Mali,2011,,100000.0,,75000.0,130000.0,100 000 [75 000 - 130 000],Incidence Count,N/A
HIV_0000000001,Estimated number of people (all ages) living with HIV,MLI,Mali,2010,,100000.0,,76000.0,130000.0,100 000 [76 000 - 130 000],Incidence Count,N/A
HIV_0000000001,Estimated number of people (all ages) living with HIV,MLI,Mali,2009,,100000.0,,76000.0,130000.0,100 000 [76 000 - 130 000],Incidence Count,N/A
HIV_0000000001,Estimated number of people (all ages) living with HIV,MLI,Mali,2008,,100000.0,,76000.0,130000.0,100 000 [76 000 - 130 000],Incidence Count,N/A
HIV_0000000001,Estimated number of people (all ages) living with HIV,MLI,Mali,2007,,100000.0,,77000.0,140000.0,100 000 [77 000 - 140 000],Incidence Count,N/A
HIV_0000000001,Estimated number of people (all ages) living with HIV,MLI,Mali,2006,,100000.0,,77000.0,140000.0,100 000 [77 000 - 140 000],Incidence Count,N/A
HIV_0000000001,Estimated number of people (all ages) living with HIV,MLI,Mali,2005,,110000.0,,78000.0,140000.0,110 000 [78 000 - 140 000],Incidence Count,N/A
HIV_0000000001,Estimated number of people (all ages) living with HIV,MLI,Mali,2004,,110000.0,,80000.0,150000.0,110 000 [80 000 - 150 000],Incidence Count,N/A
HIV_0000000001,Estimated number of people (all ages) living with HIV,MLI,Mali,2003,,110000.0,,81000.0,160000.0,110 000 [81 000 - 160 000],Incidence Count,N/A
HIV_0000000001,Estimated number of people (all ages) living with HIV,MLI,Mali,2002,,110000.0,,82000.0,160000.0,110 000 [82 000 - 160 000],Incidence Count,N/A
HIV_0000000001,Estimated number of people (all ages) living with HIV,MLI,Mali,2001,,110000.0,,83000.0,160000.0,110 000 [83 000 - 160 000],Incidence Count,N/A
HIV_0000000001,Estimated number of people (all ages) living with HIV,MLI,Mali,2000,,110000.0,,84000.0,160000.0,110 000 [84 000 - 160 000],Incidence Count,N/A
HIV_0000000001,Estimated number of people (all ages) living with HIV,MOZ,Mozambique,2025,,2500000.0,,2300000.0,2700000.0,2 500 000 [2 300 000 - 2 700 000],Incidence Count,N/A
HIV_0000000001,Estimated number of people (all ages) living with HIV,MOZ,Mozambique,2024,,2500000.0,,2300000.0,2700000.0,2 500 000 [2 300 000 - 2 700 000],Incidence Count,N/A
HIV_0000000001,Estimated number of people (all ages) living with HIV,MOZ,Mozambique,2023,,2400000.0,,2200000.0,2600000.0,2 400 000 [2 200 000 - 2 600 000],Incidence Count,N/A
HIV_0000000001,Estimated number of people (all ages) living with HIV,MOZ,Mozambique,2022,,2400000.0,,2200000.0,2600000.0,2 400 000 [2 200 000 - 2 600 000],Incidence Count,N/A
HIV_0000000001,Estimated number of people (all ages) living with HIV,MOZ,Mozambique,2021,,2400000.0,,2200000.0,2500000.0,2 400 000 [2 200 000 - 2 500 000],Incidence Count,N/A
HIV_0000000001,Estimated number of people (all ages) living with HIV,MOZ,Mozambique,2020,,2300000.0,,2200000.0,2500000.0,2 300 000 [2 200 000 - 2 500 000],Incidence Count,N/A
HIV_0000000001,Estimated number of people (all ages) living with HIV,MOZ,Mozambique,2019,,2200000.0,,2100000.0,2400000.0,2 200 000 [2 100 000 - 2 400 000],Incidence Count,N/A
HIV_0000000001,Estimated number of people (all ages) living with HIV,MOZ,Mozambique,2018,,2200000.0,,2100000.0,2300000.0,2 200 000 [2 100 000 - 2 300 000],Incidence Count,N/A
HIV_0000000001,Estimated number of people (all ages) living with HIV,MOZ,Mozambique,2017,,2100000.0,,2000000.0,2300000.0,2 100 000 [2 000 000 - 2 300 000],Incidence Count,N/A
HIV_0000000001,Estimated number of people (all ages) living with HIV,MOZ,Mozambique,2016,,2000000.0,,1900000.0,2200000.0,2 000 000 [1 900 000 - 2 200 000],Incidence Count,N/A
HIV_0000000001,Estimated number of people (all ages) living with HIV,MOZ,Mozambique,2015,,2000000.0,,1900000.0,2100000.0,2 000 000 [1 900 000 - 2 100 000],Incidence Count,N/A
HIV_0000000001,Estimated number of people (all ages) living with HIV,MOZ,Mozambique,2014,,1900000.0,,1800000.0,2000000.0,1 900 000 [1 800 000 - 2 000 000],Incidence Count,N/A
HIV_0000000001,Estimated number of people (all ages) living with HIV,MOZ,Mozambique,2013,,1800000.0,,1700000.0,1900000.0,1 800 000 [1 700 000 - 1 900 000],Incidence Count,N/A
HIV_0000000001,Estimated number of people (all ages) living with HIV,MOZ,Mozambique,2012,,1700000.0,,1600000.0,1800000.0,1 700 000 [1 600 000 - 1 800 000],Incidence Count,N/A
HIV_0000000001,Estimated number of people (all ages) living with HIV,MOZ,Mozambique,2011,,1700000.0,,1600000.0,1800000.0,1 700 000 [1 600 000 - 1 800 000],Incidence Count,N/A
HIV_0000000001,Estimated number of people (all ages) living with HIV,MOZ,Mozambique,2010,,1600000.0,,1500000.0,1700000.0,1 600 000 [1 500 000 - 1 700 000],Incidence Count,N/A
HIV_0000000001,Estimated number of people (all ages) living with HIV,MOZ,Mozambique,2009,,1500000.0,,1400000.0,1600000.0,1 500 000 [1 400 000 - 1 600 000],Incidence Count,N/A
HIV_0000000001,Estimated number of people (all ages) living with HIV,MOZ,Mozambique,2008,,1400000.0,,1300000.0,1500000.0,1 400 000 [1 300 000 - 1 500 000],Incidence Count,N/A
HIV_0000000001,Estimated number of people (all ages) living with HIV,MOZ,Mozambique,2007,,1400000.0,,1300000.0,1500000.0,1 400 000 [1 300 000 - 1 500 000],Incidence Count,N/A
HIV_0000000001,Estimated number of people (all ages) living with HIV,MOZ,Mozambique,2006,,1300000.0,,1200000.0,1400000.0,1 300 000 [1 200 000 - 1 400 000],Incidence Count,N/A
HIV_0000000001,Estimated number of people (all ages) living with HIV,MOZ,Mozambique,2005,,1300000.0,,1200000.0,1400000.0,1 300 000 [1 200 000 - 1 400 000],Incidence Count,N/A
HIV_0000000001,Estimated number of people (all ages) living with HIV,MOZ,Mozambique,2004,,1200000.0,,1100000.0,1300000.0,1 200 000 [1 100 000 - 1 300 000],Incidence Count,N/A
HIV_0000000001,Estimated number of people (all ages) living with HIV,MOZ,Mozambique,2003,,1100000.0,,1000000.0,1200000.0,1 100 000 [1 000 000 - 1 200 000],Incidence Count,N/A
HIV_0000000001,Estimated number of people (all ages) living with HIV,MOZ,Mozambique,2002,,1100000.0,,960000.0,1200000.0,1 100 000 [960 000 - 1 200 000],Incidence Count,N/A
HIV_0000000001,Estimated number of people (all ages) living with HIV,MOZ,Mozambique,2001,,970000.0,,880000.0,1100000.0,970 000 [880 000 - 1 100 000],Incidence Count,N/A
HIV_0000000001,Estimated number of people (all ages) living with HIV,MOZ,Mozambique,2000,,890000.0,,800000.0,1000000.0,890 000 [800 000 - 1 000 000],Incidence Count,N/A
HIV_0000000001,Estimated number of people (all ages) living with HIV,MRT,Mauritania,2025,,5800.0,,4900.0,7100.0,5800 [4900 - 7100],Incidence Count,N/A
HIV_0000000001,Estimated number of people (all ages) living with HIV,MRT,Mauritania,2024,,5800.0,,4900.0,7100.0,5800 [4900 - 7100],Incidence Count,N/A
HIV_0000000001,Estimated number of people (all ages) living with HIV,MRT,Mauritania,2023,,5800.0,,4900.0,7000.0,5800 [4900 - 7000],Incidence Count,N/A
HIV_0000000001,Estimated number of people (all ages) living with HIV,MRT,Mauritania,2022,,5700.0,,4900.0,6900.0,5700 [4900 - 6900],Incidence Count,N/A
HIV_0000000001,Estimated number of people (all ages) living with HIV,MRT,Mauritania,2021,,5700.0,,4800.0,6800.0,5700 [4800 - 6800],Incidence Count,N/A
HIV_0000000001,Estimated number of people (all ages) living with HIV,MRT,Mauritania,2020,,5700.0,,4800.0,6800.0,5700 [4800 - 6800],Incidence Count,N/A
HIV_0000000001,Estimated number of people (all ages) living with HIV,MRT,Mauritania,2019,,5700.0,,4900.0,7000.0,5700 [4900 - 7000],Incidence Count,N/A
HIV_0000000001,Estimated number of people (all ages) living with HIV,MRT,Mauritania,2018,,5700.0,,4900.0,7100.0,5700 [4900 - 7100],Incidence Count,N/A
HIV_0000000001,Estimated number of people (all ages) living with HIV,MRT,Mauritania,2017,,5800.0,,4900.0,7300.0,5800 [4900 - 7300],Incidence Count,N/A
HIV_0000000001,Estimated number of people (all ages) living with HIV,MRT,Mauritania,2016,,5800.0,,4900.0,7300.0,5800 [4900 - 7300],Incidence Count,N/A
HIV_0000000001,Estimated number of people (all ages) living with HIV,MRT,Mauritania,2015,,5800.0,,4900.0,7400.0,5800 [4900 - 7400],Incidence Count,N/A
HIV_0000000001,Estimated number of people (all ages) living with HIV,MRT,Mauritania,2014,,5900.0,,4900.0,7500.0,5900 [4900 - 7500],Incidence Count,N/A
HIV_0000000001,Estimated number of people (all ages) living with HIV,MRT,Mauritania,2013,,6000.0,,5000.0,7800.0,6000 [5000 - 7800],Incidence Count,N/A
HIV_0000000001,Estimated number of people (all ages) living with HIV,MRT,Mauritania,2012,,6000.0,,5000.0,7900.0,6000 [5000 - 7900],Incidence Count,N/A
HIV_0000000001,Estimated number of people (all ages) living with HIV,MRT,Mauritania,2011,,6000.0,,5000.0,8100.0,6000 [5000 - 8100],Incidence Count,N/A
HIV_0000000001,Estimated number of people (all ages) living with HIV,MRT,Mauritania,2010,,6100.0,,4900.0,8100.0,6100 [4900 - 8100],Incidence Count,N/A
HIV_0000000001,Estimated number of people (all ages) living with HIV,MRT,Mauritania,2009,,6000.0,,4900.0,8200.0,6000 [4900 - 8200],Incidence Count,N/A
HIV_0000000001,Estimated number of people (all ages) living with HIV,MRT,Mauritania,2008,,6000.0,,4800.0,8200.0,6000 [4800 - 8200],Incidence Count,N/A
HIV_0000000001,Estimated number of people (all ages) living with HIV,MRT,Mauritania,2007,,5900.0,,4600.0,8200.0,5900 [4600 - 8200],Incidence Count,N/A
HIV_0000000001,Estimated number of people (all ages) living with HIV,MRT,Mauritania,2006,,5700.0,,4500.0,8200.0,5700 [4500 - 8200],Incidence Count,N/A
HIV_0000000001,Estimated number of people (all ages) living with HIV,MRT,Mauritania,2005,,5600.0,,4200.0,8100.0,5600 [4200 - 8100],Incidence Count,N/A
HIV_0000000001,Estimated number of people (all ages) living with HIV,MRT,Mauritania,2004,,5400.0,,4000.0,8000.0,5400 [4000 - 8000],Incidence Count,N/A
HIV_0000000001,Estimated number of people (all ages) living with HIV,MRT,Mauritania,2003,,5200.0,,3800.0,7800.0,5200 [3800 - 7800],Incidence Count,N/A
HIV_0000000001,Estimated number of people (all ages) living with HIV,MRT,Mauritania,2002,,5000.0,,3500.0,7500.0,5000 [3500 - 7500],Incidence Count,N/A
HIV_0000000001,Estimated number of people (all ages) living with HIV,MRT,Mauritania,2001,,4700.0,,3300.0,7300.0,4700 [3300 - 7300],Incidence Count,N/A
HIV_0000000001,Estimated number of people (all ages) living with HIV,MRT,Mauritania,2000,,4400.0,,3000.0,6900.0,4400 [3000 - 6900],Incidence Count,N/A
HIV_0000000001,Estimated number of people (all ages) living with HIV,MUS,Mauritius,2025,,10000.0,,8900.0,12000.0,10 000 [8900 - 12 000],Incidence Count,N/A
HIV_0000000001,Estimated number of people (all ages) living with HIV,MUS,Mauritius,2024,,10000.0,,8900.0,12000.0,10 000 [8900 - 12 000],Incidence Count,N/A
HIV_0000000001,Estimated number of people (all ages) living with HIV,MUS,Mauritius,2023,,10000.0,,9000.0,12000.0,10 000 [9000 - 12 000],Incidence Count,N/A
HIV_0000000001,Estimated number of people (all ages) living with HIV,MUS,Mauritius,2022,,10000.0,,9100.0,12000.0,10 000 [9100 - 12 000],Incidence Count,N/A
HIV_0000000001,Estimated number of people (all ages) living with HIV,MUS,Mauritius,2021,,10000.0,,9300.0,12000.0,10 000 [9300 - 12 000],Incidence Count,N/A
HIV_0000000001,Estimated number of people (all ages) living with HIV,MUS,Mauritius,2020,,11000.0,,9300.0,12000.0,11 000 [9300 - 12 000],Incidence Count,N/A
HIV_0000000001,Estimated number of people (all ages) living with HIV,MUS,Mauritius,2019,,11000.0,,9400.0,12000.0,11 000 [9400 - 12 000],Incidence Count,N/A
HIV_0000000001,Estimated number of people (all ages) living with HIV,MUS,Mauritius,2018,,11000.0,,9400.0,12000.0,11 000 [9400 - 12 000],Incidence Count,N/A
HIV_0000000001,Estimated number of people (all ages) living with HIV,MUS,Mauritius,2017,,11000.0,,9500.0,12000.0,11 000 [9500 - 12 000],Incidence Count,N/A
HIV_0000000001,Estimated number of people (all ages) living with HIV,MUS,Mauritius,2016,,10000.0,,9300.0,12000.0,10 000 [9300 - 12 000],Incidence Count,N/A
HIV_0000000001,Estimated number of people (all ages) living with HIV,MUS,Mauritius,2015,,10000.0,,9200.0,12000.0,10 000 [9200 - 12 000],Incidence Count,N/A
HIV_0000000001,Estimated number of people (all ages) living with HIV,MUS,Mauritius,2014,,10000.0,,9000.0,12000.0,10 000 [9000 - 12 000],Incidence Count,N/A
HIV_0000000001,Estimated number of people (all ages) living with HIV,MUS,Mauritius,2013,,9900.0,,8900.0,11000.0,9900 [8900 - 11 000],Incidence Count,N/A
HIV_0000000001,Estimated number of people (all ages) living with HIV,MUS,Mauritius,2012,,9700.0,,8600.0,11000.0,9700 [8600 - 11 000],Incidence Count,N/A
HIV_0000000001,Estimated number of people (all ages) living with HIV,MUS,Mauritius,2011,,9300.0,,8200.0,11000.0,9300 [8200 - 11 000],Incidence Count,N/A
HIV_0000000001,Estimated number of people (all ages) living with HIV,MUS,Mauritius,2010,,8900.0,,7800.0,10000.0,8900 [7800 - 10 000],Incidence Count,N/A
HIV_0000000001,Estimated number of people (all ages) living with HIV,MUS,Mauritius,2009,,8500.0,,7400.0,9500.0,8500 [7400 - 9500],Incidence Count,N/A
HIV_0000000001,Estimated number of people (all ages) living with HIV,MUS,Mauritius,2008,,8000.0,,6900.0,9000.0,8000 [6900 - 9000],Incidence Count,N/A
HIV_0000000001,Estimated number of people (all ages) living with HIV,MUS,Mauritius,2007,,7500.0,,6300.0,8500.0,7500 [6300 - 8500],Incidence Count,N/A
HIV_0000000001,Estimated number of people (all ages) living with HIV,MUS,Mauritius,2006,,6800.0,,5500.0,7900.0,6800 [5500 - 7900],Incidence Count,N/A
HIV_0000000001,Estimated number of people (all ages) living with HIV,MUS,Mauritius,2005,,6200.0,,4700.0,7400.0,6200 [4700 - 7400],Incidence Count,N/A
HIV_0000000001,Estimated number of people (all ages) living with HIV,MUS,Mauritius,2004,,5400.0,,3800.0,6900.0,5400 [3800 - 6900],Incidence Count,N/A
HIV_0000000001,Estimated number of people (all ages) living with HIV,MUS,Mauritius,2003,,4600.0,,3000.0,6300.0,4600 [3000 - 6300],Incidence Count,N/A
HIV_0000000001,Estimated number of people (all ages) living with HIV,MUS,Mauritius,2002,,3800.0,,2300.0,5700.0,3800 [2300 - 5700],Incidence Count,N/A
HIV_0000000001,Estimated number of people (all ages) living with HIV,MUS,Mauritius,2001,,2900.0,,1600.0,4800.0,2900 [1600 - 4800],Incidence Count,N/A
HIV_0000000001,Estimated number of people (all ages) living with HIV,MUS,Mauritius,2000,,2100.0,,1100.0,3800.0,2100 [1100 - 3800],Incidence Count,N/A
HIV_0000000001,Estimated number of people (all ages) living with HIV,MWI,Malawi,2025,,1000000.0,,950000.0,1100000.0,1 000 000 [950 000 - 1 100 000],Incidence Count,N/A
HIV_0000000001,Estimated number of people (all ages) living with HIV,MWI,Malawi,2024,,1000000.0,,960000.0,1100000.0,1 000 000 [960 000 - 1 100 000],Incidence Count,N/A
HIV_0000000001,Estimated number of people (all ages) living with HIV,MWI,Malawi,2023,,1000000.0,,960000.0,1100000.0,1 000 000 [960 000 - 1 100 000],Incidence Count,N/A
HIV_0000000001,Estimated number of people (all ages) living with HIV,MWI,Malawi,2022,,1000000.0,,970000.0,1100000.0,1 000 000 [970 000 - 1 100 000],Incidence Count,N/A
HIV_0000000001,Estimated number of people (all ages) living with HIV,MWI,Malawi,2021,,1000000.0,,970000.0,1100000.0,1 000 000 [970 000 - 1 100 000],Incidence Count,N/A
HIV_0000000001,Estimated number of people (all ages) living with HIV,MWI,Malawi,2020,,1000000.0,,980000.0,1100000.0,1 000 000 [980 000 - 1 100 000],Incidence Count,N/A
HIV_0000000001,Estimated number of people (all ages) living with HIV,MWI,Malawi,2019,,1000000.0,,980000.0,1100000.0,1 000 000 [980 000 - 1 100 000],Incidence Count,N/A
HIV_0000000001,Estimated number of people (all ages) living with HIV,MWI,Malawi,2018,,1000000.0,,980000.0,1100000.0,1 000 000 [980 000 - 1 100 000],Incidence Count,N/A
HIV_0000000001,Estimated number of people (all ages) living with HIV,MWI,Malawi,2017,,1000000.0,,980000.0,1100000.0,1 000 000 [980 000 - 1 100 000],Incidence Count,N/A
HIV_0000000001,Estimated number of people (all ages) living with HIV,MWI,Malawi,2016,,1000000.0,,970000.0,1100000.0,1 000 000 [970 000 - 1 100 000],Incidence Count,N/A
HIV_0000000001,Estimated number of people (all ages) living with HIV,MWI,Malawi,2015,,1000000.0,,960000.0,1100000.0,1 000 000 [960 000 - 1 100 000],Incidence Count,N/A
HIV_0000000001,Estimated number of people (all ages) living with HIV,MWI,Malawi,2014,,990000.0,,940000.0,1000000.0,990 000 [940 000 - 1 000 000],Incidence Count,N/A
HIV_0000000001,Estimated number of people (all ages) living with HIV,MWI,Malawi,2013,,970000.0,,930000.0,1000000.0,970 000 [930 000 - 1 000 000],Incidence Count,N/A
HIV_0000000001,Estimated number of people (all ages) living with HIV,MWI,Malawi,2012,,950000.0,,910000.0,1000000.0,950 000 [910 000 - 1 000 000],Incidence Count,N/A
HIV_0000000001,Estimated number of people (all ages) living with HIV,MWI,Malawi,2011,,930000.0,,890000.0,980000.0,930 000 [890 000 - 980 000],Incidence Count,N/A
HIV_0000000001,Estimated number of people (all ages) living with HIV,MWI,Malawi,2010,,910000.0,,870000.0,960000.0,910 000 [870 000 - 960 000],Incidence Count,N/A
HIV_0000000001,Estimated number of people (all ages) living with HIV,MWI,Malawi,2009,,890000.0,,850000.0,940000.0,890 000 [850 000 - 940 000],Incidence Count,N/A
HIV_0000000001,Estimated number of people (all ages) living with HIV,MWI,Malawi,2008,,870000.0,,830000.0,920000.0,870 000 [830 000 - 920 000],Incidence Count,N/A
HIV_0000000001,Estimated number of people (all ages) living with HIV,MWI,Malawi,2007,,860000.0,,820000.0,910000.0,860 000 [820 000 - 910 000],Incidence Count,N/A
HIV_0000000001,Estimated number of people (all ages) living with HIV,MWI,Malawi,2006,,860000.0,,810000.0,910000.0,860 000 [810 000 - 910 000],Incidence Count,N/A
HIV_0000000001,Estimated number of people (all ages) living with HIV,MWI,Malawi,2005,,860000.0,,820000.0,920000.0,860 000 [820 000 - 920 000],Incidence Count,N/A
HIV_0000000001,Estimated number of people (all ages) living with HIV,MWI,Malawi,2004,,880000.0,,830000.0,930000.0,880 000 [830 000 - 930 000],Incidence Count,N/A
HIV_0000000001,Estimated number of people (all ages) living with HIV,MWI,Malawi,2003,,890000.0,,830000.0,950000.0,890 000 [830 000 - 950 000],Incidence Count,N/A
HIV_0000000001,Estimated number of people (all ages) living with HIV,MWI,Malawi,2002,,900000.0,,850000.0,960000.0,900 000 [850 000 - 960 000],Incidence Count,N/A
HIV_0000000001,Estimated number of people (all ages) living with HIV,MWI,Malawi,2001,,900000.0,,850000.0,980000.0,900 000 [850 000 - 980 000],Incidence Count,N/A
HIV_0000000001,Estimated number of people (all ages) living with HIV,MWI,Malawi,2000,,910000.0,,850000.0,980000.0,910 000 [850 000 - 980 000],Incidence Count,N/A
HIV_0000000001,Estimated number of people (all ages) living with HIV,NAM,Namibia,2025,,220000.0,,200000.0,250000.0,220 000 [200 000 - 250 000],Incidence Count,N/A
HIV_0000000001,Estimated number of people (all ages) living with HIV,NAM,Namibia,2024,,220000.0,,200000.0,250000.0,220 000 [200 000 - 250 000],Incidence Count,N/A
HIV_0000000001,Estimated number of people (all ages) living with HIV,NAM,Namibia,2023,,220000.0,,200000.0,250000.0,220 000 [200 000 - 250 000],Incidence Count,N/A
HIV_0000000001,Estimated number of people (all ages) living with HIV,NAM,Namibia,2022,,220000.0,,200000.0,250000.0,220 000 [200 000 - 250 000],Incidence Count,N/A
HIV_0000000001,Estimated number of people (all ages) living with HIV,NAM,Namibia,2021,,220000.0,,200000.0,250000.0,220 000 [200 000 - 250 000],Incidence Count,N/A
HIV_0000000001,Estimated number of people (all ages) living with HIV,NAM,Namibia,2020,,220000.0,,200000.0,240000.0,220 000 [200 000 - 240 000],Incidence Count,N/A
HIV_0000000001,Estimated number of people (all ages) living with HIV,NAM,Namibia,2019,,220000.0,,200000.0,240000.0,220 000 [200 000 - 240 000],Incidence Count,N/A
HIV_0000000001,Estimated number of people (all ages) living with HIV,NAM,Namibia,2018,,220000.0,,200000.0,240000.0,220 000 [200 000 - 240 000],Incidence Count,N/A
HIV_0000000001,Estimated number of people (all ages) living with HIV,NAM,Namibia,2017,,220000.0,,200000.0,240000.0,220 000 [200 000 - 240 000],Incidence Count,N/A
HIV_0000000001,Estimated number of people (all ages) living with HIV,NAM,Namibia,2016,,220000.0,,200000.0,240000.0,220 000 [200 000 - 240 000],Incidence Count,N/A
HIV_0000000001,Estimated number of people (all ages) living with HIV,NAM,Namibia,2015,,210000.0,,200000.0,230000.0,210 000 [200 000 - 230 000],Incidence Count,N/A
HIV_0000000001,Estimated number of people (all ages) living with HIV,NAM,Namibia,2014,,210000.0,,200000.0,230000.0,210 000 [200 000 - 230 000],Incidence Count,N/A
HIV_0000000001,Estimated number of people (all ages) living with HIV,NAM,Namibia,2013,,210000.0,,190000.0,230000.0,210 000 [190 000 - 230 000],Incidence Count,N/A
HIV_0000000001,Estimated number of people (all ages) living with HIV,NAM,Namibia,2012,,200000.0,,190000.0,220000.0,200 000 [190 000 - 220 000],Incidence Count,N/A
HIV_0000000001,Estimated number of people (all ages) living with HIV,NAM,Namibia,2011,,200000.0,,180000.0,210000.0,200 000 [180 000 - 210 000],Incidence Count,N/A
HIV_0000000001,Estimated number of people (all ages) living with HIV,NAM,Namibia,2010,,190000.0,,180000.0,210000.0,190 000 [180 000 - 210 000],Incidence Count,N/A
HIV_0000000001,Estimated number of people (all ages) living with HIV,NAM,Namibia,2009,,190000.0,,180000.0,200000.0,190 000 [180 000 - 200 000],Incidence Count,N/A
HIV_0000000001,Estimated number of people (all ages) living with HIV,NAM,Namibia,2008,,180000.0,,170000.0,200000.0,180 000 [170 000 - 200 000],Incidence Count,N/A
HIV_0000000001,Estimated number of people (all ages) living with HIV,NAM,Namibia,2007,,180000.0,,170000.0,190000.0,180 000 [170 000 - 190 000],Incidence Count,N/A
HIV_0000000001,Estimated number of people (all ages) living with HIV,NAM,Namibia,2006,,170000.0,,160000.0,190000.0,170 000 [160 000 - 190 000],Incidence Count,N/A
HIV_0000000001,Estimated number of people (all ages) living with HIV,NAM,Namibia,2005,,170000.0,,160000.0,180000.0,170 000 [160 000 - 180 000],Incidence Count,N/A
HIV_0000000001,Estimated number of people (all ages) living with HIV,NAM,Namibia,2004,,170000.0,,160000.0,180000.0,170 000 [160 000 - 180 000],Incidence Count,N/A
HIV_0000000001,Estimated number of people (all ages) living with HIV,NAM,Namibia,2003,,170000.0,,160000.0,180000.0,170 000 [160 000 - 180 000],Incidence Count,N/A
HIV_0000000001,Estimated number of people (all ages) living with HIV,NAM,Namibia,2002,,160000.0,,150000.0,180000.0,160 000 [150 000 - 180 000],Incidence Count,N/A
HIV_0000000001,Estimated number of people (all ages) living with HIV,NAM,Namibia,2001,,160000.0,,150000.0,170000.0,160 000 [150 000 - 170 000],Incidence Count,N/A
HIV_0000000001,Estimated number of people (all ages) living with HIV,NAM,Namibia,2000,,150000.0,,140000.0,160000.0,150 000 [140 000 - 160 000],Incidence Count,N/A
HIV_0000000001,Estimated number of people (all ages) living with HIV,NER,Niger,2025,,32000.0,,29000.0,36000.0,32 000 [29 000 - 36 000],Incidence Count,N/A
HIV_0000000001,Estimated number of people (all ages) living with HIV,NER,Niger,2024,,31000.0,,28000.0,35000.0,31 000 [28 000 - 35 000],Incidence Count,N/A
HIV_0000000001,Estimated number of people (all ages) living with HIV,NER,Niger,2023,,31000.0,,28000.0,35000.0,31 000 [28 000 - 35 000],Incidence Count,N/A
HIV_0000000001,Estimated number of people (all ages) living with HIV,NER,Niger,2022,,31000.0,,28000.0,34000.0,31 000 [28 000 - 34 000],Incidence Count,N/A
HIV_0000000001,Estimated number of people (all ages) living with HIV,NER,Niger,2021,,31000.0,,28000.0,34000.0,31 000 [28 000 - 34 000],Incidence Count,N/A
HIV_0000000001,Estimated number of people (all ages) living with HIV,NER,Niger,2020,,30000.0,,28000.0,33000.0,30 000 [28 000 - 33 000],Incidence Count,N/A
HIV_0000000001,Estimated number of people (all ages) living with HIV,NER,Niger,2019,,30000.0,,28000.0,33000.0,30 000 [28 000 - 33 000],Incidence Count,N/A
HIV_0000000001,Estimated number of people (all ages) living with HIV,NER,Niger,2018,,30000.0,,28000.0,33000.0,30 000 [28 000 - 33 000],Incidence Count,N/A
HIV_0000000001,Estimated number of people (all ages) living with HIV,NER,Niger,2017,,30000.0,,28000.0,33000.0,30 000 [28 000 - 33 000],Incidence Count,N/A
HIV_0000000001,Estimated number of people (all ages) living with HIV,NER,Niger,2016,,31000.0,,28000.0,34000.0,31 000 [28 000 - 34 000],Incidence Count,N/A
HIV_0000000001,Estimated number of people (all ages) living with HIV,NER,Niger,2015,,31000.0,,29000.0,35000.0,31 000 [29 000 - 35 000],Incidence Count,N/A
HIV_0000000001,Estimated number of people (all ages) living with HIV,NER,Niger,2014,,32000.0,,30000.0,36000.0,32 000 [30 000 - 36 000],Incidence Count,N/A
HIV_0000000001,Estimated number of people (all ages) living with HIV,NER,Niger,2013,,33000.0,,30000.0,38000.0,33 000 [30 000 - 38 000],Incidence Count,N/A
HIV_0000000001,Estimated number of people (all ages) living with HIV,NER,Niger,2012,,35000.0,,31000.0,39000.0,35 000 [31 000 - 39 000],Incidence Count,N/A
HIV_0000000001,Estimated number of people (all ages) living with HIV,NER,Niger,2011,,36000.0,,32000.0,41000.0,36 000 [32 000 - 41 000],Incidence Count,N/A
HIV_0000000001,Estimated number of people (all ages) living with HIV,NER,Niger,2010,,38000.0,,34000.0,42000.0,38 000 [34 000 - 42 000],Incidence Count,N/A
HIV_0000000001,Estimated number of people (all ages) living with HIV,NER,Niger,2009,,40000.0,,36000.0,45000.0,40 000 [36 000 - 45 000],Incidence Count,N/A
HIV_0000000001,Estimated number of people (all ages) living with HIV,NER,Niger,2008,,42000.0,,38000.0,47000.0,42 000 [38 000 - 47 000],Incidence Count,N/A
HIV_0000000001,Estimated number of people (all ages) living with HIV,NER,Niger,2007,,44000.0,,40000.0,50000.0,44 000 [40 000 - 50 000],Incidence Count,N/A
HIV_0000000001,Estimated number of people (all ages) living with HIV,NER,Niger,2006,,46000.0,,41000.0,52000.0,46 000 [41 000 - 52 000],Incidence Count,N/A
HIV_0000000001,Estimated number of people (all ages) living with HIV,NER,Niger,2005,,48000.0,,43000.0,54000.0,48 000 [43 000 - 54 000],Incidence Count,N/A
HIV_0000000001,Estimated number of people (all ages) living with HIV,NER,Niger,2004,,50000.0,,44000.0,56000.0,50 000 [44 000 - 56 000],Incidence Count,N/A
HIV_0000000001,Estimated number of people (all ages) living with HIV,NER,Niger,2003,,51000.0,,45000.0,58000.0,51 000 [45 000 - 58 000],Incidence Count,N/A
HIV_0000000001,Estimated number of people (all ages) living with HIV,NER,Niger,2002,,51000.0,,46000.0,59000.0,51 000 [46 000 - 59 000],Incidence Count,N/A
HIV_0000000001,Estimated number of people (all ages) living with HIV,NER,Niger,2001,,51000.0,,46000.0,59000.0,51 000 [46 000 - 59 000],Incidence Count,N/A
HIV_0000000001,Estimated number of people (all ages) living with HIV,NER,Niger,2000,,50000.0,,44000.0,58000.0,50 000 [44 000 - 58 000],Incidence Count,N/A
HIV_0000000001,Estimated number of people (all ages) living with HIV,NGA,Nigeria,2025,,2000000.0,,1800000.0,2300000.0,2 000 000 [1 800 000 - 2 300 000],Incidence Count,N/A
HIV_0000000001,Estimated number of people (all ages) living with HIV,NGA,Nigeria,2024,,2000000.0,,1800000.0,2200000.0,2 000 000 [1 800 000 - 2 200 000],Incidence Count,N/A
HIV_0000000001,Estimated number of people (all ages) living with HIV,NGA,Nigeria,2023,,2000000.0,,1900000.0,2200000.0,2 000 000 [1 900 000 - 2 200 000],Incidence Count,N/A
HIV_0000000001,Estimated number of people (all ages) living with HIV,NGA,Nigeria,2022,,2000000.0,,1800000.0,2200000.0,2 000 000 [1 800 000 - 2 200 000],Incidence Count,N/A
HIV_0000000001,Estimated number of people (all ages) living with HIV,NGA,Nigeria,2021,,2000000.0,,1800000.0,2200000.0,2 000 000 [1 800 000 - 2 200 000],Incidence Count,N/A
HIV_0000000001,Estimated number of people (all ages) living with HIV,NGA,Nigeria,2020,,2000000.0,,1800000.0,2200000.0,2 000 000 [1 800 000 - 2 200 000],Incidence Count,N/A
HIV_0000000001,Estimated number of people (all ages) living with HIV,NGA,Nigeria,2019,,1900000.0,,1800000.0,2200000.0,1 900 000 [1 800 000 - 2 200 000],Incidence Count,N/A
HIV_0000000001,Estimated number of people (all ages) living with HIV,NGA,Nigeria,2018,,1900000.0,,1800000.0,2100000.0,1 900 000 [1 800 000 - 2 100 000],Incidence Count,N/A
HIV_0000000001,Estimated number of people (all ages) living with HIV,NGA,Nigeria,2017,,1900000.0,,1800000.0,2100000.0,1 900 000 [1 800 000 - 2 100 000],Incidence Count,N/A
HIV_0000000001,Estimated number of people (all ages) living with HIV,NGA,Nigeria,2016,,1900000.0,,1800000.0,2100000.0,1 900 000 [1 800 000 - 2 100 000],Incidence Count,N/A
HIV_0000000001,Estimated number of people (all ages) living with HIV,NGA,Nigeria,2015,,1900000.0,,1800000.0,2100000.0,1 900 000 [1 800 000 - 2 100 000],Incidence Count,N/A
HIV_0000000001,Estimated number of people (all ages) living with HIV,NGA,Nigeria,2014,,1900000.0,,1800000.0,2100000.0,1 900 000 [1 800 000 - 2 100 000],Incidence Count,N/A
HIV_0000000001,Estimated number of people (all ages) living with HIV,NGA,Nigeria,2013,,1900000.0,,1700000.0,2000000.0,1 900 000 [1 700 000 - 2 000 000],Incidence Count,N/A
HIV_0000000001,Estimated number of people (all ages) living with HIV,NGA,Nigeria,2012,,1800000.0,,1700000.0,2000000.0,1 800 000 [1 700 000 - 2 000 000],Incidence Count,N/A
HIV_0000000001,Estimated number of people (all ages) living with HIV,NGA,Nigeria,2011,,1800000.0,,1700000.0,2000000.0,1 800 000 [1 700 000 - 2 000 000],Incidence Count,N/A
HIV_0000000001,Estimated number of people (all ages) living with HIV,NGA,Nigeria,2010,,1800000.0,,1600000.0,2000000.0,1 800 000 [1 600 000 - 2 000 000],Incidence Count,N/A
HIV_0000000001,Estimated number of people (all ages) living with HIV,NGA,Nigeria,2009,,1700000.0,,1600000.0,1900000.0,1 700 000 [1 600 000 - 1 900 000],Incidence Count,N/A
HIV_0000000001,Estimated number of people (all ages) living with HIV,NGA,Nigeria,2008,,1700000.0,,1600000.0,1900000.0,1 700 000 [1 600 000 - 1 900 000],Incidence Count,N/A
HIV_0000000001,Estimated number of people (all ages) living with HIV,NGA,Nigeria,2007,,1700000.0,,1500000.0,1900000.0,1 700 000 [1 500 000 - 1 900 000],Incidence Count,N/A
HIV_0000000001,Estimated number of people (all ages) living with HIV,NGA,Nigeria,2006,,1600000.0,,1500000.0,1800000.0,1 600 000 [1 500 000 - 1 800 000],Incidence Count,N/A
HIV_0000000001,Estimated number of people (all ages) living with HIV,NGA,Nigeria,2005,,1600000.0,,1500000.0,1800000.0,1 600 000 [1 500 000 - 1 800 000],Incidence Count,N/A
HIV_0000000001,Estimated number of people (all ages) living with HIV,NGA,Nigeria,2004,,1600000.0,,1500000.0,1800000.0,1 600 000 [1 500 000 - 1 800 000],Incidence Count,N/A
HIV_0000000001,Estimated number of people (all ages) living with HIV,NGA,Nigeria,2003,,1600000.0,,1400000.0,1700000.0,1 600 000 [1 400 000 - 1 700 000],Incidence Count,N/A
HIV_0000000001,Estimated number of people (all ages) living with HIV,NGA,Nigeria,2002,,1500000.0,,1400000.0,1700000.0,1 500 000 [1 400 000 - 1 700 000],Incidence Count,N/A
HIV_0000000001,Estimated number of people (all ages) living with HIV,NGA,Nigeria,2001,,1500000.0,,1300000.0,1700000.0,1 500 000 [1 300 000 - 1 700 000],Incidence Count,N/A
HIV_0000000001,Estimated number of people (all ages) living with HIV,NGA,Nigeria,2000,,1400000.0,,1300000.0,1600000.0,1 400 000 [1 300 000 - 1 600 000],Incidence Count,N/A
HIV_0000000001,Estimated number of people (all ages) living with HIV,RWA,Rwanda,2025,,230000.0,,220000.0,270000.0,230 000 [220 000 - 270 000],Incidence Count,N/A
HIV_0000000001,Estimated number of people (all ages) living with HIV,RWA,Rwanda,2024,,240000.0,,220000.0,270000.0,240 000 [220 000 - 270 000],Incidence Count,N/A
HIV_0000000001,Estimated number of people (all ages) living with HIV,RWA,Rwanda,2023,,240000.0,,220000.0,270000.0,240 000 [220 000 - 270 000],Incidence Count,N/A
HIV_0000000001,Estimated number of people (all ages) living with HIV,RWA,Rwanda,2022,,240000.0,,220000.0,280000.0,240 000 [220 000 - 280 000],Incidence Count,N/A
HIV_0000000001,Estimated number of people (all ages) living with HIV,RWA,Rwanda,2021,,240000.0,,230000.0,280000.0,240 000 [230 000 - 280 000],Incidence Count,N/A
HIV_0000000001,Estimated number of people (all ages) living with HIV,RWA,Rwanda,2020,,250000.0,,230000.0,280000.0,250 000 [230 000 - 280 000],Incidence Count,N/A
HIV_0000000001,Estimated number of people (all ages) living with HIV,RWA,Rwanda,2019,,250000.0,,230000.0,280000.0,250 000 [230 000 - 280 000],Incidence Count,N/A
HIV_0000000001,Estimated number of people (all ages) living with HIV,RWA,Rwanda,2018,,250000.0,,230000.0,280000.0,250 000 [230 000 - 280 000],Incidence Count,N/A
HIV_0000000001,Estimated number of people (all ages) living with HIV,RWA,Rwanda,2017,,250000.0,,230000.0,280000.0,250 000 [230 000 - 280 000],Incidence Count,N/A
HIV_0000000001,Estimated number of people (all ages) living with HIV,RWA,Rwanda,2016,,250000.0,,240000.0,280000.0,250 000 [240 000 - 280 000],Incidence Count,N/A
HIV_0000000001,Estimated number of people (all ages) living with HIV,RWA,Rwanda,2015,,250000.0,,240000.0,280000.0,250 000 [240 000 - 280 000],Incidence Count,N/A
HIV_0000000001,Estimated number of people (all ages) living with HIV,RWA,Rwanda,2014,,250000.0,,240000.0,280000.0,250 000 [240 000 - 280 000],Incidence Count,N/A
HIV_0000000001,Estimated number of people (all ages) living with HIV,RWA,Rwanda,2013,,250000.0,,230000.0,280000.0,250 000 [230 000 - 280 000],Incidence Count,N/A
HIV_0000000001,Estimated number of people (all ages) living with HIV,RWA,Rwanda,2012,,250000.0,,230000.0,270000.0,250 000 [230 000 - 270 000],Incidence Count,N/A
HIV_0000000001,Estimated number of people (all ages) living with HIV,RWA,Rwanda,2011,,250000.0,,230000.0,270000.0,250 000 [230 000 - 270 000],Incidence Count,N/A
HIV_0000000001,Estimated number of people (all ages) living with HIV,RWA,Rwanda,2010,,250000.0,,230000.0,270000.0,250 000 [230 000 - 270 000],Incidence Count,N/A
HIV_0000000001,Estimated number of people (all ages) living with HIV,RWA,Rwanda,2009,,240000.0,,230000.0,270000.0,240 000 [230 000 - 270 000],Incidence Count,N/A
HIV_0000000001,Estimated number of people (all ages) living with HIV,RWA,Rwanda,2008,,240000.0,,230000.0,270000.0,240 000 [230 000 - 270 000],Incidence Count,N/A
HIV_0000000001,Estimated number of people (all ages) living with HIV,RWA,Rwanda,2007,,240000.0,,230000.0,260000.0,240 000 [230 000 - 260 000],Incidence Count,N/A
HIV_0000000001,Estimated number of people (all ages) living with HIV,RWA,Rwanda,2006,,240000.0,,230000.0,260000.0,240 000 [230 000 - 260 000],Incidence Count,N/A
HIV_0000000001,Estimated number of people (all ages) living with HIV,RWA,Rwanda,2005,,240000.0,,220000.0,260000.0,240 000 [220 000 - 260 000],Incidence Count,N/A
HIV_0000000001,Estimated number of people (all ages) living with HIV,RWA,Rwanda,2004,,240000.0,,220000.0,260000.0,240 000 [220 000 - 260 000],Incidence Count,N/A
HIV_0000000001,Estimated number of people (all ages) living with HIV,RWA,Rwanda,2003,,240000.0,,220000.0,260000.0,240 000 [220 000 - 260 000],Incidence Count,N/A
HIV_0000000001,Estimated number of people (all ages) living with HIV,RWA,Rwanda,2002,,240000.0,,220000.0,270000.0,240 000 [220 000 - 270 000],Incidence Count,N/A
HIV_0000000001,Estimated number of people (all ages) living with HIV,RWA,Rwanda,2001,,240000.0,,220000.0,270000.0,240 000 [220 000 - 270 000],Incidence Count,N/A
HIV_0000000001,Estimated number of people (all ages) living with HIV,RWA,Rwanda,2000,,240000.0,,220000.0,270000.0,240 000 [220 000 - 270 000],Incidence Count,N/A
HIV_0000000001,Estimated number of people (all ages) living with HIV,SEN,Senegal,2025,,52000.0,,45000.0,58000.0,52 000 [45 000 - 58 000],Incidence Count,N/A
HIV_0000000001,Estimated number of people (all ages) living with HIV,SEN,Senegal,2024,,50000.0,,43000.0,55000.0,50 000 [43 000 - 55 000],Incidence Count,N/A
HIV_0000000001,Estimated number of people (all ages) living with HIV,SEN,Senegal,2023,,47000.0,,41000.0,52000.0,47 000 [41 000 - 52 000],Incidence Count,N/A
HIV_0000000001,Estimated number of people (all ages) living with HIV,SEN,Senegal,2022,,45000.0,,40000.0,50000.0,45 000 [40 000 - 50 000],Incidence Count,N/A
HIV_0000000001,Estimated number of people (all ages) living with HIV,SEN,Senegal,2021,,43000.0,,38000.0,47000.0,43 000 [38 000 - 47 000],Incidence Count,N/A
HIV_0000000001,Estimated number of people (all ages) living with HIV,SEN,Senegal,2020,,41000.0,,37000.0,45000.0,41 000 [37 000 - 45 000],Incidence Count,N/A
HIV_0000000001,Estimated number of people (all ages) living with HIV,SEN,Senegal,2019,,41000.0,,37000.0,45000.0,41 000 [37 000 - 45 000],Incidence Count,N/A
HIV_0000000001,Estimated number of people (all ages) living with HIV,SEN,Senegal,2018,,41000.0,,37000.0,45000.0,41 000 [37 000 - 45 000],Incidence Count,N/A
HIV_0000000001,Estimated number of people (all ages) living with HIV,SEN,Senegal,2017,,41000.0,,37000.0,45000.0,41 000 [37 000 - 45 000],Incidence Count,N/A
HIV_0000000001,Estimated number of people (all ages) living with HIV,SEN,Senegal,2016,,41000.0,,37000.0,45000.0,41 000 [37 000 - 45 000],Incidence Count,N/A
HIV_0000000001,Estimated number of people (all ages) living with HIV,SEN,Senegal,2015,,42000.0,,37000.0,46000.0,42 000 [37 000 - 46 000],Incidence Count,N/A
HIV_0000000001,Estimated number of people (all ages) living with HIV,SEN,Senegal,2014,,43000.0,,38000.0,47000.0,43 000 [38 000 - 47 000],Incidence Count,N/A
HIV_0000000001,Estimated number of people (all ages) living with HIV,SEN,Senegal,2013,,43000.0,,39000.0,48000.0,43 000 [39 000 - 48 000],Incidence Count,N/A
HIV_0000000001,Estimated number of people (all ages) living with HIV,SEN,Senegal,2012,,44000.0,,39000.0,49000.0,44 000 [39 000 - 49 000],Incidence Count,N/A
HIV_0000000001,Estimated number of people (all ages) living with HIV,SEN,Senegal,2011,,45000.0,,40000.0,50000.0,45 000 [40 000 - 50 000],Incidence Count,N/A
HIV_0000000001,Estimated number of people (all ages) living with HIV,SEN,Senegal,2010,,45000.0,,40000.0,51000.0,45 000 [40 000 - 51 000],Incidence Count,N/A
HIV_0000000001,Estimated number of people (all ages) living with HIV,SEN,Senegal,2009,,46000.0,,40000.0,52000.0,46 000 [40 000 - 52 000],Incidence Count,N/A
HIV_0000000001,Estimated number of people (all ages) living with HIV,SEN,Senegal,2008,,46000.0,,40000.0,52000.0,46 000 [40 000 - 52 000],Incidence Count,N/A
HIV_0000000001,Estimated number of people (all ages) living with HIV,SEN,Senegal,2007,,46000.0,,40000.0,53000.0,46 000 [40 000 - 53 000],Incidence Count,N/A
HIV_0000000001,Estimated number of people (all ages) living with HIV,SEN,Senegal,2006,,46000.0,,40000.0,54000.0,46 000 [40 000 - 54 000],Incidence Count,N/A
HIV_0000000001,Estimated number of people (all ages) living with HIV,SEN,Senegal,2005,,47000.0,,41000.0,55000.0,47 000 [41 000 - 55 000],Incidence Count,N/A
HIV_0000000001,Estimated number of people (all ages) living with HIV,SEN,Senegal,2004,,48000.0,,41000.0,55000.0,48 000 [41 000 - 55 000],Incidence Count,N/A
HIV_0000000001,Estimated number of people (all ages) living with HIV,SEN,Senegal,2003,,48000.0,,41000.0,56000.0,48 000 [41 000 - 56 000],Incidence Count,N/A
HIV_0000000001,Estimated number of people (all ages) living with HIV,SEN,Senegal,2002,,47000.0,,41000.0,55000.0,47 000 [41 000 - 55 000],Incidence Count,N/A
HIV_0000000001,Estimated number of people (all ages) living with HIV,SEN,Senegal,2001,,45000.0,,39000.0,53000.0,45 000 [39 000 - 53 000],Incidence Count,N/A
HIV_0000000001,Estimated number of people (all ages) living with HIV,SEN,Senegal,2000,,42000.0,,35000.0,50000.0,42 000 [35 000 - 50 000],Incidence Count,N/A
HIV_0000000001,Estimated number of people (all ages) living with HIV,SLE,Sierra Leone,2025,,92000.0,,75000.0,120000.0,92 000 [75 000 - 120 000],Incidence Count,N/A
HIV_0000000001,Estimated number of people (all ages) living with HIV,SLE,Sierra Leone,2024,,92000.0,,76000.0,120000.0,92 000 [76 000 - 120 000],Incidence Count,N/A
HIV_0000000001,Estimated number of people (all ages) living with HIV,SLE,Sierra Leone,2023,,92000.0,,76000.0,110000.0,92 000 [76 000 - 110 000],Incidence Count,N/A
HIV_0000000001,Estimated number of people (all ages) living with HIV,SLE,Sierra Leone,2022,,91000.0,,76000.0,110000.0,91 000 [76 000 - 110 000],Incidence Count,N/A
HIV_0000000001,Estimated number of people (all ages) living with HIV,SLE,Sierra Leone,2021,,89000.0,,77000.0,110000.0,89 000 [77 000 - 110 000],Incidence Count,N/A
HIV_0000000001,Estimated number of people (all ages) living with HIV,SLE,Sierra Leone,2020,,88000.0,,76000.0,100000.0,88 000 [76 000 - 100 000],Incidence Count,N/A
HIV_0000000001,Estimated number of people (all ages) living with HIV,SLE,Sierra Leone,2019,,86000.0,,75000.0,100000.0,86 000 [75 000 - 100 000],Incidence Count,N/A
HIV_0000000001,Estimated number of people (all ages) living with HIV,SLE,Sierra Leone,2018,,84000.0,,74000.0,97000.0,84 000 [74 000 - 97 000],Incidence Count,N/A
HIV_0000000001,Estimated number of people (all ages) living with HIV,SLE,Sierra Leone,2017,,82000.0,,73000.0,94000.0,82 000 [73 000 - 94 000],Incidence Count,N/A
HIV_0000000001,Estimated number of people (all ages) living with HIV,SLE,Sierra Leone,2016,,79000.0,,71000.0,91000.0,79 000 [71 000 - 91 000],Incidence Count,N/A
HIV_0000000001,Estimated number of people (all ages) living with HIV,SLE,Sierra Leone,2015,,77000.0,,69000.0,88000.0,77 000 [69 000 - 88 000],Incidence Count,N/A
HIV_0000000001,Estimated number of people (all ages) living with HIV,SLE,Sierra Leone,2014,,75000.0,,68000.0,86000.0,75 000 [68 000 - 86 000],Incidence Count,N/A
HIV_0000000001,Estimated number of people (all ages) living with HIV,SLE,Sierra Leone,2013,,73000.0,,65000.0,84000.0,73 000 [65 000 - 84 000],Incidence Count,N/A
HIV_0000000001,Estimated number of people (all ages) living with HIV,SLE,Sierra Leone,2012,,72000.0,,63000.0,82000.0,72 000 [63 000 - 82 000],Incidence Count,N/A
HIV_0000000001,Estimated number of people (all ages) living with HIV,SLE,Sierra Leone,2011,,70000.0,,62000.0,79000.0,70 000 [62 000 - 79 000],Incidence Count,N/A
HIV_0000000001,Estimated number of people (all ages) living with HIV,SLE,Sierra Leone,2010,,68000.0,,59000.0,78000.0,68 000 [59 000 - 78 000],Incidence Count,N/A
HIV_0000000001,Estimated number of people (all ages) living with HIV,SLE,Sierra Leone,2009,,66000.0,,58000.0,76000.0,66 000 [58 000 - 76 000],Incidence Count,N/A
HIV_0000000001,Estimated number of people (all ages) living with HIV,SLE,Sierra Leone,2008,,64000.0,,56000.0,74000.0,64 000 [56 000 - 74 000],Incidence Count,N/A
HIV_0000000001,Estimated number of people (all ages) living with HIV,SLE,Sierra Leone,2007,,63000.0,,53000.0,73000.0,63 000 [53 000 - 73 000],Incidence Count,N/A
HIV_0000000001,Estimated number of people (all ages) living with HIV,SLE,Sierra Leone,2006,,61000.0,,52000.0,72000.0,61 000 [52 000 - 72 000],Incidence Count,N/A
HIV_0000000001,Estimated number of people (all ages) living with HIV,SLE,Sierra Leone,2005,,60000.0,,50000.0,72000.0,60 000 [50 000 - 72 000],Incidence Count,N/A
HIV_0000000001,Estimated number of people (all ages) living with HIV,SLE,Sierra Leone,2004,,59000.0,,48000.0,71000.0,59 000 [48 000 - 71 000],Incidence Count,N/A
HIV_0000000001,Estimated number of people (all ages) living with HIV,SLE,Sierra Leone,2003,,57000.0,,46000.0,70000.0,57 000 [46 000 - 70 000],Incidence Count,N/A
HIV_0000000001,Estimated number of people (all ages) living with HIV,SLE,Sierra Leone,2002,,54000.0,,44000.0,67000.0,54 000 [44 000 - 67 000],Incidence Count,N/A
HIV_0000000001,Estimated number of people (all ages) living with HIV,SLE,Sierra Leone,2001,,51000.0,,41000.0,65000.0,51 000 [41 000 - 65 000],Incidence Count,N/A
HIV_0000000001,Estimated number of people (all ages) living with HIV,SLE,Sierra Leone,2000,,46000.0,,37000.0,61000.0,46 000 [37 000 - 61 000],Incidence Count,N/A
HIV_0000000001,Estimated number of people (all ages) living with HIV,SSD,South Sudan,2025,,150000.0,,120000.0,180000.0,150 000 [120 000 - 180 000],Incidence Count,N/A
HIV_0000000001,Estimated number of people (all ages) living with HIV,SSD,South Sudan,2024,,150000.0,,120000.0,170000.0,150 000 [120 000 - 170 000],Incidence Count,N/A
HIV_0000000001,Estimated number of people (all ages) living with HIV,SSD,South Sudan,2023,,150000.0,,120000.0,170000.0,150 000 [120 000 - 170 000],Incidence Count,N/A
HIV_0000000001,Estimated number of people (all ages) living with HIV,SSD,South Sudan,2022,,140000.0,,120000.0,170000.0,140 000 [120 000 - 170 000],Incidence Count,N/A
HIV_0000000001,Estimated number of people (all ages) living with HIV,SSD,South Sudan,2021,,140000.0,,120000.0,170000.0,140 000 [120 000 - 170 000],Incidence Count,N/A
HIV_0000000001,Estimated number of people (all ages) living with HIV,SSD,South Sudan,2020,,150000.0,,120000.0,170000.0,150 000 [120 000 - 170 000],Incidence Count,N/A
HIV_0000000001,Estimated number of people (all ages) living with HIV,SSD,South Sudan,2019,,150000.0,,120000.0,170000.0,150 000 [120 000 - 170 000],Incidence Count,N/A
HIV_0000000001,Estimated number of people (all ages) living with HIV,SSD,South Sudan,2018,,140000.0,,120000.0,170000.0,140 000 [120 000 - 170 000],Incidence Count,N/A
HIV_0000000001,Estimated number of people (all ages) living with HIV,SSD,South Sudan,2017,,140000.0,,120000.0,170000.0,140 000 [120 000 - 170 000],Incidence Count,N/A
HIV_0000000001,Estimated number of people (all ages) living with HIV,SSD,South Sudan,2016,,150000.0,,130000.0,190000.0,150 000 [130 000 - 190 000],Incidence Count,N/A
HIV_0000000001,Estimated number of people (all ages) living with HIV,SSD,South Sudan,2015,,170000.0,,140000.0,200000.0,170 000 [140 000 - 200 000],Incidence Count,N/A
HIV_0000000001,Estimated number of people (all ages) living with HIV,SSD,South Sudan,2014,,170000.0,,140000.0,210000.0,170 000 [140 000 - 210 000],Incidence Count,N/A
HIV_0000000001,Estimated number of people (all ages) living with HIV,SSD,South Sudan,2013,,180000.0,,140000.0,220000.0,180 000 [140 000 - 220 000],Incidence Count,N/A
HIV_0000000001,Estimated number of people (all ages) living with HIV,SSD,South Sudan,2012,,180000.0,,140000.0,220000.0,180 000 [140 000 - 220 000],Incidence Count,N/A
HIV_0000000001,Estimated number of people (all ages) living with HIV,SSD,South Sudan,2011,,170000.0,,140000.0,220000.0,170 000 [140 000 - 220 000],Incidence Count,N/A
HIV_0000000001,Estimated number of people (all ages) living with HIV,SSD,South Sudan,2010,,170000.0,,130000.0,210000.0,170 000 [130 000 - 210 000],Incidence Count,N/A
HIV_0000000001,Estimated number of people (all ages) living with HIV,SSD,South Sudan,2009,,160000.0,,130000.0,200000.0,160 000 [130 000 - 200 000],Incidence Count,N/A
HIV_0000000001,Estimated number of people (all ages) living with HIV,SSD,South Sudan,2008,,160000.0,,120000.0,200000.0,160 000 [120 000 - 200 000],Incidence Count,N/A
HIV_0000000001,Estimated number of people (all ages) living with HIV,SSD,South Sudan,2007,,150000.0,,110000.0,190000.0,150 000 [110 000 - 190 000],Incidence Count,N/A
HIV_0000000001,Estimated number of people (all ages) living with HIV,SSD,South Sudan,2006,,150000.0,,110000.0,190000.0,150 000 [110 000 - 190 000],Incidence Count,N/A
HIV_0000000001,Estimated number of people (all ages) living with HIV,SSD,South Sudan,2005,,140000.0,,100000.0,180000.0,140 000 [100 000 - 180 000],Incidence Count,N/A
HIV_0000000001,Estimated number of people (all ages) living with HIV,SSD,South Sudan,2004,,130000.0,,98000.0,170000.0,130 000 [98 000 - 170 000],Incidence Count,N/A
HIV_0000000001,Estimated number of people (all ages) living with HIV,SSD,South Sudan,2003,,130000.0,,91000.0,170000.0,130 000 [91 000 - 170 000],Incidence Count,N/A
HIV_0000000001,Estimated number of people (all ages) living with HIV,SSD,South Sudan,2002,,120000.0,,85000.0,160000.0,120 000 [85 000 - 160 000],Incidence Count,N/A
HIV_0000000001,Estimated number of people (all ages) living with HIV,SSD,South Sudan,2001,,120000.0,,79000.0,150000.0,120 000 [79 000 - 150 000],Incidence Count,N/A
HIV_0000000001,Estimated number of people (all ages) living with HIV,SSD,South Sudan,2000,,110000.0,,73000.0,150000.0,110 000 [73 000 - 150 000],Incidence Count,N/A
HIV_0000000001,Estimated number of people (all ages) living with HIV,STP,Sao Tome and Principe,2025,,1000.0,,810.0,1300.0,1000 [810 - 1300],Incidence Count,N/A
HIV_0000000001,Estimated number of people (all ages) living with HIV,STP,Sao Tome and Principe,2024,,1000.0,,810.0,1300.0,1000 [810 - 1300],Incidence Count,N/A
HIV_0000000001,Estimated number of people (all ages) living with HIV,STP,Sao Tome and Principe,2023,,1000.0,,810.0,1300.0,1000 [810 - 1300],Incidence Count,N/A
HIV_0000000001,Estimated number of people (all ages) living with HIV,STP,Sao Tome and Principe,2022,,1000.0,,810.0,1300.0,1000 [810 - 1300],Incidence Count,N/A
HIV_0000000001,Estimated number of people (all ages) living with HIV,STP,Sao Tome and Principe,2021,,1000.0,,820.0,1300.0,1000 [820 - 1300],Incidence Count,N/A
HIV_0000000001,Estimated number of people (all ages) living with HIV,STP,Sao Tome and Principe,2020,,1000.0,,820.0,1300.0,1000 [820 - 1300],Incidence Count,N/A
HIV_0000000001,Estimated number of people (all ages) living with HIV,STP,Sao Tome and Principe,2019,,1000.0,,810.0,1200.0,1000 [810 - 1200],Incidence Count,N/A
HIV_0000000001,Estimated number of people (all ages) living with HIV,STP,Sao Tome and Principe,2018,,990.0,,810.0,1200.0,990 [810 - 1200],Incidence Count,N/A
HIV_0000000001,Estimated number of people (all ages) living with HIV,STP,Sao Tome and Principe,2017,,990.0,,820.0,1200.0,990 [820 - 1200],Incidence Count,N/A
HIV_0000000001,Estimated number of people (all ages) living with HIV,STP,Sao Tome and Principe,2016,,1000.0,,820.0,1200.0,1000 [820 - 1200],Incidence Count,N/A
HIV_0000000001,Estimated number of people (all ages) living with HIV,STP,Sao Tome and Principe,2015,,1000.0,,830.0,1200.0,1000 [830 - 1200],Incidence Count,N/A
HIV_0000000001,Estimated number of people (all ages) living with HIV,STP,Sao Tome and Principe,2014,,1000.0,,840.0,1200.0,1000 [840 - 1200],Incidence Count,N/A
HIV_0000000001,Estimated number of people (all ages) living with HIV,STP,Sao Tome and Principe,2013,,1100.0,,860.0,1300.0,1100 [860 - 1300],Incidence Count,N/A
HIV_0000000001,Estimated number of people (all ages) living with HIV,STP,Sao Tome and Principe,2012,,1100.0,,870.0,1300.0,1100 [870 - 1300],Incidence Count,N/A
HIV_0000000001,Estimated number of people (all ages) living with HIV,STP,Sao Tome and Principe,2011,,1100.0,,880.0,1300.0,1100 [880 - 1300],Incidence Count,N/A
HIV_0000000001,Estimated number of people (all ages) living with HIV,STP,Sao Tome and Principe,2010,,1100.0,,890.0,1400.0,1100 [890 - 1400],Incidence Count,N/A
HIV_0000000001,Estimated number of people (all ages) living with HIV,STP,Sao Tome and Principe,2009,,1100.0,,900.0,1400.0,1100 [900 - 1400],Incidence Count,N/A
HIV_0000000001,Estimated number of people (all ages) living with HIV,STP,Sao Tome and Principe,2008,,1200.0,,910.0,1500.0,1200 [910 - 1500],Incidence Count,N/A
HIV_0000000001,Estimated number of people (all ages) living with HIV,STP,Sao Tome and Principe,2007,,1200.0,,940.0,1500.0,1200 [940 - 1500],Incidence Count,N/A
HIV_0000000001,Estimated number of people (all ages) living with HIV,STP,Sao Tome and Principe,2006,,1300.0,,960.0,1600.0,1300 [960 - 1600],Incidence Count,N/A
HIV_0000000001,Estimated number of people (all ages) living with HIV,STP,Sao Tome and Principe,2005,,1300.0,,980.0,1700.0,1300 [980 - 1700],Incidence Count,N/A
HIV_0000000001,Estimated number of people (all ages) living with HIV,STP,Sao Tome and Principe,2004,,1300.0,,1000.0,1700.0,1300 [1000 - 1700],Incidence Count,N/A
HIV_0000000001,Estimated number of people (all ages) living with HIV,STP,Sao Tome and Principe,2003,,1400.0,,1000.0,1800.0,1400 [1000 - 1800],Incidence Count,N/A
HIV_0000000001,Estimated number of people (all ages) living with HIV,STP,Sao Tome and Principe,2002,,1400.0,,1000.0,1900.0,1400 [1000 - 1900],Incidence Count,N/A
HIV_0000000001,Estimated number of people (all ages) living with HIV,STP,Sao Tome and Principe,2001,,1500.0,,1000.0,1900.0,1500 [1000 - 1900],Incidence Count,N/A
HIV_0000000001,Estimated number of people (all ages) living with HIV,STP,Sao Tome and Principe,2000,,1500.0,,1000.0,1900.0,1500 [1000 - 1900],Incidence Count,N/A
HIV_0000000001,Estimated number of people (all ages) living with HIV,SWZ,Eswatini,2025,,210000.0,,200000.0,240000.0,210 000 [200 000 - 240 000],Incidence Count,N/A
HIV_0000000001,Estimated number of people (all ages) living with HIV,SWZ,Eswatini,2024,,220000.0,,200000.0,240000.0,220 000 [200 000 - 240 000],Incidence Count,N/A
HIV_0000000001,Estimated number of people (all ages) living with HIV,SWZ,Eswatini,2023,,220000.0,,200000.0,240000.0,220 000 [200 000 - 240 000],Incidence Count,N/A
HIV_0000000001,Estimated number of people (all ages) living with HIV,SWZ,Eswatini,2022,,220000.0,,210000.0,240000.0,220 000 [210 000 - 240 000],Incidence Count,N/A
HIV_0000000001,Estimated number of people (all ages) living with HIV,SWZ,Eswatini,2021,,230000.0,,210000.0,250000.0,230 000 [210 000 - 250 000],Incidence Count,N/A
HIV_0000000001,Estimated number of people (all ages) living with HIV,SWZ,Eswatini,2020,,230000.0,,210000.0,250000.0,230 000 [210 000 - 250 000],Incidence Count,N/A
HIV_0000000001,Estimated number of people (all ages) living with HIV,SWZ,Eswatini,2019,,230000.0,,210000.0,250000.0,230 000 [210 000 - 250 000],Incidence Count,N/A
HIV_0000000001,Estimated number of people (all ages) living with HIV,SWZ,Eswatini,2018,,230000.0,,210000.0,250000.0,230 000 [210 000 - 250 000],Incidence Count,N/A
HIV_0000000001,Estimated number of people (all ages) living with HIV,SWZ,Eswatini,2017,,230000.0,,210000.0,250000.0,230 000 [210 000 - 250 000],Incidence Count,N/A
HIV_0000000001,Estimated number of people (all ages) living with HIV,SWZ,Eswatini,2016,,230000.0,,210000.0,240000.0,230 000 [210 000 - 240 000],Incidence Count,N/A
HIV_0000000001,Estimated number of people (all ages) living with HIV,SWZ,Eswatini,2015,,230000.0,,210000.0,240000.0,230 000 [210 000 - 240 000],Incidence Count,N/A
HIV_0000000001,Estimated number of people (all ages) living with HIV,SWZ,Eswatini,2014,,220000.0,,210000.0,240000.0,220 000 [210 000 - 240 000],Incidence Count,N/A
HIV_0000000001,Estimated number of people (all ages) living with HIV,SWZ,Eswatini,2013,,220000.0,,200000.0,230000.0,220 000 [200 000 - 230 000],Incidence Count,N/A
HIV_0000000001,Estimated number of people (all ages) living with HIV,SWZ,Eswatini,2012,,210000.0,,200000.0,220000.0,210 000 [200 000 - 220 000],Incidence Count,N/A
HIV_0000000001,Estimated number of people (all ages) living with HIV,SWZ,Eswatini,2011,,200000.0,,190000.0,220000.0,200 000 [190 000 - 220 000],Incidence Count,N/A
HIV_0000000001,Estimated number of people (all ages) living with HIV,SWZ,Eswatini,2010,,200000.0,,190000.0,210000.0,200 000 [190 000 - 210 000],Incidence Count,N/A
HIV_0000000001,Estimated number of people (all ages) living with HIV,SWZ,Eswatini,2009,,190000.0,,180000.0,200000.0,190 000 [180 000 - 200 000],Incidence Count,N/A
HIV_0000000001,Estimated number of people (all ages) living with HIV,SWZ,Eswatini,2008,,190000.0,,180000.0,200000.0,190 000 [180 000 - 200 000],Incidence Count,N/A
HIV_0000000001,Estimated number of people (all ages) living with HIV,SWZ,Eswatini,2007,,180000.0,,170000.0,190000.0,180 000 [170 000 - 190 000],Incidence Count,N/A
HIV_0000000001,Estimated number of people (all ages) living with HIV,SWZ,Eswatini,2006,,180000.0,,170000.0,190000.0,180 000 [170 000 - 190 000],Incidence Count,N/A
HIV_0000000001,Estimated number of people (all ages) living with HIV,SWZ,Eswatini,2005,,170000.0,,160000.0,180000.0,170 000 [160 000 - 180 000],Incidence Count,N/A
HIV_0000000001,Estimated number of people (all ages) living with HIV,SWZ,Eswatini,2004,,170000.0,,160000.0,180000.0,170 000 [160 000 - 180 000],Incidence Count,N/A
HIV_0000000001,Estimated number of people (all ages) living with HIV,SWZ,Eswatini,2003,,160000.0,,150000.0,170000.0,160 000 [150 000 - 170 000],Incidence Count,N/A
HIV_0000000001,Estimated number of people (all ages) living with HIV,SWZ,Eswatini,2002,,150000.0,,140000.0,160000.0,150 000 [140 000 - 160 000],Incidence Count,N/A
HIV_0000000001,Estimated number of people (all ages) living with HIV,SWZ,Eswatini,2001,,140000.0,,130000.0,150000.0,140 000 [130 000 - 150 000],Incidence Count,N/A
HIV_0000000001,Estimated number of people (all ages) living with HIV,SWZ,Eswatini,2000,,130000.0,,120000.0,140000.0,130 000 [120 000 - 140 000],Incidence Count,N/A
HIV_0000000001,Estimated number of people (all ages) living with HIV,TCD,Chad,2025,,120000.0,,96000.0,140000.0,120 000 [96 000 - 140 000],Incidence Count,N/A
HIV_0000000001,Estimated number of people (all ages) living with HIV,TCD,Chad,2024,,120000.0,,98000.0,140000.0,120 000 [98 000 - 140 000],Incidence Count,N/A
HIV_0000000001,Estimated number of people (all ages) living with HIV,TCD,Chad,2023,,120000.0,,98000.0,140000.0,120 000 [98 000 - 140 000],Incidence Count,N/A
HIV_0000000001,Estimated number of people (all ages) living with HIV,TCD,Chad,2022,,110000.0,,96000.0,140000.0,110 000 [96 000 - 140 000],Incidence Count,N/A
HIV_0000000001,Estimated number of people (all ages) living with HIV,TCD,Chad,2021,,110000.0,,97000.0,140000.0,110 000 [97 000 - 140 000],Incidence Count,N/A
HIV_0000000001,Estimated number of people (all ages) living with HIV,TCD,Chad,2020,,120000.0,,98000.0,140000.0,120 000 [98 000 - 140 000],Incidence Count,N/A
HIV_0000000001,Estimated number of people (all ages) living with HIV,TCD,Chad,2019,,120000.0,,99000.0,140000.0,120 000 [99 000 - 140 000],Incidence Count,N/A
HIV_0000000001,Estimated number of people (all ages) living with HIV,TCD,Chad,2018,,120000.0,,100000.0,140000.0,120 000 [100 000 - 140 000],Incidence Count,N/A
HIV_0000000001,Estimated number of people (all ages) living with HIV,TCD,Chad,2017,,120000.0,,100000.0,140000.0,120 000 [100 000 - 140 000],Incidence Count,N/A
HIV_0000000001,Estimated number of people (all ages) living with HIV,TCD,Chad,2016,,120000.0,,100000.0,140000.0,120 000 [100 000 - 140 000],Incidence Count,N/A
HIV_0000000001,Estimated number of people (all ages) living with HIV,TCD,Chad,2015,,120000.0,,100000.0,150000.0,120 000 [100 000 - 150 000],Incidence Count,N/A
HIV_0000000001,Estimated number of people (all ages) living with HIV,TCD,Chad,2014,,120000.0,,100000.0,150000.0,120 000 [100 000 - 150 000],Incidence Count,N/A
HIV_0000000001,Estimated number of people (all ages) living with HIV,TCD,Chad,2013,,120000.0,,100000.0,150000.0,120 000 [100 000 - 150 000],Incidence Count,N/A
HIV_0000000001,Estimated number of people (all ages) living with HIV,TCD,Chad,2012,,120000.0,,100000.0,150000.0,120 000 [100 000 - 150 000],Incidence Count,N/A
HIV_0000000001,Estimated number of people (all ages) living with HIV,TCD,Chad,2011,,120000.0,,100000.0,150000.0,120 000 [100 000 - 150 000],Incidence Count,N/A
HIV_0000000001,Estimated number of people (all ages) living with HIV,TCD,Chad,2010,,120000.0,,100000.0,150000.0,120 000 [100 000 - 150 000],Incidence Count,N/A
HIV_0000000001,Estimated number of people (all ages) living with HIV,TCD,Chad,2009,,120000.0,,100000.0,150000.0,120 000 [100 000 - 150 000],Incidence Count,N/A
HIV_0000000001,Estimated number of people (all ages) living with HIV,TCD,Chad,2008,,120000.0,,100000.0,150000.0,120 000 [100 000 - 150 000],Incidence Count,N/A
HIV_0000000001,Estimated number of people (all ages) living with HIV,TCD,Chad,2007,,120000.0,,100000.0,150000.0,120 000 [100 000 - 150 000],Incidence Count,N/A
HIV_0000000001,Estimated number of people (all ages) living with HIV,TCD,Chad,2006,,120000.0,,99000.0,160000.0,120 000 [99 000 - 160 000],Incidence Count,N/A
HIV_0000000001,Estimated number of people (all ages) living with HIV,TCD,Chad,2005,,130000.0,,98000.0,160000.0,130 000 [98 000 - 160 000],Incidence Count,N/A
HIV_0000000001,Estimated number of people (all ages) living with HIV,TCD,Chad,2004,,130000.0,,99000.0,170000.0,130 000 [99 000 - 170 000],Incidence Count,N/A
HIV_0000000001,Estimated number of people (all ages) living with HIV,TCD,Chad,2003,,120000.0,,98000.0,170000.0,120 000 [98 000 - 170 000],Incidence Count,N/A
HIV_0000000001,Estimated number of people (all ages) living with HIV,TCD,Chad,2002,,120000.0,,94000.0,170000.0,120 000 [94 000 - 170 000],Incidence Count,N/A
HIV_0000000001,Estimated number of people (all ages) living with HIV,TCD,Chad,2001,,120000.0,,92000.0,170000.0,120 000 [92 000 - 170 000],Incidence Count,N/A
HIV_0000000001,Estimated number of people (all ages) living with HIV,TCD,Chad,2000,,120000.0,,91000.0,170000.0,120 000 [91 000 - 170 000],Incidence Count,N/A
HIV_0000000001,Estimated number of people (all ages) living with HIV,TGO,Togo,2025,,100000.0,,86000.0,120000.0,100 000 [86 000 - 120 000],Incidence Count,N/A
HIV_0000000001,Estimated number of people (all ages) living with HIV,TGO,Togo,2024,,100000.0,,87000.0,120000.0,100 000 [87 000 - 120 000],Incidence Count,N/A
HIV_0000000001,Estimated number of people (all ages) living with HIV,TGO,Togo,2023,,100000.0,,88000.0,120000.0,100 000 [88 000 - 120 000],Incidence Count,N/A
HIV_0000000001,Estimated number of people (all ages) living with HIV,TGO,Togo,2022,,100000.0,,90000.0,120000.0,100 000 [90 000 - 120 000],Incidence Count,N/A
HIV_0000000001,Estimated number of people (all ages) living with HIV,TGO,Togo,2021,,110000.0,,91000.0,130000.0,110 000 [91 000 - 130 000],Incidence Count,N/A
HIV_0000000001,Estimated number of people (all ages) living with HIV,TGO,Togo,2020,,110000.0,,93000.0,130000.0,110 000 [93 000 - 130 000],Incidence Count,N/A
HIV_0000000001,Estimated number of people (all ages) living with HIV,TGO,Togo,2019,,110000.0,,94000.0,130000.0,110 000 [94 000 - 130 000],Incidence Count,N/A
HIV_0000000001,Estimated number of people (all ages) living with HIV,TGO,Togo,2018,,110000.0,,95000.0,130000.0,110 000 [95 000 - 130 000],Incidence Count,N/A
HIV_0000000001,Estimated number of people (all ages) living with HIV,TGO,Togo,2017,,110000.0,,96000.0,130000.0,110 000 [96 000 - 130 000],Incidence Count,N/A
HIV_0000000001,Estimated number of people (all ages) living with HIV,TGO,Togo,2016,,110000.0,,97000.0,130000.0,110 000 [97 000 - 130 000],Incidence Count,N/A
HIV_0000000001,Estimated number of people (all ages) living with HIV,TGO,Togo,2015,,110000.0,,97000.0,130000.0,110 000 [97 000 - 130 000],Incidence Count,N/A
HIV_0000000001,Estimated number of people (all ages) living with HIV,TGO,Togo,2014,,110000.0,,97000.0,130000.0,110 000 [97 000 - 130 000],Incidence Count,N/A
HIV_0000000001,Estimated number of people (all ages) living with HIV,TGO,Togo,2013,,110000.0,,97000.0,130000.0,110 000 [97 000 - 130 000],Incidence Count,N/A
HIV_0000000001,Estimated number of people (all ages) living with HIV,TGO,Togo,2012,,110000.0,,97000.0,130000.0,110 000 [97 000 - 130 000],Incidence Count,N/A
HIV_0000000001,Estimated number of people (all ages) living with HIV,TGO,Togo,2011,,110000.0,,97000.0,130000.0,110 000 [97 000 - 130 000],Incidence Count,N/A
HIV_0000000001,Estimated number of people (all ages) living with HIV,TGO,Togo,2010,,110000.0,,98000.0,140000.0,110 000 [98 000 - 140 000],Incidence Count,N/A
HIV_0000000001,Estimated number of people (all ages) living with HIV,TGO,Togo,2009,,110000.0,,97000.0,140000.0,110 000 [97 000 - 140 000],Incidence Count,N/A
HIV_0000000001,Estimated number of people (all ages) living with HIV,TGO,Togo,2008,,110000.0,,97000.0,140000.0,110 000 [97 000 - 140 000],Incidence Count,N/A
HIV_0000000001,Estimated number of people (all ages) living with HIV,TGO,Togo,2007,,120000.0,,97000.0,140000.0,120 000 [97 000 - 140 000],Incidence Count,N/A
HIV_0000000001,Estimated number of people (all ages) living with HIV,TGO,Togo,2006,,120000.0,,96000.0,140000.0,120 000 [96 000 - 140 000],Incidence Count,N/A
HIV_0000000001,Estimated number of people (all ages) living with HIV,TGO,Togo,2005,,110000.0,,96000.0,140000.0,110 000 [96 000 - 140 000],Incidence Count,N/A
HIV_0000000001,Estimated number of people (all ages) living with HIV,TGO,Togo,2004,,110000.0,,95000.0,140000.0,110 000 [95 000 - 140 000],Incidence Count,N/A
HIV_0000000001,Estimated number of people (all ages) living with HIV,TGO,Togo,2003,,110000.0,,95000.0,140000.0,110 000 [95 000 - 140 000],Incidence Count,N/A
HIV_0000000001,Estimated number of people (all ages) living with HIV,TGO,Togo,2002,,110000.0,,94000.0,140000.0,110 000 [94 000 - 140 000],Incidence Count,N/A
HIV_0000000001,Estimated number of people (all ages) living with HIV,TGO,Togo,2001,,110000.0,,92000.0,140000.0,110 000 [92 000 - 140 000],Incidence Count,N/A
HIV_0000000001,Estimated number of people (all ages) living with HIV,TGO,Togo,2000,,110000.0,,89000.0,130000.0,110 000 [89 000 - 130 000],Incidence Count,N/A
HIV_0000000001,Estimated number of people (all ages) living with HIV,TZA,United Republic of Tanzania,2025,,1800000.0,,1600000.0,2000000.0,1 800 000 [1 600 000 - 2 000 000],Incidence Count,N/A
HIV_0000000001,Estimated number of people (all ages) living with HIV,TZA,United Republic of Tanzania,2024,,1800000.0,,1700000.0,2000000.0,1 800 000 [1 700 000 - 2 000 000],Incidence Count,N/A
HIV_0000000001,Estimated number of people (all ages) living with HIV,TZA,United Republic of Tanzania,2023,,1800000.0,,1700000.0,1900000.0,1 800 000 [1 700 000 - 1 900 000],Incidence Count,N/A
HIV_0000000001,Estimated number of people (all ages) living with HIV,TZA,United Republic of Tanzania,2022,,1800000.0,,1700000.0,1900000.0,1 800 000 [1 700 000 - 1 900 000],Incidence Count,N/A
HIV_0000000001,Estimated number of people (all ages) living with HIV,TZA,United Republic of Tanzania,2021,,1700000.0,,1600000.0,1900000.0,1 700 000 [1 600 000 - 1 900 000],Incidence Count,N/A
HIV_0000000001,Estimated number of people (all ages) living with HIV,TZA,United Republic of Tanzania,2020,,1700000.0,,1600000.0,1900000.0,1 700 000 [1 600 000 - 1 900 000],Incidence Count,N/A
HIV_0000000001,Estimated number of people (all ages) living with HIV,TZA,United Republic of Tanzania,2019,,1700000.0,,1600000.0,1800000.0,1 700 000 [1 600 000 - 1 800 000],Incidence Count,N/A
HIV_0000000001,Estimated number of people (all ages) living with HIV,TZA,United Republic of Tanzania,2018,,1600000.0,,1500000.0,1800000.0,1 600 000 [1 500 000 - 1 800 000],Incidence Count,N/A
HIV_0000000001,Estimated number of people (all ages) living with HIV,TZA,United Republic of Tanzania,2017,,1600000.0,,1500000.0,1700000.0,1 600 000 [1 500 000 - 1 700 000],Incidence Count,N/A
HIV_0000000001,Estimated number of people (all ages) living with HIV,TZA,United Republic of Tanzania,2016,,1500000.0,,1400000.0,1600000.0,1 500 000 [1 400 000 - 1 600 000],Incidence Count,N/A
HIV_0000000001,Estimated number of people (all ages) living with HIV,TZA,United Republic of Tanzania,2015,,1500000.0,,1400000.0,1600000.0,1 500 000 [1 400 000 - 1 600 000],Incidence Count,N/A
HIV_0000000001,Estimated number of people (all ages) living with HIV,TZA,United Republic of Tanzania,2014,,1400000.0,,1300000.0,1500000.0,1 400 000 [1 300 000 - 1 500 000],Incidence Count,N/A
HIV_0000000001,Estimated number of people (all ages) living with HIV,TZA,United Republic of Tanzania,2013,,1300000.0,,1300000.0,1400000.0,1 300 000 [1 300 000 - 1 400 000],Incidence Count,N/A
HIV_0000000001,Estimated number of people (all ages) living with HIV,TZA,United Republic of Tanzania,2012,,1300000.0,,1200000.0,1400000.0,1 300 000 [1 200 000 - 1 400 000],Incidence Count,N/A
HIV_0000000001,Estimated number of people (all ages) living with HIV,TZA,United Republic of Tanzania,2011,,1300000.0,,1200000.0,1300000.0,1 300 000 [1 200 000 - 1 300 000],Incidence Count,N/A
HIV_0000000001,Estimated number of people (all ages) living with HIV,TZA,United Republic of Tanzania,2010,,1200000.0,,1200000.0,1300000.0,1 200 000 [1 200 000 - 1 300 000],Incidence Count,N/A
HIV_0000000001,Estimated number of people (all ages) living with HIV,TZA,United Republic of Tanzania,2009,,1200000.0,,1100000.0,1300000.0,1 200 000 [1 100 000 - 1 300 000],Incidence Count,N/A
HIV_0000000001,Estimated number of people (all ages) living with HIV,TZA,United Republic of Tanzania,2008,,1200000.0,,1100000.0,1300000.0,1 200 000 [1 100 000 - 1 300 000],Incidence Count,N/A
HIV_0000000001,Estimated number of people (all ages) living with HIV,TZA,United Republic of Tanzania,2007,,1200000.0,,1100000.0,1300000.0,1 200 000 [1 100 000 - 1 300 000],Incidence Count,N/A
HIV_0000000001,Estimated number of people (all ages) living with HIV,TZA,United Republic of Tanzania,2006,,1200000.0,,1100000.0,1300000.0,1 200 000 [1 100 000 - 1 300 000],Incidence Count,N/A
HIV_0000000001,Estimated number of people (all ages) living with HIV,TZA,United Republic of Tanzania,2005,,1200000.0,,1100000.0,1300000.0,1 200 000 [1 100 000 - 1 300 000],Incidence Count,N/A
HIV_0000000001,Estimated number of people (all ages) living with HIV,TZA,United Republic of Tanzania,2004,,1200000.0,,1100000.0,1300000.0,1 200 000 [1 100 000 - 1 300 000],Incidence Count,N/A
HIV_0000000001,Estimated number of people (all ages) living with HIV,TZA,United Republic of Tanzania,2003,,1200000.0,,1100000.0,1300000.0,1 200 000 [1 100 000 - 1 300 000],Incidence Count,N/A
HIV_0000000001,Estimated number of people (all ages) living with HIV,TZA,United Republic of Tanzania,2002,,1200000.0,,1200000.0,1300000.0,1 200 000 [1 200 000 - 1 300 000],Incidence Count,N/A
HIV_0000000001,Estimated number of people (all ages) living with HIV,TZA,United Republic of Tanzania,2001,,1200000.0,,1200000.0,1400000.0,1 200 000 [1 200 000 - 1 400 000],Incidence Count,N/A
HIV_0000000001,Estimated number of people (all ages) living with HIV,TZA,United Republic of Tanzania,2000,,1200000.0,,1100000.0,1400000.0,1 200 000 [1 100 000 - 1 400 000],Incidence Count,N/A
HIV_0000000001,Estimated number of people (all ages) living with HIV,UGA,Uganda,2025,,1500000.0,,1400000.0,1700000.0,1 500 000 [1 400 000 - 1 700 000],Incidence Count,N/A
HIV_0000000001,Estimated number of people (all ages) living with HIV,UGA,Uganda,2024,,1500000.0,,1400000.0,1700000.0,1 500 000 [1 400 000 - 1 700 000],Incidence Count,N/A
HIV_0000000001,Estimated number of people (all ages) living with HIV,UGA,Uganda,2023,,1500000.0,,1400000.0,1700000.0,1 500 000 [1 400 000 - 1 700 000],Incidence Count,N/A
HIV_0000000001,Estimated number of people (all ages) living with HIV,UGA,Uganda,2022,,1500000.0,,1400000.0,1700000.0,1 500 000 [1 400 000 - 1 700 000],Incidence Count,N/A
HIV_0000000001,Estimated number of people (all ages) living with HIV,UGA,Uganda,2021,,1500000.0,,1400000.0,1700000.0,1 500 000 [1 400 000 - 1 700 000],Incidence Count,N/A
HIV_0000000001,Estimated number of people (all ages) living with HIV,UGA,Uganda,2020,,1500000.0,,1400000.0,1600000.0,1 500 000 [1 400 000 - 1 600 000],Incidence Count,N/A
HIV_0000000001,Estimated number of people (all ages) living with HIV,UGA,Uganda,2019,,1500000.0,,1400000.0,1600000.0,1 500 000 [1 400 000 - 1 600 000],Incidence Count,N/A
HIV_0000000001,Estimated number of people (all ages) living with HIV,UGA,Uganda,2018,,1500000.0,,1400000.0,1600000.0,1 500 000 [1 400 000 - 1 600 000],Incidence Count,N/A
HIV_0000000001,Estimated number of people (all ages) living with HIV,UGA,Uganda,2017,,1400000.0,,1400000.0,1500000.0,1 400 000 [1 400 000 - 1 500 000],Incidence Count,N/A
HIV_0000000001,Estimated number of people (all ages) living with HIV,UGA,Uganda,2016,,1400000.0,,1300000.0,1500000.0,1 400 000 [1 300 000 - 1 500 000],Incidence Count,N/A
HIV_0000000001,Estimated number of people (all ages) living with HIV,UGA,Uganda,2015,,1400000.0,,1300000.0,1500000.0,1 400 000 [1 300 000 - 1 500 000],Incidence Count,N/A
HIV_0000000001,Estimated number of people (all ages) living with HIV,UGA,Uganda,2014,,1300000.0,,1300000.0,1400000.0,1 300 000 [1 300 000 - 1 400 000],Incidence Count,N/A
HIV_0000000001,Estimated number of people (all ages) living with HIV,UGA,Uganda,2013,,1300000.0,,1200000.0,1400000.0,1 300 000 [1 200 000 - 1 400 000],Incidence Count,N/A
HIV_0000000001,Estimated number of people (all ages) living with HIV,UGA,Uganda,2012,,1300000.0,,1200000.0,1300000.0,1 300 000 [1 200 000 - 1 300 000],Incidence Count,N/A
HIV_0000000001,Estimated number of people (all ages) living with HIV,UGA,Uganda,2011,,1200000.0,,1200000.0,1300000.0,1 200 000 [1 200 000 - 1 300 000],Incidence Count,N/A
HIV_0000000001,Estimated number of people (all ages) living with HIV,UGA,Uganda,2010,,1200000.0,,1100000.0,1300000.0,1 200 000 [1 100 000 - 1 300 000],Incidence Count,N/A
HIV_0000000001,Estimated number of people (all ages) living with HIV,UGA,Uganda,2009,,1200000.0,,1100000.0,1200000.0,1 200 000 [1 100 000 - 1 200 000],Incidence Count,N/A
HIV_0000000001,Estimated number of people (all ages) living with HIV,UGA,Uganda,2008,,1100000.0,,1100000.0,1200000.0,1 100 000 [1 100 000 - 1 200 000],Incidence Count,N/A
HIV_0000000001,Estimated number of people (all ages) living with HIV,UGA,Uganda,2007,,1100000.0,,1100000.0,1200000.0,1 100 000 [1 100 000 - 1 200 000],Incidence Count,N/A
HIV_0000000001,Estimated number of people (all ages) living with HIV,UGA,Uganda,2006,,1100000.0,,1000000.0,1200000.0,1 100 000 [1 000 000 - 1 200 000],Incidence Count,N/A
HIV_0000000001,Estimated number of people (all ages) living with HIV,UGA,Uganda,2005,,1100000.0,,1000000.0,1200000.0,1 100 000 [1 000 000 - 1 200 000],Incidence Count,N/A
HIV_0000000001,Estimated number of people (all ages) living with HIV,UGA,Uganda,2004,,1100000.0,,1000000.0,1100000.0,1 100 000 [1 000 000 - 1 100 000],Incidence Count,N/A
HIV_0000000001,Estimated number of people (all ages) living with HIV,UGA,Uganda,2003,,1000000.0,,990000.0,1100000.0,1 000 000 [990 000 - 1 100 000],Incidence Count,N/A
HIV_0000000001,Estimated number of people (all ages) living with HIV,UGA,Uganda,2002,,1000000.0,,990000.0,1100000.0,1 000 000 [990 000 - 1 100 000],Incidence Count,N/A
HIV_0000000001,Estimated number of people (all ages) living with HIV,UGA,Uganda,2001,,1000000.0,,990000.0,1100000.0,1 000 000 [990 000 - 1 100 000],Incidence Count,N/A
HIV_0000000001,Estimated number of people (all ages) living with HIV,UGA,Uganda,2000,,1000000.0,,980000.0,1100000.0,1 000 000 [980 000 - 1 100 000],Incidence Count,N/A
HIV_0000000001,Estimated number of people (all ages) living with HIV,ZAF,South Africa,2025,,7600000.0,,5100000.0,9700000.0,7 600 000 [5 100 000 - 9 700 000],Incidence Count,N/A
HIV_0000000001,Estimated number of people (all ages) living with HIV,ZAF,South Africa,2024,,7500000.0,,5100000.0,9700000.0,7 500 000 [5 100 000 - 9 700 000],Incidence Count,N/A
HIV_0000000001,Estimated number of people (all ages) living with HIV,ZAF,South Africa,2023,,7400000.0,,5000000.0,9600000.0,7 400 000 [5 000 000 - 9 600 000],Incidence Count,N/A
HIV_0000000001,Estimated number of people (all ages) living with HIV,ZAF,South Africa,2022,,7400000.0,,5000000.0,9500000.0,7 400 000 [5 000 000 - 9 500 000],Incidence Count,N/A
HIV_0000000001,Estimated number of people (all ages) living with HIV,ZAF,South Africa,2021,,7300000.0,,4900000.0,9400000.0,7 300 000 [4 900 000 - 9 400 000],Incidence Count,N/A
HIV_0000000001,Estimated number of people (all ages) living with HIV,ZAF,South Africa,2020,,7200000.0,,4800000.0,9300000.0,7 200 000 [4 800 000 - 9 300 000],Incidence Count,N/A
HIV_0000000001,Estimated number of people (all ages) living with HIV,ZAF,South Africa,2019,,7100000.0,,4800000.0,9100000.0,7 100 000 [4 800 000 - 9 100 000],Incidence Count,N/A
HIV_0000000001,Estimated number of people (all ages) living with HIV,ZAF,South Africa,2018,,7000000.0,,4700000.0,9000000.0,7 000 000 [4 700 000 - 9 000 000],Incidence Count,N/A
HIV_0000000001,Estimated number of people (all ages) living with HIV,ZAF,South Africa,2017,,6800000.0,,4600000.0,8800000.0,6 800 000 [4 600 000 - 8 800 000],Incidence Count,N/A
HIV_0000000001,Estimated number of people (all ages) living with HIV,ZAF,South Africa,2016,,6700000.0,,4500000.0,8600000.0,6 700 000 [4 500 000 - 8 600 000],Incidence Count,N/A
HIV_0000000001,Estimated number of people (all ages) living with HIV,ZAF,South Africa,2015,,6500000.0,,4400000.0,8400000.0,6 500 000 [4 400 000 - 8 400 000],Incidence Count,N/A
HIV_0000000001,Estimated number of people (all ages) living with HIV,ZAF,South Africa,2014,,6300000.0,,4300000.0,8200000.0,6 300 000 [4 300 000 - 8 200 000],Incidence Count,N/A
HIV_0000000001,Estimated number of people (all ages) living with HIV,ZAF,South Africa,2013,,6100000.0,,4100000.0,8000000.0,6 100 000 [4 100 000 - 8 000 000],Incidence Count,N/A
HIV_0000000001,Estimated number of people (all ages) living with HIV,ZAF,South Africa,2012,,5900000.0,,4000000.0,7700000.0,5 900 000 [4 000 000 - 7 700 000],Incidence Count,N/A
HIV_0000000001,Estimated number of people (all ages) living with HIV,ZAF,South Africa,2011,,5700000.0,,3800000.0,7500000.0,5 700 000 [3 800 000 - 7 500 000],Incidence Count,N/A
HIV_0000000001,Estimated number of people (all ages) living with HIV,ZAF,South Africa,2010,,5500000.0,,3700000.0,7200000.0,5 500 000 [3 700 000 - 7 200 000],Incidence Count,N/A
HIV_0000000001,Estimated number of people (all ages) living with HIV,ZAF,South Africa,2009,,5300000.0,,3500000.0,7000000.0,5 300 000 [3 500 000 - 7 000 000],Incidence Count,N/A
HIV_0000000001,Estimated number of people (all ages) living with HIV,ZAF,South Africa,2008,,5100000.0,,3400000.0,6800000.0,5 100 000 [3 400 000 - 6 800 000],Incidence Count,N/A
HIV_0000000001,Estimated number of people (all ages) living with HIV,ZAF,South Africa,2007,,4900000.0,,3200000.0,6500000.0,4 900 000 [3 200 000 - 6 500 000],Incidence Count,N/A
HIV_0000000001,Estimated number of people (all ages) living with HIV,ZAF,South Africa,2006,,4700000.0,,3100000.0,6200000.0,4 700 000 [3 100 000 - 6 200 000],Incidence Count,N/A
HIV_0000000001,Estimated number of people (all ages) living with HIV,ZAF,South Africa,2005,,4500000.0,,3000000.0,6000000.0,4 500 000 [3 000 000 - 6 000 000],Incidence Count,N/A
HIV_0000000001,Estimated number of people (all ages) living with HIV,ZAF,South Africa,2004,,4300000.0,,2900000.0,5700000.0,4 300 000 [2 900 000 - 5 700 000],Incidence Count,N/A
HIV_0000000001,Estimated number of people (all ages) living with HIV,ZAF,South Africa,2003,,4100000.0,,2700000.0,5500000.0,4 100 000 [2 700 000 - 5 500 000],Incidence Count,N/A
HIV_0000000001,Estimated number of people (all ages) living with HIV,ZAF,South Africa,2002,,3900000.0,,2600000.0,5200000.0,3 900 000 [2 600 000 - 5 200 000],Incidence Count,N/A
HIV_0000000001,Estimated number of people (all ages) living with HIV,ZAF,South Africa,2001,,3600000.0,,2400000.0,4900000.0,3 600 000 [2 400 000 - 4 900 000],Incidence Count,N/A
HIV_0000000001,Estimated number of people (all ages) living with HIV,ZAF,South Africa,2000,,3400000.0,,2200000.0,4500000.0,3 400 000 [2 200 000 - 4 500 000],Incidence Count,N/A
HIV_0000000001,Estimated number of people (all ages) living with HIV,ZMB,Zambia,2025,,1300000.0,,1200000.0,1400000.0,1 300 000 [1 200 000 - 1 400 000],Incidence Count,N/A
HIV_0000000001,Estimated number of people (all ages) living with HIV,ZMB,Zambia,2024,,1300000.0,,1200000.0,1400000.0,1 300 000 [1 200 000 - 1 400 000],Incidence Count,N/A
HIV_0000000001,Estimated number of people (all ages) living with HIV,ZMB,Zambia,2023,,1300000.0,,1300000.0,1400000.0,1 300 000 [1 300 000 - 1 400 000],Incidence Count,N/A
HIV_0000000001,Estimated number of people (all ages) living with HIV,ZMB,Zambia,2022,,1300000.0,,1300000.0,1400000.0,1 300 000 [1 300 000 - 1 400 000],Incidence Count,N/A
HIV_0000000001,Estimated number of people (all ages) living with HIV,ZMB,Zambia,2021,,1300000.0,,1300000.0,1400000.0,1 300 000 [1 300 000 - 1 400 000],Incidence Count,N/A
HIV_0000000001,Estimated number of people (all ages) living with HIV,ZMB,Zambia,2020,,1300000.0,,1300000.0,1400000.0,1 300 000 [1 300 000 - 1 400 000],Incidence Count,N/A
HIV_0000000001,Estimated number of people (all ages) living with HIV,ZMB,Zambia,2019,,1300000.0,,1300000.0,1400000.0,1 300 000 [1 300 000 - 1 400 000],Incidence Count,N/A
HIV_0000000001,Estimated number of people (all ages) living with HIV,ZMB,Zambia,2018,,1300000.0,,1200000.0,1400000.0,1 300 000 [1 200 000 - 1 400 000],Incidence Count,N/A
HIV_0000000001,Estimated number of people (all ages) living with HIV,ZMB,Zambia,2017,,1300000.0,,1200000.0,1400000.0,1 300 000 [1 200 000 - 1 400 000],Incidence Count,N/A
HIV_0000000001,Estimated number of people (all ages) living with HIV,ZMB,Zambia,2016,,1300000.0,,1200000.0,1300000.0,1 300 000 [1 200 000 - 1 300 000],Incidence Count,N/A
HIV_0000000001,Estimated number of people (all ages) living with HIV,ZMB,Zambia,2015,,1200000.0,,1200000.0,1300000.0,1 200 000 [1 200 000 - 1 300 000],Incidence Count,N/A
HIV_0000000001,Estimated number of people (all ages) living with HIV,ZMB,Zambia,2014,,1200000.0,,1200000.0,1300000.0,1 200 000 [1 200 000 - 1 300 000],Incidence Count,N/A
HIV_0000000001,Estimated number of people (all ages) living with HIV,ZMB,Zambia,2013,,1200000.0,,1100000.0,1200000.0,1 200 000 [1 100 000 - 1 200 000],Incidence Count,N/A
HIV_0000000001,Estimated number of people (all ages) living with HIV,ZMB,Zambia,2012,,1100000.0,,1100000.0,1200000.0,1 100 000 [1 100 000 - 1 200 000],Incidence Count,N/A
HIV_0000000001,Estimated number of people (all ages) living with HIV,ZMB,Zambia,2011,,1100000.0,,1100000.0,1200000.0,1 100 000 [1 100 000 - 1 200 000],Incidence Count,N/A
HIV_0000000001,Estimated number of people (all ages) living with HIV,ZMB,Zambia,2010,,1100000.0,,1000000.0,1100000.0,1 100 000 [1 000 000 - 1 100 000],Incidence Count,N/A
HIV_0000000001,Estimated number of people (all ages) living with HIV,ZMB,Zambia,2009,,1100000.0,,1000000.0,1100000.0,1 100 000 [1 000 000 - 1 100 000],Incidence Count,N/A
HIV_0000000001,Estimated number of people (all ages) living with HIV,ZMB,Zambia,2008,,1000000.0,,990000.0,1100000.0,1 000 000 [990 000 - 1 100 000],Incidence Count,N/A
HIV_0000000001,Estimated number of people (all ages) living with HIV,ZMB,Zambia,2007,,1000000.0,,970000.0,1000000.0,1 000 000 [970 000 - 1 000 000],Incidence Count,N/A
HIV_0000000001,Estimated number of people (all ages) living with HIV,ZMB,Zambia,2006,,980000.0,,940000.0,1000000.0,980 000 [940 000 - 1 000 000],Incidence Count,N/A
HIV_0000000001,Estimated number of people (all ages) living with HIV,ZMB,Zambia,2005,,960000.0,,920000.0,1000000.0,960 000 [920 000 - 1 000 000],Incidence Count,N/A
HIV_0000000001,Estimated number of people (all ages) living with HIV,ZMB,Zambia,2004,,950000.0,,910000.0,990000.0,950 000 [910 000 - 990 000],Incidence Count,N/A
HIV_0000000001,Estimated number of people (all ages) living with HIV,ZMB,Zambia,2003,,930000.0,,890000.0,980000.0,930 000 [890 000 - 980 000],Incidence Count,N/A
HIV_0000000001,Estimated number of people (all ages) living with HIV,ZMB,Zambia,2002,,910000.0,,870000.0,970000.0,910 000 [870 000 - 970 000],Incidence Count,N/A
HIV_0000000001,Estimated number of people (all ages) living with HIV,ZMB,Zambia,2001,,900000.0,,850000.0,950000.0,900 000 [850 000 - 950 000],Incidence Count,N/A
HIV_0000000001,Estimated number of people (all ages) living with HIV,ZMB,Zambia,2000,,870000.0,,830000.0,920000.0,870 000 [830 000 - 920 000],Incidence Count,N/A
HIV_0000000001,Estimated number of people (all ages) living with HIV,ZWE,Zimbabwe,2025,,1300000.0,,1200000.0,1500000.0,1 300 000 [1 200 000 - 1 500 000],Incidence Count,N/A
HIV_0000000001,Estimated number of people (all ages) living with HIV,ZWE,Zimbabwe,2024,,1300000.0,,1300000.0,1500000.0,1 300 000 [1 300 000 - 1 500 000],Incidence Count,N/A
HIV_0000000001,Estimated number of people (all ages) living with HIV,ZWE,Zimbabwe,2023,,1300000.0,,1300000.0,1500000.0,1 300 000 [1 300 000 - 1 500 000],Incidence Count,N/A
HIV_0000000001,Estimated number of people (all ages) living with HIV,ZWE,Zimbabwe,2022,,1300000.0,,1300000.0,1500000.0,1 300 000 [1 300 000 - 1 500 000],Incidence Count,N/A
HIV_0000000001,Estimated number of people (all ages) living with HIV,ZWE,Zimbabwe,2021,,1400000.0,,1300000.0,1500000.0,1 400 000 [1 300 000 - 1 500 000],Incidence Count,N/A
HIV_0000000001,Estimated number of people (all ages) living with HIV,ZWE,Zimbabwe,2020,,1400000.0,,1300000.0,1500000.0,1 400 000 [1 300 000 - 1 500 000],Incidence Count,N/A
HIV_0000000001,Estimated number of people (all ages) living with HIV,ZWE,Zimbabwe,2019,,1400000.0,,1300000.0,1600000.0,1 400 000 [1 300 000 - 1 600 000],Incidence Count,N/A
HIV_0000000001,Estimated number of people (all ages) living with HIV,ZWE,Zimbabwe,2018,,1400000.0,,1300000.0,1600000.0,1 400 000 [1 300 000 - 1 600 000],Incidence Count,N/A
HIV_0000000001,Estimated number of people (all ages) living with HIV,ZWE,Zimbabwe,2017,,1400000.0,,1300000.0,1600000.0,1 400 000 [1 300 000 - 1 600 000],Incidence Count,N/A
HIV_0000000001,Estimated number of people (all ages) living with HIV,ZWE,Zimbabwe,2016,,1400000.0,,1300000.0,1600000.0,1 400 000 [1 300 000 - 1 600 000],Incidence Count,N/A
HIV_0000000001,Estimated number of people (all ages) living with HIV,ZWE,Zimbabwe,2015,,1400000.0,,1300000.0,1600000.0,1 400 000 [1 300 000 - 1 600 000],Incidence Count,N/A
HIV_0000000001,Estimated number of people (all ages) living with HIV,ZWE,Zimbabwe,2014,,1400000.0,,1300000.0,1600000.0,1 400 000 [1 300 000 - 1 600 000],Incidence Count,N/A
HIV_0000000001,Estimated number of people (all ages) living with HIV,ZWE,Zimbabwe,2013,,1400000.0,,1300000.0,1600000.0,1 400 000 [1 300 000 - 1 600 000],Incidence Count,N/A
HIV_0000000001,Estimated number of people (all ages) living with HIV,ZWE,Zimbabwe,2012,,1400000.0,,1300000.0,1500000.0,1 400 000 [1 300 000 - 1 500 000],Incidence Count,N/A
HIV_0000000001,Estimated number of people (all ages) living with HIV,ZWE,Zimbabwe,2011,,1400000.0,,1300000.0,1500000.0,1 400 000 [1 300 000 - 1 500 000],Incidence Count,N/A
HIV_0000000001,Estimated number of people (all ages) living with HIV,ZWE,Zimbabwe,2010,,1400000.0,,1300000.0,1500000.0,1 400 000 [1 300 000 - 1 500 000],Incidence Count,N/A
HIV_0000000001,Estimated number of people (all ages) living with HIV,ZWE,Zimbabwe,2009,,1400000.0,,1300000.0,1500000.0,1 400 000 [1 300 000 - 1 500 000],Incidence Count,N/A
HIV_0000000001,Estimated number of people (all ages) living with HIV,ZWE,Zimbabwe,2008,,1400000.0,,1300000.0,1600000.0,1 400 000 [1 300 000 - 1 600 000],Incidence Count,N/A
HIV_0000000001,Estimated number of people (all ages) living with HIV,ZWE,Zimbabwe,2007,,1400000.0,,1400000.0,1600000.0,1 400 000 [1 400 000 - 1 600 000],Incidence Count,N/A
HIV_0000000001,Estimated number of people (all ages) living with HIV,ZWE,Zimbabwe,2006,,1500000.0,,1400000.0,1600000.0,1 500 000 [1 400 000 - 1 600 000],Incidence Count,N/A
HIV_0000000001,Estimated number of people (all ages) living with HIV,ZWE,Zimbabwe,2005,,1500000.0,,1500000.0,1700000.0,1 500 000 [1 500 000 - 1 700 000],Incidence Count,N/A
HIV_0000000001,Estimated number of people (all ages) living with HIV,ZWE,Zimbabwe,2004,,1600000.0,,1500000.0,1800000.0,1 600 000 [1 500 000 - 1 800 000],Incidence Count,N/A
HIV_0000000001,Estimated number of people (all ages) living with HIV,ZWE,Zimbabwe,2003,,1700000.0,,1600000.0,1800000.0,1 700 000 [1 600 000 - 1 800 000],Incidence Count,N/A
HIV_0000000001,Estimated number of people (all ages) living with HIV,ZWE,Zimbabwe,2002,,1700000.0,,1600000.0,1900000.0,1 700 000 [1 600 000 - 1 900 000],Incidence Count,N/A
HIV_0000000001,Estimated number of people (all ages) living with HIV,ZWE,Zimbabwe,2001,,1800000.0,,1700000.0,2000000.0,1 800 000 [1 700 000 - 2 000 000],Incidence Count,N/A
HIV_0000000001,Estimated number of people (all ages) living with HIV,ZWE,Zimbabwe,2000,,1800000.0,,1700000.0,2000000.0,1 800 000 [1 700 000 - 2 000 000],Incidence Count,N/A
HIV_0000000001,Estimated number of people (all ages) living with HIV,SOM,Somalia,2025,,7100.0,,6200.0,8300.0,7100 [6200 - 8300],Incidence Count,N/A
HIV_0000000001,Estimated number of people (all ages) living with HIV,SOM,Somalia,2024,,7100.0,,6300.0,8400.0,7100 [6300 - 8400],Incidence Count,N/A
HIV_0000000001,Estimated number of people (all ages) living with HIV,SOM,Somalia,2023,,7200.0,,6300.0,8400.0,7200 [6300 - 8400],Incidence Count,N/A
HIV_0000000001,Estimated number of people (all ages) living with HIV,SOM,Somalia,2022,,7300.0,,6500.0,8500.0,7300 [6500 - 8500],Incidence Count,N/A
HIV_0000000001,Estimated number of people (all ages) living with HIV,SOM,Somalia,2021,,7500.0,,6600.0,8600.0,7500 [6600 - 8600],Incidence Count,N/A
HIV_0000000001,Estimated number of people (all ages) living with HIV,SOM,Somalia,2020,,7600.0,,6700.0,8700.0,7600 [6700 - 8700],Incidence Count,N/A
HIV_0000000001,Estimated number of people (all ages) living with HIV,SOM,Somalia,2019,,7700.0,,6800.0,8800.0,7700 [6800 - 8800],Incidence Count,N/A
HIV_0000000001,Estimated number of people (all ages) living with HIV,SOM,Somalia,2018,,7900.0,,6900.0,9000.0,7900 [6900 - 9000],Incidence Count,N/A
HIV_0000000001,Estimated number of people (all ages) living with HIV,SOM,Somalia,2017,,8000.0,,7000.0,9200.0,8000 [7000 - 9200],Incidence Count,N/A
HIV_0000000001,Estimated number of people (all ages) living with HIV,SOM,Somalia,2016,,8200.0,,7100.0,9400.0,8200 [7100 - 9400],Incidence Count,N/A
HIV_0000000001,Estimated number of people (all ages) living with HIV,SOM,Somalia,2015,,8300.0,,7200.0,9700.0,8300 [7200 - 9700],Incidence Count,N/A
HIV_0000000001,Estimated number of people (all ages) living with HIV,SOM,Somalia,2014,,8600.0,,7300.0,10000.0,8600 [7300 - 10000],Incidence Count,N/A
HIV_0000000001,Estimated number of people (all ages) living with HIV,SOM,Somalia,2013,,8800.0,,7400.0,10000.0,8800 [7400 - 10 000],Incidence Count,N/A
HIV_0000000001,Estimated number of people (all ages) living with HIV,SOM,Somalia,2012,,9100.0,,7600.0,11000.0,9100 [7600 - 11 000],Incidence Count,N/A
HIV_0000000001,Estimated number of people (all ages) living with HIV,SOM,Somalia,2011,,9500.0,,7800.0,11000.0,9500 [7800 - 11 000],Incidence Count,N/A
HIV_0000000001,Estimated number of people (all ages) living with HIV,SOM,Somalia,2010,,10000.0,,8200.0,12000.0,10 000 [8200 - 12 000],Incidence Count,N/A
HIV_0000000001,Estimated number of people (all ages) living with HIV,SOM,Somalia,2009,,11000.0,,8400.0,13000.0,11 000 [8400 - 13 000],Incidence Count,N/A
HIV_0000000001,Estimated number of people (all ages) living with HIV,SOM,Somalia,2008,,11000.0,,8500.0,14000.0,11 000 [8500 - 14 000],Incidence Count,N/A
HIV_0000000001,Estimated number of people (all ages) living with HIV,SOM,Somalia,2007,,12000.0,,8700.0,14000.0,12 000 [8700 - 14 000],Incidence Count,N/A
HIV_0000000001,Estimated number of people (all ages) living with HIV,SOM,Somalia,2006,,12000.0,,9000.0,15000.0,12 000 [9000 - 15 000],Incidence Count,N/A
HIV_0000000001,Estimated number of people (all ages) living with HIV,SOM,Somalia,2005,,12000.0,,9400.0,16000.0,12 000 [9400 - 16 000],Incidence Count,N/A
HIV_0000000001,Estimated number of people (all ages) living with HIV,SOM,Somalia,2004,,13000.0,,9600.0,17000.0,13 000 [9600 - 17 000],Incidence Count,N/A
HIV_0000000001,Estimated number of people (all ages) living with HIV,SOM,Somalia,2003,,13000.0,,9800.0,18000.0,13 000 [9800 - 18 000],Incidence Count,N/A
HIV_0000000001,Estimated number of people (all ages) living with HIV,SOM,Somalia,2002,,14000.0,,9800.0,19000.0,14 000 [9800 - 19 000],Incidence Count,N/A
HIV_0000000001,Estimated number of people (all ages) living with HIV,SOM,Somalia,2001,,14000.0,,9700.0,20000.0,14 000 [9700 - 20 000],Incidence Count,N/A
HIV_0000000001,Estimated number of people (all ages) living with HIV,SOM,Somalia,2000,,14000.0,,9600.0,20000.0,14 000 [9600 - 20 000],Incidence Count,N/A
MALARIA_EST_INCIDENCE,Estimated malaria incidence (per 1000 population at risk),AGO,Angola,2024,,258.9,,160.3,392.1,258.90 [160.27-392.13],Incidence Rate,1000 population at risk
MALARIA_EST_INCIDENCE,Estimated malaria incidence (per 1000 population at risk),AGO,Angola,2023,,255.5,,157.5,395.4,255.47 [157.55-395.44],Incidence Rate,1000 population at risk
MALARIA_EST_INCIDENCE,Estimated malaria incidence (per 1000 population at risk),AGO,Angola,2022,,260.1,,161.4,393.0,260.09 [161.38-393.05],Incidence Rate,1000 population at risk
MALARIA_EST_INCIDENCE,Estimated malaria incidence (per 1000 population at risk),AGO,Angola,2021,,258.6,,169.5,375.2,258.61 [169.51-375.20],Incidence Rate,1000 population at risk
MALARIA_EST_INCIDENCE,Estimated malaria incidence (per 1000 population at risk),AGO,Angola,2020,,244.5,,153.7,365.0,244.53 [153.70-365.04],Incidence Rate,1000 population at risk
MALARIA_EST_INCIDENCE,Estimated malaria incidence (per 1000 population at risk),AGO,Angola,2019,,243.1,,160.1,352.1,243.10 [160.15-352.11],Incidence Rate,1000 population at risk
MALARIA_EST_INCIDENCE,Estimated malaria incidence (per 1000 population at risk),AGO,Angola,2018,,232.4,,170.4,312.9,232.44 [170.36-312.92],Incidence Rate,1000 population at risk
MALARIA_EST_INCIDENCE,Estimated malaria incidence (per 1000 population at risk),AGO,Angola,2017,,215.3,,167.5,271.9,215.31 [167.48-271.90],Incidence Rate,1000 population at risk
MALARIA_EST_INCIDENCE,Estimated malaria incidence (per 1000 population at risk),AGO,Angola,2016,,189.8,,146.8,240.7,189.78 [146.79-240.67],Incidence Rate,1000 population at risk
MALARIA_EST_INCIDENCE,Estimated malaria incidence (per 1000 population at risk),AGO,Angola,2015,,174.5,,133.5,224.3,174.47 [133.53-224.29],Incidence Rate,1000 population at risk
MALARIA_EST_INCIDENCE,Estimated malaria incidence (per 1000 population at risk),AGO,Angola,2014,,163.9,,120.3,217.0,163.86 [120.29-216.99],Incidence Rate,1000 population at risk
MALARIA_EST_INCIDENCE,Estimated malaria incidence (per 1000 population at risk),AGO,Angola,2013,,158.1,,115.8,211.6,158.10 [115.85-211.63],Incidence Rate,1000 population at risk
MALARIA_EST_INCIDENCE,Estimated malaria incidence (per 1000 population at risk),AGO,Angola,2012,,153.1,,113.5,201.9,153.05 [113.46-201.93],Incidence Rate,1000 population at risk
MALARIA_EST_INCIDENCE,Estimated malaria incidence (per 1000 population at risk),AGO,Angola,2011,,157.1,,117.6,205.1,157.06 [117.61-205.06],Incidence Rate,1000 population at risk
MALARIA_EST_INCIDENCE,Estimated malaria incidence (per 1000 population at risk),AGO,Angola,2010,,170.4,,129.1,219.7,170.36 [129.14-219.72],Incidence Rate,1000 population at risk
MALARIA_EST_INCIDENCE,Estimated malaria incidence (per 1000 population at risk),AGO,Angola,2009,,193.5,,145.8,251.3,193.51 [145.83-251.33],Incidence Rate,1000 population at risk
MALARIA_EST_INCIDENCE,Estimated malaria incidence (per 1000 population at risk),AGO,Angola,2008,,228.1,,172.8,296.2,228.06 [172.79-296.20],Incidence Rate,1000 population at risk
MALARIA_EST_INCIDENCE,Estimated malaria incidence (per 1000 population at risk),AGO,Angola,2007,,269.5,,207.0,343.1,269.53 [207.03-343.11],Incidence Rate,1000 population at risk
MALARIA_EST_INCIDENCE,Estimated malaria incidence (per 1000 population at risk),AGO,Angola,2006,,299.9,,228.2,386.9,299.90 [228.16-386.89],Incidence Rate,1000 population at risk
MALARIA_EST_INCIDENCE,Estimated malaria incidence (per 1000 population at risk),AGO,Angola,2005,,313.9,,229.5,423.8,313.87 [229.47-423.75],Incidence Rate,1000 population at risk
MALARIA_EST_INCIDENCE,Estimated malaria incidence (per 1000 population at risk),AGO,Angola,2004,,312.6,,220.4,432.5,312.65 [220.43-432.51],Incidence Rate,1000 population at risk
MALARIA_EST_INCIDENCE,Estimated malaria incidence (per 1000 population at risk),AGO,Angola,2003,,319.3,,221.7,445.1,319.29 [221.66-445.10],Incidence Rate,1000 population at risk
MALARIA_EST_INCIDENCE,Estimated malaria incidence (per 1000 population at risk),AGO,Angola,2002,,315.7,,214.3,455.7,315.70 [214.33-455.72],Incidence Rate,1000 population at risk
MALARIA_EST_INCIDENCE,Estimated malaria incidence (per 1000 population at risk),AGO,Angola,2001,,330.8,,223.5,474.3,330.80 [223.50-474.32],Incidence Rate,1000 population at risk
MALARIA_EST_INCIDENCE,Estimated malaria incidence (per 1000 population at risk),AGO,Angola,2000,,326.5,,224.2,457.1,326.54 [224.19-457.14],Incidence Rate,1000 population at risk
MALARIA_EST_INCIDENCE,Estimated malaria incidence (per 1000 population at risk),BDI,Burundi,2024,,314.9,,188.0,497.4,314.90 [188.03-497.35],Incidence Rate,1000 population at risk
MALARIA_EST_INCIDENCE,Estimated malaria incidence (per 1000 population at risk),BDI,Burundi,2023,,323.2,,207.2,487.8,323.25 [207.16-487.79],Incidence Rate,1000 population at risk
MALARIA_EST_INCIDENCE,Estimated malaria incidence (per 1000 population at risk),BDI,Burundi,2022,,342.3,,224.7,499.4,342.31 [224.72-499.37],Incidence Rate,1000 population at risk
MALARIA_EST_INCIDENCE,Estimated malaria incidence (per 1000 population at risk),BDI,Burundi,2021,,350.0,,247.2,483.6,349.97 [247.24-483.60],Incidence Rate,1000 population at risk
MALARIA_EST_INCIDENCE,Estimated malaria incidence (per 1000 population at risk),BDI,Burundi,2020,,345.1,,259.5,447.7,345.14 [259.53-447.70],Incidence Rate,1000 population at risk
MALARIA_EST_INCIDENCE,Estimated malaria incidence (per 1000 population at risk),BDI,Burundi,2019,,345.3,,268.4,440.4,345.28 [268.37-440.40],Incidence Rate,1000 population at risk
MALARIA_EST_INCIDENCE,Estimated malaria incidence (per 1000 population at risk),BDI,Burundi,2018,,350.8,,280.5,432.2,350.82 [280.48-432.22],Incidence Rate,1000 population at risk
MALARIA_EST_INCIDENCE,Estimated malaria incidence (per 1000 population at risk),BDI,Burundi,2017,,346.3,,281.9,421.2,346.29 [281.93-421.17],Incidence Rate,1000 population at risk
MALARIA_EST_INCIDENCE,Estimated malaria incidence (per 1000 population at risk),BDI,Burundi,2016,,321.3,,256.8,397.6,321.30 [256.79-397.60],Incidence Rate,1000 population at risk
MALARIA_EST_INCIDENCE,Estimated malaria incidence (per 1000 population at risk),BDI,Burundi,2015,,285.0,,219.9,363.8,285.00 [219.92-363.80],Incidence Rate,1000 population at risk
MALARIA_EST_INCIDENCE,Estimated malaria incidence (per 1000 population at risk),BDI,Burundi,2014,,250.9,,185.5,331.5,250.86 [185.53-331.54],Incidence Rate,1000 population at risk
MALARIA_EST_INCIDENCE,Estimated malaria incidence (per 1000 population at risk),BDI,Burundi,2013,,235.0,,174.0,309.5,234.96 [173.99-309.54],Incidence Rate,1000 population at risk
MALARIA_EST_INCIDENCE,Estimated malaria incidence (per 1000 population at risk),BDI,Burundi,2012,,232.2,,177.6,298.7,232.24 [177.59-298.75],Incidence Rate,1000 population at risk
MALARIA_EST_INCIDENCE,Estimated malaria incidence (per 1000 population at risk),BDI,Burundi,2011,,245.4,,184.3,318.7,245.35 [184.31-318.68],Incidence Rate,1000 population at risk
MALARIA_EST_INCIDENCE,Estimated malaria incidence (per 1000 population at risk),BDI,Burundi,2010,,259.3,,189.9,344.5,259.34 [189.85-344.55],Incidence Rate,1000 population at risk
MALARIA_EST_INCIDENCE,Estimated malaria incidence (per 1000 population at risk),BDI,Burundi,2009,,281.6,,204.7,379.5,281.56 [204.73-379.53],Incidence Rate,1000 population at risk
MALARIA_EST_INCIDENCE,Estimated malaria incidence (per 1000 population at risk),BDI,Burundi,2008,,288.8,,205.4,394.9,288.77 [205.41-394.87],Incidence Rate,1000 population at risk
MALARIA_EST_INCIDENCE,Estimated malaria incidence (per 1000 population at risk),BDI,Burundi,2007,,287.9,,205.3,392.9,287.94 [205.31-392.90],Incidence Rate,1000 population at risk
MALARIA_EST_INCIDENCE,Estimated malaria incidence (per 1000 population at risk),BDI,Burundi,2006,,287.8,,211.2,381.7,287.78 [211.23-381.68],Incidence Rate,1000 population at risk
MALARIA_EST_INCIDENCE,Estimated malaria incidence (per 1000 population at risk),BDI,Burundi,2005,,284.5,,209.9,377.4,284.48 [209.95-377.37],Incidence Rate,1000 population at risk
MALARIA_EST_INCIDENCE,Estimated malaria incidence (per 1000 population at risk),BDI,Burundi,2004,,296.0,,219.0,391.0,295.97 [219.01-390.96],Incidence Rate,1000 population at risk
MALARIA_EST_INCIDENCE,Estimated malaria incidence (per 1000 population at risk),BDI,Burundi,2003,,343.4,,257.4,447.8,343.45 [257.37-447.80],Incidence Rate,1000 population at risk
MALARIA_EST_INCIDENCE,Estimated malaria incidence (per 1000 population at risk),BDI,Burundi,2002,,388.1,,288.6,506.1,388.13 [288.60-506.13],Incidence Rate,1000 population at risk
MALARIA_EST_INCIDENCE,Estimated malaria incidence (per 1000 population at risk),BDI,Burundi,2001,,416.1,,309.4,548.4,416.12 [309.40-548.41],Incidence Rate,1000 population at risk
MALARIA_EST_INCIDENCE,Estimated malaria incidence (per 1000 population at risk),BDI,Burundi,2000,,427.5,,302.3,579.1,427.48 [302.29-579.13],Incidence Rate,1000 population at risk
MALARIA_EST_INCIDENCE,Estimated malaria incidence (per 1000 population at risk),BEN,Benin,2024,,354.3,,227.9,527.5,354.25 [227.86-527.48],Incidence Rate,1000 population at risk
MALARIA_EST_INCIDENCE,Estimated malaria incidence (per 1000 population at risk),BEN,Benin,2023,,361.3,,243.4,516.4,361.26 [243.41-516.39],Incidence Rate,1000 population at risk
MALARIA_EST_INCIDENCE,Estimated malaria incidence (per 1000 population at risk),BEN,Benin,2022,,376.6,,266.3,521.3,376.60 [266.25-521.30],Incidence Rate,1000 population at risk
MALARIA_EST_INCIDENCE,Estimated malaria incidence (per 1000 population at risk),BEN,Benin,2021,,378.2,,277.3,502.2,378.20 [277.28-502.20],Incidence Rate,1000 population at risk
MALARIA_EST_INCIDENCE,Estimated malaria incidence (per 1000 population at risk),BEN,Benin,2020,,377.0,,281.2,491.2,377.01 [281.17-491.19],Incidence Rate,1000 population at risk
MALARIA_EST_INCIDENCE,Estimated malaria incidence (per 1000 population at risk),BEN,Benin,2019,,399.9,,307.6,511.3,399.91 [307.59-511.29],Incidence Rate,1000 population at risk
MALARIA_EST_INCIDENCE,Estimated malaria incidence (per 1000 population at risk),BEN,Benin,2018,,407.7,,323.8,507.2,407.71 [323.78-507.24],Incidence Rate,1000 population at risk
MALARIA_EST_INCIDENCE,Estimated malaria incidence (per 1000 population at risk),BEN,Benin,2017,,415.7,,336.6,510.3,415.74 [336.59-510.35],Incidence Rate,1000 population at risk
MALARIA_EST_INCIDENCE,Estimated malaria incidence (per 1000 population at risk),BEN,Benin,2016,,415.9,,336.0,510.8,415.92 [335.97-510.79],Incidence Rate,1000 population at risk
MALARIA_EST_INCIDENCE,Estimated malaria incidence (per 1000 population at risk),BEN,Benin,2015,,390.8,,310.3,486.2,390.76 [310.28-486.20],Incidence Rate,1000 population at risk
MALARIA_EST_INCIDENCE,Estimated malaria incidence (per 1000 population at risk),BEN,Benin,2014,,369.1,,284.9,470.7,369.11 [284.90-470.69],Incidence Rate,1000 population at risk
MALARIA_EST_INCIDENCE,Estimated malaria incidence (per 1000 population at risk),BEN,Benin,2013,,362.1,,279.1,462.2,362.14 [279.10-462.22],Incidence Rate,1000 population at risk
MALARIA_EST_INCIDENCE,Estimated malaria incidence (per 1000 population at risk),BEN,Benin,2012,,365.2,,287.2,456.3,365.18 [287.18-456.32],Incidence Rate,1000 population at risk
MALARIA_EST_INCIDENCE,Estimated malaria incidence (per 1000 population at risk),BEN,Benin,2011,,383.0,,301.9,480.2,382.99 [301.87-480.18],Incidence Rate,1000 population at risk
MALARIA_EST_INCIDENCE,Estimated malaria incidence (per 1000 population at risk),BEN,Benin,2010,,417.1,,332.7,519.6,417.07 [332.65-519.55],Incidence Rate,1000 population at risk
MALARIA_EST_INCIDENCE,Estimated malaria incidence (per 1000 population at risk),BEN,Benin,2009,,448.6,,354.6,556.9,448.56 [354.62-556.87],Incidence Rate,1000 population at risk
MALARIA_EST_INCIDENCE,Estimated malaria incidence (per 1000 population at risk),BEN,Benin,2008,,473.5,,372.4,590.8,473.51 [372.36-590.83],Incidence Rate,1000 population at risk
MALARIA_EST_INCIDENCE,Estimated malaria incidence (per 1000 population at risk),BEN,Benin,2007,,496.8,,394.8,615.3,496.75 [394.80-615.28],Incidence Rate,1000 population at risk
MALARIA_EST_INCIDENCE,Estimated malaria incidence (per 1000 population at risk),BEN,Benin,2006,,508.9,,409.8,624.8,508.93 [409.83-624.80],Incidence Rate,1000 population at risk
MALARIA_EST_INCIDENCE,Estimated malaria incidence (per 1000 population at risk),BEN,Benin,2005,,510.2,,408.5,627.8,510.17 [408.52-627.84],Incidence Rate,1000 population at risk
MALARIA_EST_INCIDENCE,Estimated malaria incidence (per 1000 population at risk),BEN,Benin,2004,,495.6,,392.9,611.5,495.55 [392.86-611.54],Incidence Rate,1000 population at risk
MALARIA_EST_INCIDENCE,Estimated malaria incidence (per 1000 population at risk),BEN,Benin,2003,,473.3,,368.1,599.6,473.30 [368.09-599.61],Incidence Rate,1000 population at risk
MALARIA_EST_INCIDENCE,Estimated malaria incidence (per 1000 population at risk),BEN,Benin,2002,,453.5,,342.7,589.4,453.46 [342.68-589.41],Incidence Rate,1000 population at risk
MALARIA_EST_INCIDENCE,Estimated malaria incidence (per 1000 population at risk),BEN,Benin,2001,,434.3,,325.7,570.0,434.27 [325.67-570.03],Incidence Rate,1000 population at risk
MALARIA_EST_INCIDENCE,Estimated malaria incidence (per 1000 population at risk),BEN,Benin,2000,,416.0,,311.4,540.5,416.00 [311.37-540.53],Incidence Rate,1000 population at risk
MALARIA_EST_INCIDENCE,Estimated malaria incidence (per 1000 population at risk),BFA,Burkina Faso,2024,,353.5,,233.9,512.0,353.49 [233.87-512.05],Incidence Rate,1000 population at risk
MALARIA_EST_INCIDENCE,Estimated malaria incidence (per 1000 population at risk),BFA,Burkina Faso,2023,,353.5,,233.7,508.2,353.49 [233.73-508.23],Incidence Rate,1000 population at risk
MALARIA_EST_INCIDENCE,Estimated malaria incidence (per 1000 population at risk),BFA,Burkina Faso,2022,,356.3,,237.6,514.8,356.27 [237.60-514.81],Incidence Rate,1000 population at risk
MALARIA_EST_INCIDENCE,Estimated malaria incidence (per 1000 population at risk),BFA,Burkina Faso,2021,,378.6,,251.3,547.9,378.58 [251.28-547.86],Incidence Rate,1000 population at risk
MALARIA_EST_INCIDENCE,Estimated malaria incidence (per 1000 population at risk),BFA,Burkina Faso,2020,,378.2,,250.2,545.6,378.17 [250.23-545.60],Incidence Rate,1000 population at risk
MALARIA_EST_INCIDENCE,Estimated malaria incidence (per 1000 population at risk),BFA,Burkina Faso,2019,,356.5,,241.6,512.9,356.49 [241.56-512.91],Incidence Rate,1000 population at risk
MALARIA_EST_INCIDENCE,Estimated malaria incidence (per 1000 population at risk),BFA,Burkina Faso,2018,,356.2,,239.3,508.0,356.23 [239.33-507.98],Incidence Rate,1000 population at risk
MALARIA_EST_INCIDENCE,Estimated malaria incidence (per 1000 population at risk),BFA,Burkina Faso,2017,,356.6,,246.6,502.9,356.56 [246.60-502.86],Incidence Rate,1000 population at risk
MALARIA_EST_INCIDENCE,Estimated malaria incidence (per 1000 population at risk),BFA,Burkina Faso,2016,,373.2,,276.8,494.2,373.17 [276.76-494.19],Incidence Rate,1000 population at risk
MALARIA_EST_INCIDENCE,Estimated malaria incidence (per 1000 population at risk),BFA,Burkina Faso,2015,,418.0,,330.7,520.6,417.95 [330.72-520.56],Incidence Rate,1000 population at risk
MALARIA_EST_INCIDENCE,Estimated malaria incidence (per 1000 population at risk),BFA,Burkina Faso,2014,,446.1,,358.5,548.6,446.14 [358.46-548.60],Incidence Rate,1000 population at risk
MALARIA_EST_INCIDENCE,Estimated malaria incidence (per 1000 population at risk),BFA,Burkina Faso,2013,,487.1,,392.3,598.7,487.14 [392.27-598.67],Incidence Rate,1000 population at risk
MALARIA_EST_INCIDENCE,Estimated malaria incidence (per 1000 population at risk),BFA,Burkina Faso,2012,,533.4,,429.8,654.2,533.39 [429.79-654.16],Incidence Rate,1000 population at risk
MALARIA_EST_INCIDENCE,Estimated malaria incidence (per 1000 population at risk),BFA,Burkina Faso,2011,,554.7,,447.5,677.8,554.68 [447.45-677.82],Incidence Rate,1000 population at risk
MALARIA_EST_INCIDENCE,Estimated malaria incidence (per 1000 population at risk),BFA,Burkina Faso,2010,,568.4,,457.4,696.1,568.37 [457.42-696.09],Incidence Rate,1000 population at risk
MALARIA_EST_INCIDENCE,Estimated malaria incidence (per 1000 population at risk),BFA,Burkina Faso,2009,,568.6,,455.0,697.2,568.59 [454.96-697.22],Incidence Rate,1000 population at risk
MALARIA_EST_INCIDENCE,Estimated malaria incidence (per 1000 population at risk),BFA,Burkina Faso,2008,,549.6,,443.0,674.7,549.65 [443.01-674.70],Incidence Rate,1000 population at risk
MALARIA_EST_INCIDENCE,Estimated malaria incidence (per 1000 population at risk),BFA,Burkina Faso,2007,,519.3,,409.3,648.9,519.27 [409.31-648.87],Incidence Rate,1000 population at risk
MALARIA_EST_INCIDENCE,Estimated malaria incidence (per 1000 population at risk),BFA,Burkina Faso,2006,,511.2,,401.6,640.9,511.16 [401.58-640.89],Incidence Rate,1000 population at risk
MALARIA_EST_INCIDENCE,Estimated malaria incidence (per 1000 population at risk),BFA,Burkina Faso,2005,,528.5,,417.7,660.6,528.52 [417.67-660.61],Incidence Rate,1000 population at risk
MALARIA_EST_INCIDENCE,Estimated malaria incidence (per 1000 population at risk),BFA,Burkina Faso,2004,,559.0,,448.1,687.4,559.01 [448.15-687.41],Incidence Rate,1000 population at risk
MALARIA_EST_INCIDENCE,Estimated malaria incidence (per 1000 population at risk),BFA,Burkina Faso,2003,,582.1,,467.1,716.5,582.14 [467.05-716.47],Incidence Rate,1000 population at risk
MALARIA_EST_INCIDENCE,Estimated malaria incidence (per 1000 population at risk),BFA,Burkina Faso,2002,,592.5,,474.9,725.2,592.47 [474.94-725.17],Incidence Rate,1000 population at risk
MALARIA_EST_INCIDENCE,Estimated malaria incidence (per 1000 population at risk),BFA,Burkina Faso,2001,,597.5,,477.1,735.9,597.54 [477.06-735.93],Incidence Rate,1000 population at risk
MALARIA_EST_INCIDENCE,Estimated malaria incidence (per 1000 population at risk),BFA,Burkina Faso,2000,,597.2,,475.7,740.9,597.17 [475.65-740.85],Incidence Rate,1000 population at risk
MALARIA_EST_INCIDENCE,Estimated malaria incidence (per 1000 population at risk),BWA,Botswana,2024,,0.2,,0.15,0.28,0.20 [0.15-0.28],Incidence Rate,1000 population at risk
MALARIA_EST_INCIDENCE,Estimated malaria incidence (per 1000 population at risk),BWA,Botswana,2023,,0.47,,0.36,0.66,0.47 [0.36-0.66],Incidence Rate,1000 population at risk
MALARIA_EST_INCIDENCE,Estimated malaria incidence (per 1000 population at risk),BWA,Botswana,2022,,0.34,,0.26,0.48,0.34 [0.26-0.48],Incidence Rate,1000 population at risk
MALARIA_EST_INCIDENCE,Estimated malaria incidence (per 1000 population at risk),BWA,Botswana,2021,,0.67,,0.51,0.94,0.67 [0.51-0.94],Incidence Rate,1000 population at risk
MALARIA_EST_INCIDENCE,Estimated malaria incidence (per 1000 population at risk),BWA,Botswana,2020,,1.13,,0.78,1.74,1.13 [0.78-1.74],Incidence Rate,1000 population at risk
MALARIA_EST_INCIDENCE,Estimated malaria incidence (per 1000 population at risk),BWA,Botswana,2019,,0.17,,0.13,0.23,0.17 [0.13-0.23],Incidence Rate,1000 population at risk
MALARIA_EST_INCIDENCE,Estimated malaria incidence (per 1000 population at risk),BWA,Botswana,2018,,0.53,,0.41,0.74,0.53 [0.41-0.74],Incidence Rate,1000 population at risk
MALARIA_EST_INCIDENCE,Estimated malaria incidence (per 1000 population at risk),BWA,Botswana,2017,,1.96,,1.51,2.67,1.96 [1.51-2.67],Incidence Rate,1000 population at risk
MALARIA_EST_INCIDENCE,Estimated malaria incidence (per 1000 population at risk),BWA,Botswana,2016,,0.67,,0.52,0.97,0.67 [0.52-0.97],Incidence Rate,1000 population at risk
MALARIA_EST_INCIDENCE,Estimated malaria incidence (per 1000 population at risk),BWA,Botswana,2015,,0.31,,0.24,0.42,0.31 [0.24-0.42],Incidence Rate,1000 population at risk
MALARIA_EST_INCIDENCE,Estimated malaria incidence (per 1000 population at risk),BWA,Botswana,2014,,1.44,,1.12,1.93,1.44 [1.12-1.93],Incidence Rate,1000 population at risk
MALARIA_EST_INCIDENCE,Estimated malaria incidence (per 1000 population at risk),BWA,Botswana,2013,,0.51,,0.4,0.69,0.51 [0.40-0.69],Incidence Rate,1000 population at risk
MALARIA_EST_INCIDENCE,Estimated malaria incidence (per 1000 population at risk),BWA,Botswana,2012,,0.22,,0.17,0.32,0.22 [0.17-0.32],Incidence Rate,1000 population at risk
MALARIA_EST_INCIDENCE,Estimated malaria incidence (per 1000 population at risk),BWA,Botswana,2011,,0.5,,0.38,0.68,0.50 [0.38-0.68],Incidence Rate,1000 population at risk
MALARIA_EST_INCIDENCE,Estimated malaria incidence (per 1000 population at risk),BWA,Botswana,2010,,1.65,,0.99,2.95,1.65 [0.99-2.95],Incidence Rate,1000 population at risk
MALARIA_EST_INCIDENCE,Estimated malaria incidence (per 1000 population at risk),BWA,Botswana,2009,,2.06,,1.01,4.05,2.06 [1.01-4.05],Incidence Rate,1000 population at risk
MALARIA_EST_INCIDENCE,Estimated malaria incidence (per 1000 population at risk),BWA,Botswana,2008,,1.9,,0.92,3.77,1.90 [0.92-3.77],Incidence Rate,1000 population at risk
MALARIA_EST_INCIDENCE,Estimated malaria incidence (per 1000 population at risk),BWA,Botswana,2007,,1.02,,0.39,2.53,1.02 [0.39-2.53],Incidence Rate,1000 population at risk
MALARIA_EST_INCIDENCE,Estimated malaria incidence (per 1000 population at risk),BWA,Botswana,2006,,3.86,,2.57,6.28,3.86 [2.57-6.28],Incidence Rate,1000 population at risk
MALARIA_EST_INCIDENCE,Estimated malaria incidence (per 1000 population at risk),BWA,Botswana,2005,,1.2,,0.69,2.33,1.20 [0.69-2.33],Incidence Rate,1000 population at risk
MALARIA_EST_INCIDENCE,Estimated malaria incidence (per 1000 population at risk),BWA,Botswana,2004,,1.02,,0.21,3.01,1.02 [0.21-3.01],Incidence Rate,1000 population at risk
MALARIA_EST_INCIDENCE,Estimated malaria incidence (per 1000 population at risk),BWA,Botswana,2003,,1.58,,0.64,3.83,1.58 [0.64-3.83],Incidence Rate,1000 population at risk
MALARIA_EST_INCIDENCE,Estimated malaria incidence (per 1000 population at risk),BWA,Botswana,2002,,3.17,,1.78,6.35,3.17 [1.78-6.35],Incidence Rate,1000 population at risk
MALARIA_EST_INCIDENCE,Estimated malaria incidence (per 1000 population at risk),BWA,Botswana,2001,,6.79,,4.12,12.79,6.79 [4.12-12.79],Incidence Rate,1000 population at risk
MALARIA_EST_INCIDENCE,Estimated malaria incidence (per 1000 population at risk),BWA,Botswana,2000,,17.23,,11.76,30.62,17.23 [11.76-30.62],Incidence Rate,1000 population at risk
MALARIA_EST_INCIDENCE,Estimated malaria incidence (per 1000 population at risk),CAF,Central African Republic,2024,,343.8,,168.8,638.3,343.84 [168.82-638.28],Incidence Rate,1000 population at risk
MALARIA_EST_INCIDENCE,Estimated malaria incidence (per 1000 population at risk),CAF,Central African Republic,2023,,346.0,,166.0,641.1,345.98 [166.01-641.07],Incidence Rate,1000 population at risk
MALARIA_EST_INCIDENCE,Estimated malaria incidence (per 1000 population at risk),CAF,Central African Republic,2022,,354.5,,169.8,661.9,354.50 [169.76-661.86],Incidence Rate,1000 population at risk
MALARIA_EST_INCIDENCE,Estimated malaria incidence (per 1000 population at risk),CAF,Central African Republic,2021,,364.3,,174.3,691.1,364.25 [174.28-691.06],Incidence Rate,1000 population at risk
MALARIA_EST_INCIDENCE,Estimated malaria incidence (per 1000 population at risk),CAF,Central African Republic,2020,,376.1,,184.9,694.6,376.08 [184.86-694.63],Incidence Rate,1000 population at risk
MALARIA_EST_INCIDENCE,Estimated malaria incidence (per 1000 population at risk),CAF,Central African Republic,2019,,383.3,,193.0,689.6,383.29 [193.03-689.63],Incidence Rate,1000 population at risk
MALARIA_EST_INCIDENCE,Estimated malaria incidence (per 1000 population at risk),CAF,Central African Republic,2018,,385.3,,200.8,686.6,385.26 [200.83-686.57],Incidence Rate,1000 population at risk
MALARIA_EST_INCIDENCE,Estimated malaria incidence (per 1000 population at risk),CAF,Central African Republic,2017,,387.4,,207.4,658.2,387.44 [207.40-658.18],Incidence Rate,1000 population at risk
MALARIA_EST_INCIDENCE,Estimated malaria incidence (per 1000 population at risk),CAF,Central African Republic,2016,,396.0,,221.7,656.3,395.97 [221.75-656.32],Incidence Rate,1000 population at risk
MALARIA_EST_INCIDENCE,Estimated malaria incidence (per 1000 population at risk),CAF,Central African Republic,2015,,410.3,,232.4,672.1,410.31 [232.43-672.06],Incidence Rate,1000 population at risk
MALARIA_EST_INCIDENCE,Estimated malaria incidence (per 1000 population at risk),CAF,Central African Republic,2014,,420.4,,245.5,672.4,420.39 [245.51-672.44],Incidence Rate,1000 population at risk
MALARIA_EST_INCIDENCE,Estimated malaria incidence (per 1000 population at risk),CAF,Central African Republic,2013,,427.3,,252.6,675.5,427.32 [252.61-675.48],Incidence Rate,1000 population at risk
MALARIA_EST_INCIDENCE,Estimated malaria incidence (per 1000 population at risk),CAF,Central African Republic,2012,,434.8,,260.7,682.0,434.79 [260.72-681.95],Incidence Rate,1000 population at risk
MALARIA_EST_INCIDENCE,Estimated malaria incidence (per 1000 population at risk),CAF,Central African Republic,2011,,443.0,,276.8,681.2,443.04 [276.85-681.18],Incidence Rate,1000 population at risk
MALARIA_EST_INCIDENCE,Estimated malaria incidence (per 1000 population at risk),CAF,Central African Republic,2010,,453.1,,292.5,674.3,453.11 [292.48-674.29],Incidence Rate,1000 population at risk
MALARIA_EST_INCIDENCE,Estimated malaria incidence (per 1000 population at risk),CAF,Central African Republic,2009,,463.5,,309.1,670.2,463.55 [309.07-670.18],Incidence Rate,1000 population at risk
MALARIA_EST_INCIDENCE,Estimated malaria incidence (per 1000 population at risk),CAF,Central African Republic,2008,,465.7,,312.2,669.7,465.74 [312.18-669.70],Incidence Rate,1000 population at risk
MALARIA_EST_INCIDENCE,Estimated malaria incidence (per 1000 population at risk),CAF,Central African Republic,2007,,467.6,,313.6,672.3,467.59 [313.59-672.26],Incidence Rate,1000 population at risk
MALARIA_EST_INCIDENCE,Estimated malaria incidence (per 1000 population at risk),CAF,Central African Republic,2006,,467.9,,303.0,684.8,467.93 [303.02-684.82],Incidence Rate,1000 population at risk
MALARIA_EST_INCIDENCE,Estimated malaria incidence (per 1000 population at risk),CAF,Central African Republic,2005,,465.3,,296.3,700.8,465.26 [296.28-700.84],Incidence Rate,1000 population at risk
MALARIA_EST_INCIDENCE,Estimated malaria incidence (per 1000 population at risk),CAF,Central African Republic,2004,,461.3,,286.1,708.1,461.27 [286.07-708.13],Incidence Rate,1000 population at risk
MALARIA_EST_INCIDENCE,Estimated malaria incidence (per 1000 population at risk),CAF,Central African Republic,2003,,455.2,,277.0,701.7,455.24 [276.99-701.71],Incidence Rate,1000 population at risk
MALARIA_EST_INCIDENCE,Estimated malaria incidence (per 1000 population at risk),CAF,Central African Republic,2002,,447.8,,273.6,693.9,447.85 [273.59-693.92],Incidence Rate,1000 population at risk
MALARIA_EST_INCIDENCE,Estimated malaria incidence (per 1000 population at risk),CAF,Central African Republic,2001,,438.5,,270.6,683.1,438.51 [270.65-683.07],Incidence Rate,1000 population at risk
MALARIA_EST_INCIDENCE,Estimated malaria incidence (per 1000 population at risk),CAF,Central African Republic,2000,,438.1,,272.3,669.8,438.12 [272.30-669.85],Incidence Rate,1000 population at risk
MALARIA_EST_INCIDENCE,Estimated malaria incidence (per 1000 population at risk),CMR,Cameroon,2024,,260.5,,190.3,349.4,260.46 [190.29-349.40],Incidence Rate,1000 population at risk
MALARIA_EST_INCIDENCE,Estimated malaria incidence (per 1000 population at risk),CMR,Cameroon,2023,,259.1,,198.7,332.9,259.08 [198.74-332.94],Incidence Rate,1000 population at risk
MALARIA_EST_INCIDENCE,Estimated malaria incidence (per 1000 population at risk),CMR,Cameroon,2022,,265.0,,204.6,336.9,265.03 [204.61-336.94],Incidence Rate,1000 population at risk
MALARIA_EST_INCIDENCE,Estimated malaria incidence (per 1000 population at risk),CMR,Cameroon,2021,,270.7,,207.4,346.1,270.65 [207.36-346.13],Incidence Rate,1000 population at risk
MALARIA_EST_INCIDENCE,Estimated malaria incidence (per 1000 population at risk),CMR,Cameroon,2020,,264.8,,198.0,345.8,264.81 [198.03-345.84],Incidence Rate,1000 population at risk
MALARIA_EST_INCIDENCE,Estimated malaria incidence (per 1000 population at risk),CMR,Cameroon,2019,,243.4,,183.9,317.1,243.44 [183.87-317.10],Incidence Rate,1000 population at risk
MALARIA_EST_INCIDENCE,Estimated malaria incidence (per 1000 population at risk),CMR,Cameroon,2018,,249.0,,189.9,319.9,248.98 [189.89-319.94],Incidence Rate,1000 population at risk
MALARIA_EST_INCIDENCE,Estimated malaria incidence (per 1000 population at risk),CMR,Cameroon,2017,,259.0,,194.6,336.7,258.98 [194.64-336.74],Incidence Rate,1000 population at risk
MALARIA_EST_INCIDENCE,Estimated malaria incidence (per 1000 population at risk),CMR,Cameroon,2016,,268.5,,197.5,356.1,268.53 [197.46-356.08],Incidence Rate,1000 population at risk
MALARIA_EST_INCIDENCE,Estimated malaria incidence (per 1000 population at risk),CMR,Cameroon,2015,,271.1,,195.7,364.9,271.06 [195.67-364.92],Incidence Rate,1000 population at risk
MALARIA_EST_INCIDENCE,Estimated malaria incidence (per 1000 population at risk),CMR,Cameroon,2014,,272.5,,192.3,374.7,272.51 [192.31-374.67],Incidence Rate,1000 population at risk
MALARIA_EST_INCIDENCE,Estimated malaria incidence (per 1000 population at risk),CMR,Cameroon,2013,,271.1,,190.2,371.8,271.10 [190.23-371.78],Incidence Rate,1000 population at risk
MALARIA_EST_INCIDENCE,Estimated malaria incidence (per 1000 population at risk),CMR,Cameroon,2012,,261.1,,193.6,344.9,261.14 [193.55-344.94],Incidence Rate,1000 population at risk
MALARIA_EST_INCIDENCE,Estimated malaria incidence (per 1000 population at risk),CMR,Cameroon,2011,,266.6,,202.7,342.4,266.60 [202.73-342.42],Incidence Rate,1000 population at risk
MALARIA_EST_INCIDENCE,Estimated malaria incidence (per 1000 population at risk),CMR,Cameroon,2010,,295.7,,226.0,379.6,295.67 [225.97-379.64],Incidence Rate,1000 population at risk
MALARIA_EST_INCIDENCE,Estimated malaria incidence (per 1000 population at risk),CMR,Cameroon,2009,,351.1,,271.1,448.0,351.15 [271.07-448.02],Incidence Rate,1000 population at risk
MALARIA_EST_INCIDENCE,Estimated malaria incidence (per 1000 population at risk),CMR,Cameroon,2008,,391.6,,305.4,494.9,391.63 [305.44-494.93],Incidence Rate,1000 population at risk
MALARIA_EST_INCIDENCE,Estimated malaria incidence (per 1000 population at risk),CMR,Cameroon,2007,,409.9,,321.3,515.0,409.95 [321.29-515.00],Incidence Rate,1000 population at risk
MALARIA_EST_INCIDENCE,Estimated malaria incidence (per 1000 population at risk),CMR,Cameroon,2006,,425.9,,339.4,527.1,425.95 [339.39-527.13],Incidence Rate,1000 population at risk
MALARIA_EST_INCIDENCE,Estimated malaria incidence (per 1000 population at risk),CMR,Cameroon,2005,,435.6,,346.0,541.7,435.58 [346.03-541.68],Incidence Rate,1000 population at risk
MALARIA_EST_INCIDENCE,Estimated malaria incidence (per 1000 population at risk),CMR,Cameroon,2004,,438.7,,347.6,551.2,438.73 [347.55-551.21],Incidence Rate,1000 population at risk
MALARIA_EST_INCIDENCE,Estimated malaria incidence (per 1000 population at risk),CMR,Cameroon,2003,,441.4,,350.7,545.5,441.40 [350.65-545.52],Incidence Rate,1000 population at risk
MALARIA_EST_INCIDENCE,Estimated malaria incidence (per 1000 population at risk),CMR,Cameroon,2002,,437.2,,348.2,542.5,437.17 [348.22-542.53],Incidence Rate,1000 population at risk
MALARIA_EST_INCIDENCE,Estimated malaria incidence (per 1000 population at risk),CMR,Cameroon,2001,,426.3,,335.7,532.9,426.29 [335.68-532.94],Incidence Rate,1000 population at risk
MALARIA_EST_INCIDENCE,Estimated malaria incidence (per 1000 population at risk),CMR,Cameroon,2000,,394.8,,304.1,500.9,394.85 [304.06-500.85],Incidence Rate,1000 population at risk
MALARIA_EST_INCIDENCE,Estimated malaria incidence (per 1000 population at risk),COD,Democratic Republic of the Congo,2024,,321.9,,243.1,416.9,321.89 [243.10-416.93],Incidence Rate,1000 population at risk
MALARIA_EST_INCIDENCE,Estimated malaria incidence (per 1000 population at risk),COD,Democratic Republic of the Congo,2023,,325.3,,246.4,420.5,325.29 [246.42-420.46],Incidence Rate,1000 population at risk
MALARIA_EST_INCIDENCE,Estimated malaria incidence (per 1000 population at risk),COD,Democratic Republic of the Congo,2022,,327.9,,247.5,422.3,327.94 [247.45-422.29],Incidence Rate,1000 population at risk
MALARIA_EST_INCIDENCE,Estimated malaria incidence (per 1000 population at risk),COD,Democratic Republic of the Congo,2021,,338.0,,259.5,435.7,338.04 [259.47-435.74],Incidence Rate,1000 population at risk
MALARIA_EST_INCIDENCE,Estimated malaria incidence (per 1000 population at risk),COD,Democratic Republic of the Congo,2020,,338.9,,258.8,435.7,338.92 [258.76-435.74],Incidence Rate,1000 population at risk
MALARIA_EST_INCIDENCE,Estimated malaria incidence (per 1000 population at risk),COD,Democratic Republic of the Congo,2019,,339.8,,263.6,432.1,339.77 [263.55-432.11],Incidence Rate,1000 population at risk
MALARIA_EST_INCIDENCE,Estimated malaria incidence (per 1000 population at risk),COD,Democratic Republic of the Congo,2018,,337.4,,260.7,427.1,337.42 [260.69-427.11],Incidence Rate,1000 population at risk
MALARIA_EST_INCIDENCE,Estimated malaria incidence (per 1000 population at risk),COD,Democratic Republic of the Congo,2017,,324.1,,248.7,412.4,324.07 [248.65-412.35],Incidence Rate,1000 population at risk
MALARIA_EST_INCIDENCE,Estimated malaria incidence (per 1000 population at risk),COD,Democratic Republic of the Congo,2016,,310.3,,237.7,399.4,310.28 [237.68-399.35],Incidence Rate,1000 population at risk
MALARIA_EST_INCIDENCE,Estimated malaria incidence (per 1000 population at risk),COD,Democratic Republic of the Congo,2015,,303.0,,233.9,385.0,303.04 [233.90-385.04],Incidence Rate,1000 population at risk
MALARIA_EST_INCIDENCE,Estimated malaria incidence (per 1000 population at risk),COD,Democratic Republic of the Congo,2014,,297.4,,232.0,377.4,297.36 [231.99-377.42],Incidence Rate,1000 population at risk
MALARIA_EST_INCIDENCE,Estimated malaria incidence (per 1000 population at risk),COD,Democratic Republic of the Congo,2013,,310.5,,244.5,388.1,310.49 [244.55-388.05],Incidence Rate,1000 population at risk
MALARIA_EST_INCIDENCE,Estimated malaria incidence (per 1000 population at risk),COD,Democratic Republic of the Congo,2012,,335.8,,264.7,419.7,335.80 [264.68-419.66],Incidence Rate,1000 population at risk
MALARIA_EST_INCIDENCE,Estimated malaria incidence (per 1000 population at risk),COD,Democratic Republic of the Congo,2011,,360.2,,287.8,447.2,360.23 [287.84-447.18],Incidence Rate,1000 population at risk
MALARIA_EST_INCIDENCE,Estimated malaria incidence (per 1000 population at risk),COD,Democratic Republic of the Congo,2010,,381.3,,307.1,467.5,381.32 [307.06-467.45],Incidence Rate,1000 population at risk
MALARIA_EST_INCIDENCE,Estimated malaria incidence (per 1000 population at risk),COD,Democratic Republic of the Congo,2009,,405.2,,327.4,494.6,405.23 [327.36-494.64],Incidence Rate,1000 population at risk
MALARIA_EST_INCIDENCE,Estimated malaria incidence (per 1000 population at risk),COD,Democratic Republic of the Congo,2008,,429.8,,349.4,522.9,429.83 [349.35-522.87],Incidence Rate,1000 population at risk
MALARIA_EST_INCIDENCE,Estimated malaria incidence (per 1000 population at risk),COD,Democratic Republic of the Congo,2007,,448.3,,363.6,546.9,448.32 [363.61-546.92],Incidence Rate,1000 population at risk
MALARIA_EST_INCIDENCE,Estimated malaria incidence (per 1000 population at risk),COD,Democratic Republic of the Congo,2006,,464.8,,376.1,568.6,464.80 [376.07-568.57],Incidence Rate,1000 population at risk
MALARIA_EST_INCIDENCE,Estimated malaria incidence (per 1000 population at risk),COD,Democratic Republic of the Congo,2005,,468.3,,377.4,580.3,468.33 [377.39-580.34],Incidence Rate,1000 population at risk
MALARIA_EST_INCIDENCE,Estimated malaria incidence (per 1000 population at risk),COD,Democratic Republic of the Congo,2004,,467.6,,375.1,577.4,467.62 [375.05-577.44],Incidence Rate,1000 population at risk
MALARIA_EST_INCIDENCE,Estimated malaria incidence (per 1000 population at risk),COD,Democratic Republic of the Congo,2003,,467.4,,375.3,577.8,467.36 [375.32-577.83],Incidence Rate,1000 population at risk
MALARIA_EST_INCIDENCE,Estimated malaria incidence (per 1000 population at risk),COD,Democratic Republic of the Congo,2002,,460.7,,366.5,566.9,460.70 [366.49-566.86],Incidence Rate,1000 population at risk
MALARIA_EST_INCIDENCE,Estimated malaria incidence (per 1000 population at risk),COD,Democratic Republic of the Congo,2001,,457.6,,365.0,564.2,457.60 [365.02-564.20],Incidence Rate,1000 population at risk
MALARIA_EST_INCIDENCE,Estimated malaria incidence (per 1000 population at risk),COD,Democratic Republic of the Congo,2000,,458.2,,368.5,562.7,458.24 [368.48-562.70],Incidence Rate,1000 population at risk
MALARIA_EST_INCIDENCE,Estimated malaria incidence (per 1000 population at risk),COG,Congo,2024,,221.0,,130.6,350.3,221.02 [130.65-350.34],Incidence Rate,1000 population at risk
MALARIA_EST_INCIDENCE,Estimated malaria incidence (per 1000 population at risk),COG,Congo,2023,,219.5,,128.1,355.0,219.46 [128.11-354.99],Incidence Rate,1000 population at risk
MALARIA_EST_INCIDENCE,Estimated malaria incidence (per 1000 population at risk),COG,Congo,2022,,220.5,,127.8,363.1,220.52 [127.79-363.06],Incidence Rate,1000 population at risk
MALARIA_EST_INCIDENCE,Estimated malaria incidence (per 1000 population at risk),COG,Congo,2021,,232.0,,135.7,367.3,232.02 [135.69-367.32],Incidence Rate,1000 population at risk
MALARIA_EST_INCIDENCE,Estimated malaria incidence (per 1000 population at risk),COG,Congo,2020,,240.8,,144.1,380.2,240.84 [144.05-380.17],Incidence Rate,1000 population at risk
MALARIA_EST_INCIDENCE,Estimated malaria incidence (per 1000 population at risk),COG,Congo,2019,,245.9,,149.2,383.3,245.94 [149.24-383.25],Incidence Rate,1000 population at risk
MALARIA_EST_INCIDENCE,Estimated malaria incidence (per 1000 population at risk),COG,Congo,2018,,249.8,,155.3,380.8,249.77 [155.32-380.81],Incidence Rate,1000 population at risk
MALARIA_EST_INCIDENCE,Estimated malaria incidence (per 1000 population at risk),COG,Congo,2017,,235.9,,149.1,362.8,235.90 [149.08-362.82],Incidence Rate,1000 population at risk
MALARIA_EST_INCIDENCE,Estimated malaria incidence (per 1000 population at risk),COG,Congo,2016,,215.7,,132.9,332.1,215.75 [132.91-332.07],Incidence Rate,1000 population at risk
MALARIA_EST_INCIDENCE,Estimated malaria incidence (per 1000 population at risk),COG,Congo,2015,,210.6,,131.0,318.6,210.62 [131.04-318.56],Incidence Rate,1000 population at risk
MALARIA_EST_INCIDENCE,Estimated malaria incidence (per 1000 population at risk),COG,Congo,2014,,213.1,,136.6,316.4,213.06 [136.64-316.42],Incidence Rate,1000 population at risk
MALARIA_EST_INCIDENCE,Estimated malaria incidence (per 1000 population at risk),COG,Congo,2013,,218.2,,138.1,325.4,218.19 [138.12-325.41],Incidence Rate,1000 population at risk
MALARIA_EST_INCIDENCE,Estimated malaria incidence (per 1000 population at risk),COG,Congo,2012,,215.9,,138.3,323.0,215.90 [138.32-322.95],Incidence Rate,1000 population at risk
MALARIA_EST_INCIDENCE,Estimated malaria incidence (per 1000 population at risk),COG,Congo,2011,,215.7,,137.7,319.3,215.68 [137.69-319.30],Incidence Rate,1000 population at risk
MALARIA_EST_INCIDENCE,Estimated malaria incidence (per 1000 population at risk),COG,Congo,2010,,214.4,,138.6,315.9,214.44 [138.58-315.92],Incidence Rate,1000 population at risk
MALARIA_EST_INCIDENCE,Estimated malaria incidence (per 1000 population at risk),COG,Congo,2009,,214.4,,143.9,307.8,214.45 [143.94-307.82],Incidence Rate,1000 population at risk
MALARIA_EST_INCIDENCE,Estimated malaria incidence (per 1000 population at risk),COG,Congo,2008,,226.4,,153.6,322.9,226.41 [153.59-322.86],Incidence Rate,1000 population at risk
MALARIA_EST_INCIDENCE,Estimated malaria incidence (per 1000 population at risk),COG,Congo,2007,,255.0,,171.6,362.3,254.97 [171.57-362.27],Incidence Rate,1000 population at risk
MALARIA_EST_INCIDENCE,Estimated malaria incidence (per 1000 population at risk),COG,Congo,2006,,286.8,,184.5,426.9,286.84 [184.47-426.94],Incidence Rate,1000 population at risk
MALARIA_EST_INCIDENCE,Estimated malaria incidence (per 1000 population at risk),COG,Congo,2005,,309.0,,192.7,468.9,309.02 [192.67-468.92],Incidence Rate,1000 population at risk
MALARIA_EST_INCIDENCE,Estimated malaria incidence (per 1000 population at risk),COG,Congo,2004,,325.8,,209.0,481.0,325.79 [209.03-481.02],Incidence Rate,1000 population at risk
MALARIA_EST_INCIDENCE,Estimated malaria incidence (per 1000 population at risk),COG,Congo,2003,,327.9,,214.4,476.3,327.91 [214.39-476.29],Incidence Rate,1000 population at risk
MALARIA_EST_INCIDENCE,Estimated malaria incidence (per 1000 population at risk),COG,Congo,2002,,327.0,,214.8,477.9,327.04 [214.79-477.90],Incidence Rate,1000 population at risk
MALARIA_EST_INCIDENCE,Estimated malaria incidence (per 1000 population at risk),COG,Congo,2001,,349.1,,238.2,495.6,349.06 [238.25-495.64],Incidence Rate,1000 population at risk
MALARIA_EST_INCIDENCE,Estimated malaria incidence (per 1000 population at risk),COG,Congo,2000,,349.6,,247.8,480.7,349.60 [247.76-480.70],Incidence Rate,1000 population at risk
MALARIA_EST_INCIDENCE,Estimated malaria incidence (per 1000 population at risk),COM,Comoros,2024,,62.79,,62.79,62.79,62.79 [62.79-62.79],Incidence Rate,1000 population at risk
MALARIA_EST_INCIDENCE,Estimated malaria incidence (per 1000 population at risk),COM,Comoros,2023,,24.75,,24.75,24.75,24.75 [24.75-24.75],Incidence Rate,1000 population at risk
MALARIA_EST_INCIDENCE,Estimated malaria incidence (per 1000 population at risk),COM,Comoros,2022,,24.78,,24.78,24.78,24.78 [24.78-24.78],Incidence Rate,1000 population at risk
MALARIA_EST_INCIDENCE,Estimated malaria incidence (per 1000 population at risk),COM,Comoros,2021,,12.88,,12.88,12.88,12.88 [12.88-12.88],Incidence Rate,1000 population at risk
MALARIA_EST_INCIDENCE,Estimated malaria incidence (per 1000 population at risk),COM,Comoros,2020,,5.67,,5.67,5.67,5.67 [5.67-5.67],Incidence Rate,1000 population at risk
MALARIA_EST_INCIDENCE,Estimated malaria incidence (per 1000 population at risk),COM,Comoros,2019,,22.37,,22.37,22.37,22.37 [22.37-22.37],Incidence Rate,1000 population at risk
MALARIA_EST_INCIDENCE,Estimated malaria incidence (per 1000 population at risk),COM,Comoros,2018,,19.68,,19.68,19.68,19.68 [19.68-19.68],Incidence Rate,1000 population at risk
MALARIA_EST_INCIDENCE,Estimated malaria incidence (per 1000 population at risk),COM,Comoros,2017,,5.15,,5.15,5.15,5.15 [5.15-5.15],Incidence Rate,1000 population at risk
MALARIA_EST_INCIDENCE,Estimated malaria incidence (per 1000 population at risk),COM,Comoros,2016,,1.98,,1.98,1.98,1.98 [1.98-1.98],Incidence Rate,1000 population at risk
MALARIA_EST_INCIDENCE,Estimated malaria incidence (per 1000 population at risk),COM,Comoros,2015,,2.59,,2.59,2.59,2.59 [2.59-2.59],Incidence Rate,1000 population at risk
MALARIA_EST_INCIDENCE,Estimated malaria incidence (per 1000 population at risk),COM,Comoros,2014,,3.1,,3.1,3.1,3.10 [3.10-3.10],Incidence Rate,1000 population at risk
MALARIA_EST_INCIDENCE,Estimated malaria incidence (per 1000 population at risk),COM,Comoros,2013,,76.35,,76.35,76.35,76.35 [76.35-76.35],Incidence Rate,1000 population at risk
MALARIA_EST_INCIDENCE,Estimated malaria incidence (per 1000 population at risk),COM,Comoros,2012,,73.12,,73.12,73.12,73.12 [73.12-73.12],Incidence Rate,1000 population at risk
MALARIA_EST_INCIDENCE,Estimated malaria incidence (per 1000 population at risk),COM,Comoros,2011,,37.21,,37.21,37.21,37.21 [37.21-37.21],Incidence Rate,1000 population at risk
MALARIA_EST_INCIDENCE,Estimated malaria incidence (per 1000 population at risk),COM,Comoros,2010,,55.8,,55.8,55.8,55.80 [55.80-55.80],Incidence Rate,1000 population at risk
MALARIA_EST_INCIDENCE,Estimated malaria incidence (per 1000 population at risk),COM,Comoros,2009,,55.49,,37.2,74.59,55.49 [37.20-74.59],Incidence Rate,1000 population at risk
MALARIA_EST_INCIDENCE,Estimated malaria incidence (per 1000 population at risk),COM,Comoros,2008,,56.61,,37.95,76.1,56.61 [37.95-76.10],Incidence Rate,1000 population at risk
MALARIA_EST_INCIDENCE,Estimated malaria incidence (per 1000 population at risk),COM,Comoros,2007,,57.75,,38.71,77.63,57.75 [38.71-77.63],Incidence Rate,1000 population at risk
MALARIA_EST_INCIDENCE,Estimated malaria incidence (per 1000 population at risk),COM,Comoros,2006,,58.91,,39.49,79.19,58.91 [39.49-79.19],Incidence Rate,1000 population at risk
MALARIA_EST_INCIDENCE,Estimated malaria incidence (per 1000 population at risk),COM,Comoros,2005,,60.09,,40.29,80.78,60.09 [40.29-80.78],Incidence Rate,1000 population at risk
MALARIA_EST_INCIDENCE,Estimated malaria incidence (per 1000 population at risk),COM,Comoros,2004,,61.31,,41.1,82.41,61.31 [41.10-82.41],Incidence Rate,1000 population at risk
MALARIA_EST_INCIDENCE,Estimated malaria incidence (per 1000 population at risk),COM,Comoros,2003,,62.56,,41.94,84.09,62.56 [41.94-84.09],Incidence Rate,1000 population at risk
MALARIA_EST_INCIDENCE,Estimated malaria incidence (per 1000 population at risk),COM,Comoros,2002,,63.81,,42.78,85.77,63.81 [42.78-85.77],Incidence Rate,1000 population at risk
MALARIA_EST_INCIDENCE,Estimated malaria incidence (per 1000 population at risk),COM,Comoros,2001,,65.07,,43.62,87.47,65.07 [43.62-87.47],Incidence Rate,1000 population at risk
MALARIA_EST_INCIDENCE,Estimated malaria incidence (per 1000 population at risk),COM,Comoros,2000,,66.37,,44.49,89.21,66.37 [44.49-89.21],Incidence Rate,1000 population at risk
MALARIA_EST_INCIDENCE,Estimated malaria incidence (per 1000 population at risk),CPV,Cabo Verde,2024,,0.14,,0.14,0.14,0.14 [0.14-0.14],Incidence Rate,1000 population at risk
MALARIA_EST_INCIDENCE,Estimated malaria incidence (per 1000 population at risk),CPV,Cabo Verde,2023,,0.0,,0.0,0.0,0 [0-0],Incidence Rate,1000 population at risk
MALARIA_EST_INCIDENCE,Estimated malaria incidence (per 1000 population at risk),CPV,Cabo Verde,2022,,0.0,,0.0,0.0,0 [0-0],Incidence Rate,1000 population at risk
MALARIA_EST_INCIDENCE,Estimated malaria incidence (per 1000 population at risk),CPV,Cabo Verde,2021,,0.0,,0.0,0.0,0 [0-0],Incidence Rate,1000 population at risk
MALARIA_EST_INCIDENCE,Estimated malaria incidence (per 1000 population at risk),CPV,Cabo Verde,2020,,0.0,,0.0,0.0,0 [0-0],Incidence Rate,1000 population at risk
MALARIA_EST_INCIDENCE,Estimated malaria incidence (per 1000 population at risk),CPV,Cabo Verde,2019,,0.0,,0.0,0.0,0 [0-0],Incidence Rate,1000 population at risk
MALARIA_EST_INCIDENCE,Estimated malaria incidence (per 1000 population at risk),CPV,Cabo Verde,2018,,0.015,,0.015,0.015,0.01 [0.01-0.01],Incidence Rate,1000 population at risk
MALARIA_EST_INCIDENCE,Estimated malaria incidence (per 1000 population at risk),CPV,Cabo Verde,2017,,3.17,,3.17,3.17,3.17 [3.17-3.17],Incidence Rate,1000 population at risk
MALARIA_EST_INCIDENCE,Estimated malaria incidence (per 1000 population at risk),CPV,Cabo Verde,2016,,0.37,,0.37,0.37,0.37 [0.37-0.37],Incidence Rate,1000 population at risk
MALARIA_EST_INCIDENCE,Estimated malaria incidence (per 1000 population at risk),CPV,Cabo Verde,2015,,0.053,,0.053,0.053,0.05 [0.05-0.05],Incidence Rate,1000 population at risk
MALARIA_EST_INCIDENCE,Estimated malaria incidence (per 1000 population at risk),CPV,Cabo Verde,2014,,0.2,,0.2,0.2,0.20 [0.20-0.20],Incidence Rate,1000 population at risk
MALARIA_EST_INCIDENCE,Estimated malaria incidence (per 1000 population at risk),CPV,Cabo Verde,2013,,0.17,,0.17,0.17,0.17 [0.17-0.17],Incidence Rate,1000 population at risk
MALARIA_EST_INCIDENCE,Estimated malaria incidence (per 1000 population at risk),CPV,Cabo Verde,2012,,0.008,,0.008,0.008,0.01 [0.01-0.01],Incidence Rate,1000 population at risk
MALARIA_EST_INCIDENCE,Estimated malaria incidence (per 1000 population at risk),CPV,Cabo Verde,2011,,0.053,,0.053,0.053,0.05 [0.05-0.05],Incidence Rate,1000 population at risk
MALARIA_EST_INCIDENCE,Estimated malaria incidence (per 1000 population at risk),CPV,Cabo Verde,2010,,0.35,,0.35,0.35,0.35 [0.35-0.35],Incidence Rate,1000 population at risk
MALARIA_EST_INCIDENCE,Estimated malaria incidence (per 1000 population at risk),CPV,Cabo Verde,2009,,0.49,,0.49,0.49,0.49 [0.49-0.49],Incidence Rate,1000 population at risk
MALARIA_EST_INCIDENCE,Estimated malaria incidence (per 1000 population at risk),CPV,Cabo Verde,2008,,0.27,,0.27,0.27,0.27 [0.27-0.27],Incidence Rate,1000 population at risk
MALARIA_EST_INCIDENCE,Estimated malaria incidence (per 1000 population at risk),CPV,Cabo Verde,2007,,0.14,,0.14,0.14,0.14 [0.14-0.14],Incidence Rate,1000 population at risk
MALARIA_EST_INCIDENCE,Estimated malaria incidence (per 1000 population at risk),CPV,Cabo Verde,2006,,0.63,,0.63,0.63,0.63 [0.63-0.63],Incidence Rate,1000 population at risk
MALARIA_EST_INCIDENCE,Estimated malaria incidence (per 1000 population at risk),CPV,Cabo Verde,2005,,0.54,,0.54,0.54,0.54 [0.54-0.54],Incidence Rate,1000 population at risk
MALARIA_EST_INCIDENCE,Estimated malaria incidence (per 1000 population at risk),CPV,Cabo Verde,2004,,0.36,,0.36,0.36,0.36 [0.36-0.36],Incidence Rate,1000 population at risk
MALARIA_EST_INCIDENCE,Estimated malaria incidence (per 1000 population at risk),CPV,Cabo Verde,2003,,0.55,,0.55,0.55,0.55 [0.55-0.55],Incidence Rate,1000 population at risk
MALARIA_EST_INCIDENCE,Estimated malaria incidence (per 1000 population at risk),CPV,Cabo Verde,2002,,0.63,,0.63,0.63,0.63 [0.63-0.63],Incidence Rate,1000 population at risk
MALARIA_EST_INCIDENCE,Estimated malaria incidence (per 1000 population at risk),CPV,Cabo Verde,2001,,0.89,,0.89,0.89,0.89 [0.89-0.89],Incidence Rate,1000 population at risk
MALARIA_EST_INCIDENCE,Estimated malaria incidence (per 1000 population at risk),CPV,Cabo Verde,2000,,1.22,,1.22,1.22,1.22 [1.22-1.22],Incidence Rate,1000 population at risk
MALARIA_EST_INCIDENCE,Estimated malaria incidence (per 1000 population at risk),ERI,Eritrea,2024,,102.4,,65.72,142.8,102.42 [65.72-142.83],Incidence Rate,1000 population at risk
MALARIA_EST_INCIDENCE,Estimated malaria incidence (per 1000 population at risk),ERI,Eritrea,2023,,63.39,,40.76,88.28,63.39 [40.76-88.28],Incidence Rate,1000 population at risk
MALARIA_EST_INCIDENCE,Estimated malaria incidence (per 1000 population at risk),ERI,Eritrea,2022,,40.89,,26.27,56.84,40.89 [26.27-56.84],Incidence Rate,1000 population at risk
MALARIA_EST_INCIDENCE,Estimated malaria incidence (per 1000 population at risk),ERI,Eritrea,2021,,27.74,,17.84,38.42,27.74 [17.84-38.42],Incidence Rate,1000 population at risk
MALARIA_EST_INCIDENCE,Estimated malaria incidence (per 1000 population at risk),ERI,Eritrea,2020,,48.28,,31.28,67.03,48.28 [31.28-67.03],Incidence Rate,1000 population at risk
MALARIA_EST_INCIDENCE,Estimated malaria incidence (per 1000 population at risk),ERI,Eritrea,2019,,61.84,,39.6,85.97,61.84 [39.60-85.97],Incidence Rate,1000 population at risk
MALARIA_EST_INCIDENCE,Estimated malaria incidence (per 1000 population at risk),ERI,Eritrea,2018,,31.23,,20.19,43.53,31.23 [20.19-43.53],Incidence Rate,1000 population at risk
MALARIA_EST_INCIDENCE,Estimated malaria incidence (per 1000 population at risk),ERI,Eritrea,2017,,36.8,,23.52,50.98,36.80 [23.52-50.98],Incidence Rate,1000 population at risk
MALARIA_EST_INCIDENCE,Estimated malaria incidence (per 1000 population at risk),ERI,Eritrea,2016,,27.7,,15.07,44.01,27.70 [15.07-44.01],Incidence Rate,1000 population at risk
MALARIA_EST_INCIDENCE,Estimated malaria incidence (per 1000 population at risk),ERI,Eritrea,2015,,20.61,,13.25,28.72,20.61 [13.25-28.72],Incidence Rate,1000 population at risk
MALARIA_EST_INCIDENCE,Estimated malaria incidence (per 1000 population at risk),ERI,Eritrea,2014,,35.44,,22.81,49.36,35.44 [22.81-49.36],Incidence Rate,1000 population at risk
MALARIA_EST_INCIDENCE,Estimated malaria incidence (per 1000 population at risk),ERI,Eritrea,2013,,16.04,,10.22,22.68,16.04 [10.22-22.68],Incidence Rate,1000 population at risk
MALARIA_EST_INCIDENCE,Estimated malaria incidence (per 1000 population at risk),ERI,Eritrea,2012,,17.28,,10.88,24.83,17.28 [10.88-24.83],Incidence Rate,1000 population at risk
MALARIA_EST_INCIDENCE,Estimated malaria incidence (per 1000 population at risk),ERI,Eritrea,2011,,25.57,,16.41,35.51,25.57 [16.41-35.51],Incidence Rate,1000 population at risk
MALARIA_EST_INCIDENCE,Estimated malaria incidence (per 1000 population at risk),ERI,Eritrea,2010,,28.34,,18.04,40.02,28.34 [18.04-40.02],Incidence Rate,1000 population at risk
MALARIA_EST_INCIDENCE,Estimated malaria incidence (per 1000 population at risk),ERI,Eritrea,2009,,9.58,,6.1,13.51,9.58 [6.10-13.51],Incidence Rate,1000 population at risk
MALARIA_EST_INCIDENCE,Estimated malaria incidence (per 1000 population at risk),ERI,Eritrea,2008,,7.37,,4.74,10.26,7.37 [4.74-10.26],Incidence Rate,1000 population at risk
MALARIA_EST_INCIDENCE,Estimated malaria incidence (per 1000 population at risk),ERI,Eritrea,2007,,13.69,,8.81,19.16,13.69 [8.81-19.16],Incidence Rate,1000 population at risk
MALARIA_EST_INCIDENCE,Estimated malaria incidence (per 1000 population at risk),ERI,Eritrea,2006,,6.08,,3.84,8.55,6.08 [3.84-8.55],Incidence Rate,1000 population at risk
MALARIA_EST_INCIDENCE,Estimated malaria incidence (per 1000 population at risk),ERI,Eritrea,2005,,10.4,,6.12,15.86,10.40 [6.12-15.86],Incidence Rate,1000 population at risk
MALARIA_EST_INCIDENCE,Estimated malaria incidence (per 1000 population at risk),ERI,Eritrea,2004,,5.81,,2.9,10.06,5.81 [2.90-10.06],Incidence Rate,1000 population at risk
MALARIA_EST_INCIDENCE,Estimated malaria incidence (per 1000 population at risk),ERI,Eritrea,2003,,19.84,,9.08,34.58,19.84 [9.08-34.58],Incidence Rate,1000 population at risk
MALARIA_EST_INCIDENCE,Estimated malaria incidence (per 1000 population at risk),ERI,Eritrea,2002,,13.72,,5.09,26.66,13.72 [5.09-26.66],Incidence Rate,1000 population at risk
MALARIA_EST_INCIDENCE,Estimated malaria incidence (per 1000 population at risk),ERI,Eritrea,2001,,23.56,,8.38,46.3,23.56 [8.38-46.30],Incidence Rate,1000 population at risk
MALARIA_EST_INCIDENCE,Estimated malaria incidence (per 1000 population at risk),ERI,Eritrea,2000,,19.0,,6.21,39.21,19.00 [6.21-39.21],Incidence Rate,1000 population at risk
MALARIA_EST_INCIDENCE,Estimated malaria incidence (per 1000 population at risk),ETH,Ethiopia,2024,,138.5,,76.56,207.6,138.50 [76.56-207.60],Incidence Rate,1000 population at risk
MALARIA_EST_INCIDENCE,Estimated malaria incidence (per 1000 population at risk),ETH,Ethiopia,2023,,109.2,,60.35,164.1,109.24 [60.35-164.11],Incidence Rate,1000 population at risk
MALARIA_EST_INCIDENCE,Estimated malaria incidence (per 1000 population at risk),ETH,Ethiopia,2022,,59.89,,33.23,89.39,59.89 [33.23-89.39],Incidence Rate,1000 population at risk
MALARIA_EST_INCIDENCE,Estimated malaria incidence (per 1000 population at risk),ETH,Ethiopia,2021,,45.56,,25.25,67.99,45.56 [25.25-67.99],Incidence Rate,1000 population at risk
MALARIA_EST_INCIDENCE,Estimated malaria incidence (per 1000 population at risk),ETH,Ethiopia,2020,,52.28,,29.17,78.48,52.28 [29.17-78.48],Incidence Rate,1000 population at risk
MALARIA_EST_INCIDENCE,Estimated malaria incidence (per 1000 population at risk),ETH,Ethiopia,2019,,33.61,,18.66,50.03,33.61 [18.66-50.03],Incidence Rate,1000 population at risk
MALARIA_EST_INCIDENCE,Estimated malaria incidence (per 1000 population at risk),ETH,Ethiopia,2018,,36.46,,20.11,54.81,36.46 [20.11-54.81],Incidence Rate,1000 population at risk
MALARIA_EST_INCIDENCE,Estimated malaria incidence (per 1000 population at risk),ETH,Ethiopia,2017,,70.71,,33.35,122.3,70.71 [33.35-122.35],Incidence Rate,1000 population at risk
MALARIA_EST_INCIDENCE,Estimated malaria incidence (per 1000 population at risk),ETH,Ethiopia,2016,,92.89,,38.87,171.8,92.89 [38.87-171.83],Incidence Rate,1000 population at risk
MALARIA_EST_INCIDENCE,Estimated malaria incidence (per 1000 population at risk),ETH,Ethiopia,2015,,130.1,,49.52,238.8,130.06 [49.52-238.81],Incidence Rate,1000 population at risk
MALARIA_EST_INCIDENCE,Estimated malaria incidence (per 1000 population at risk),ETH,Ethiopia,2014,,144.1,,54.1,251.5,144.07 [54.10-251.51],Incidence Rate,1000 population at risk
MALARIA_EST_INCIDENCE,Estimated malaria incidence (per 1000 population at risk),ETH,Ethiopia,2013,,184.1,,100.8,340.3,184.10 [100.81-340.34],Incidence Rate,1000 population at risk
MALARIA_EST_INCIDENCE,Estimated malaria incidence (per 1000 population at risk),ETH,Ethiopia,2012,,159.7,,78.75,366.0,159.67 [78.75-366.04],Incidence Rate,1000 population at risk
MALARIA_EST_INCIDENCE,Estimated malaria incidence (per 1000 population at risk),ETH,Ethiopia,2011,,143.7,,57.57,375.3,143.70 [57.57-375.29],Incidence Rate,1000 population at risk
MALARIA_EST_INCIDENCE,Estimated malaria incidence (per 1000 population at risk),ETH,Ethiopia,2010,,153.8,,50.22,440.0,153.84 [50.22-439.98],Incidence Rate,1000 population at risk
MALARIA_EST_INCIDENCE,Estimated malaria incidence (per 1000 population at risk),ETH,Ethiopia,2009,,133.8,,44.23,382.4,133.79 [44.23-382.43],Incidence Rate,1000 population at risk
MALARIA_EST_INCIDENCE,Estimated malaria incidence (per 1000 population at risk),ETH,Ethiopia,2008,,96.3,,34.88,283.3,96.30 [34.88-283.27],Incidence Rate,1000 population at risk
MALARIA_EST_INCIDENCE,Estimated malaria incidence (per 1000 population at risk),ETH,Ethiopia,2007,,116.4,,34.15,369.6,116.37 [34.15-369.57],Incidence Rate,1000 population at risk
MALARIA_EST_INCIDENCE,Estimated malaria incidence (per 1000 population at risk),ETH,Ethiopia,2006,,138.0,,42.83,429.1,138.01 [42.83-429.14],Incidence Rate,1000 population at risk
MALARIA_EST_INCIDENCE,Estimated malaria incidence (per 1000 population at risk),ETH,Ethiopia,2005,,149.5,,54.05,439.9,149.48 [54.05-439.87],Incidence Rate,1000 population at risk
MALARIA_EST_INCIDENCE,Estimated malaria incidence (per 1000 population at risk),ETH,Ethiopia,2004,,217.9,,78.14,652.3,217.88 [78.14-652.34],Incidence Rate,1000 population at risk
MALARIA_EST_INCIDENCE,Estimated malaria incidence (per 1000 population at risk),ETH,Ethiopia,2003,,208.9,,86.26,498.1,208.94 [86.26-498.13],Incidence Rate,1000 population at risk
MALARIA_EST_INCIDENCE,Estimated malaria incidence (per 1000 population at risk),ETH,Ethiopia,2002,,193.5,,69.43,376.4,193.55 [69.43-376.41],Incidence Rate,1000 population at risk
MALARIA_EST_INCIDENCE,Estimated malaria incidence (per 1000 population at risk),ETH,Ethiopia,2001,,210.9,,77.5,398.5,210.90 [77.50-398.53],Incidence Rate,1000 population at risk
MALARIA_EST_INCIDENCE,Estimated malaria incidence (per 1000 population at risk),ETH,Ethiopia,2000,,189.2,,123.4,282.6,189.18 [123.45-282.58],Incidence Rate,1000 population at risk
MALARIA_EST_INCIDENCE,Estimated malaria incidence (per 1000 population at risk),GAB,Gabon,2024,,187.0,,102.1,313.3,187.00 [102.13-313.29],Incidence Rate,1000 population at risk
MALARIA_EST_INCIDENCE,Estimated malaria incidence (per 1000 population at risk),GAB,Gabon,2023,,191.3,,120.2,287.9,191.30 [120.24-287.91],Incidence Rate,1000 population at risk
MALARIA_EST_INCIDENCE,Estimated malaria incidence (per 1000 population at risk),GAB,Gabon,2022,,188.7,,127.8,269.3,188.68 [127.78-269.25],Incidence Rate,1000 population at risk
MALARIA_EST_INCIDENCE,Estimated malaria incidence (per 1000 population at risk),GAB,Gabon,2021,,189.2,,136.7,253.3,189.19 [136.74-253.28],Incidence Rate,1000 population at risk
MALARIA_EST_INCIDENCE,Estimated malaria incidence (per 1000 population at risk),GAB,Gabon,2020,,193.6,,144.5,253.5,193.57 [144.55-253.52],Incidence Rate,1000 population at risk
MALARIA_EST_INCIDENCE,Estimated malaria incidence (per 1000 population at risk),GAB,Gabon,2019,,190.7,,142.2,251.5,190.72 [142.16-251.48],Incidence Rate,1000 population at risk
MALARIA_EST_INCIDENCE,Estimated malaria incidence (per 1000 population at risk),GAB,Gabon,2018,,186.7,,130.4,259.8,186.73 [130.43-259.84],Incidence Rate,1000 population at risk
MALARIA_EST_INCIDENCE,Estimated malaria incidence (per 1000 population at risk),GAB,Gabon,2017,,184.7,,114.3,284.6,184.66 [114.34-284.61],Incidence Rate,1000 population at risk
MALARIA_EST_INCIDENCE,Estimated malaria incidence (per 1000 population at risk),GAB,Gabon,2016,,182.5,,107.7,291.1,182.55 [107.75-291.14],Incidence Rate,1000 population at risk
MALARIA_EST_INCIDENCE,Estimated malaria incidence (per 1000 population at risk),GAB,Gabon,2015,,185.4,,108.8,293.3,185.36 [108.84-293.27],Incidence Rate,1000 population at risk
MALARIA_EST_INCIDENCE,Estimated malaria incidence (per 1000 population at risk),GAB,Gabon,2014,,193.9,,108.0,315.3,193.87 [107.96-315.33],Incidence Rate,1000 population at risk
MALARIA_EST_INCIDENCE,Estimated malaria incidence (per 1000 population at risk),GAB,Gabon,2013,,199.2,,108.4,336.8,199.19 [108.42-336.79],Incidence Rate,1000 population at risk
MALARIA_EST_INCIDENCE,Estimated malaria incidence (per 1000 population at risk),GAB,Gabon,2012,,200.2,,103.0,351.6,200.15 [103.00-351.55],Incidence Rate,1000 population at risk
MALARIA_EST_INCIDENCE,Estimated malaria incidence (per 1000 population at risk),GAB,Gabon,2011,,195.4,,95.28,358.7,195.40 [95.28-358.71],Incidence Rate,1000 population at risk
MALARIA_EST_INCIDENCE,Estimated malaria incidence (per 1000 population at risk),GAB,Gabon,2010,,177.9,,83.95,337.4,177.88 [83.95-337.42],Incidence Rate,1000 population at risk
MALARIA_EST_INCIDENCE,Estimated malaria incidence (per 1000 population at risk),GAB,Gabon,2009,,147.0,,70.21,274.7,147.03 [70.21-274.67],Incidence Rate,1000 population at risk
MALARIA_EST_INCIDENCE,Estimated malaria incidence (per 1000 population at risk),GAB,Gabon,2008,,124.4,,60.54,228.0,124.41 [60.54-228.00],Incidence Rate,1000 population at risk
MALARIA_EST_INCIDENCE,Estimated malaria incidence (per 1000 population at risk),GAB,Gabon,2007,,121.2,,62.97,208.2,121.20 [62.97-208.19],Incidence Rate,1000 population at risk
MALARIA_EST_INCIDENCE,Estimated malaria incidence (per 1000 population at risk),GAB,Gabon,2006,,131.8,,76.87,210.1,131.79 [76.87-210.11],Incidence Rate,1000 population at risk
MALARIA_EST_INCIDENCE,Estimated malaria incidence (per 1000 population at risk),GAB,Gabon,2005,,158.0,,96.49,242.6,158.04 [96.49-242.56],Incidence Rate,1000 population at risk
MALARIA_EST_INCIDENCE,Estimated malaria incidence (per 1000 population at risk),GAB,Gabon,2004,,196.7,,124.6,296.8,196.66 [124.61-296.83],Incidence Rate,1000 population at risk
MALARIA_EST_INCIDENCE,Estimated malaria incidence (per 1000 population at risk),GAB,Gabon,2003,,259.0,,165.1,385.9,259.04 [165.14-385.93],Incidence Rate,1000 population at risk
MALARIA_EST_INCIDENCE,Estimated malaria incidence (per 1000 population at risk),GAB,Gabon,2002,,323.3,,211.8,474.7,323.31 [211.78-474.68],Incidence Rate,1000 population at risk
MALARIA_EST_INCIDENCE,Estimated malaria incidence (per 1000 population at risk),GAB,Gabon,2001,,353.7,,243.2,499.8,353.69 [243.16-499.79],Incidence Rate,1000 population at risk
MALARIA_EST_INCIDENCE,Estimated malaria incidence (per 1000 population at risk),GAB,Gabon,2000,,364.7,,256.2,509.2,364.66 [256.19-509.22],Incidence Rate,1000 population at risk
MALARIA_EST_INCIDENCE,Estimated malaria incidence (per 1000 population at risk),GHA,Ghana,2024,,195.8,,135.6,274.0,195.77 [135.61-274.04],Incidence Rate,1000 population at risk
MALARIA_EST_INCIDENCE,Estimated malaria incidence (per 1000 population at risk),GHA,Ghana,2023,,194.9,,144.2,257.3,194.92 [144.16-257.29],Incidence Rate,1000 population at risk
MALARIA_EST_INCIDENCE,Estimated malaria incidence (per 1000 population at risk),GHA,Ghana,2022,,210.8,,158.5,275.3,210.79 [158.51-275.34],Incidence Rate,1000 population at risk
MALARIA_EST_INCIDENCE,Estimated malaria incidence (per 1000 population at risk),GHA,Ghana,2021,,212.5,,160.9,276.5,212.47 [160.91-276.54],Incidence Rate,1000 population at risk
MALARIA_EST_INCIDENCE,Estimated malaria incidence (per 1000 population at risk),GHA,Ghana,2020,,219.6,,168.1,282.8,219.63 [168.12-282.83],Incidence Rate,1000 population at risk
MALARIA_EST_INCIDENCE,Estimated malaria incidence (per 1000 population at risk),GHA,Ghana,2019,,215.3,,164.4,278.0,215.27 [164.44-277.99],Incidence Rate,1000 population at risk
MALARIA_EST_INCIDENCE,Estimated malaria incidence (per 1000 population at risk),GHA,Ghana,2018,,212.8,,162.4,273.7,212.76 [162.36-273.66],Incidence Rate,1000 population at risk
MALARIA_EST_INCIDENCE,Estimated malaria incidence (per 1000 population at risk),GHA,Ghana,2017,,226.2,,173.2,290.2,226.19 [173.19-290.20],Incidence Rate,1000 population at risk
MALARIA_EST_INCIDENCE,Estimated malaria incidence (per 1000 population at risk),GHA,Ghana,2016,,244.9,,189.0,312.9,244.92 [188.99-312.91],Incidence Rate,1000 population at risk
MALARIA_EST_INCIDENCE,Estimated malaria incidence (per 1000 population at risk),GHA,Ghana,2015,,276.0,,216.1,347.2,275.99 [216.12-347.18],Incidence Rate,1000 population at risk
MALARIA_EST_INCIDENCE,Estimated malaria incidence (per 1000 population at risk),GHA,Ghana,2014,,313.8,,250.8,387.8,313.81 [250.85-387.80],Incidence Rate,1000 population at risk
MALARIA_EST_INCIDENCE,Estimated malaria incidence (per 1000 population at risk),GHA,Ghana,2013,,344.3,,280.5,420.3,344.33 [280.49-420.26],Incidence Rate,1000 population at risk
MALARIA_EST_INCIDENCE,Estimated malaria incidence (per 1000 population at risk),GHA,Ghana,2012,,367.3,,300.2,448.1,367.32 [300.22-448.10],Incidence Rate,1000 population at risk
MALARIA_EST_INCIDENCE,Estimated malaria incidence (per 1000 population at risk),GHA,Ghana,2011,,375.1,,307.3,453.9,375.14 [307.30-453.86],Incidence Rate,1000 population at risk
MALARIA_EST_INCIDENCE,Estimated malaria incidence (per 1000 population at risk),GHA,Ghana,2010,,366.4,,299.4,442.2,366.40 [299.40-442.18],Incidence Rate,1000 population at risk
MALARIA_EST_INCIDENCE,Estimated malaria incidence (per 1000 population at risk),GHA,Ghana,2009,,340.4,,273.8,417.1,340.42 [273.84-417.10],Incidence Rate,1000 population at risk
MALARIA_EST_INCIDENCE,Estimated malaria incidence (per 1000 population at risk),GHA,Ghana,2008,,314.6,,247.3,392.8,314.58 [247.31-392.75],Incidence Rate,1000 population at risk
MALARIA_EST_INCIDENCE,Estimated malaria incidence (per 1000 population at risk),GHA,Ghana,2007,,305.8,,242.2,382.6,305.83 [242.24-382.59],Incidence Rate,1000 population at risk
MALARIA_EST_INCIDENCE,Estimated malaria incidence (per 1000 population at risk),GHA,Ghana,2006,,311.3,,248.8,383.1,311.34 [248.80-383.10],Incidence Rate,1000 population at risk
MALARIA_EST_INCIDENCE,Estimated malaria incidence (per 1000 population at risk),GHA,Ghana,2005,,323.7,,255.9,405.3,323.73 [255.86-405.34],Incidence Rate,1000 population at risk
MALARIA_EST_INCIDENCE,Estimated malaria incidence (per 1000 population at risk),GHA,Ghana,2004,,340.2,,270.2,421.7,340.21 [270.23-421.71],Incidence Rate,1000 population at risk
MALARIA_EST_INCIDENCE,Estimated malaria incidence (per 1000 population at risk),GHA,Ghana,2003,,366.0,,289.5,455.5,365.98 [289.47-455.47],Incidence Rate,1000 population at risk
MALARIA_EST_INCIDENCE,Estimated malaria incidence (per 1000 population at risk),GHA,Ghana,2002,,392.1,,307.4,490.5,392.10 [307.42-490.46],Incidence Rate,1000 population at risk
MALARIA_EST_INCIDENCE,Estimated malaria incidence (per 1000 population at risk),GHA,Ghana,2001,,411.2,,320.2,520.6,411.18 [320.18-520.61],Incidence Rate,1000 population at risk
MALARIA_EST_INCIDENCE,Estimated malaria incidence (per 1000 population at risk),GHA,Ghana,2000,,430.4,,327.3,557.1,430.36 [327.33-557.11],Incidence Rate,1000 population at risk
MALARIA_EST_INCIDENCE,Estimated malaria incidence (per 1000 population at risk),GIN,Guinea,2024,,286.1,,198.1,400.7,286.08 [198.11-400.65],Incidence Rate,1000 population at risk
MALARIA_EST_INCIDENCE,Estimated malaria incidence (per 1000 population at risk),GIN,Guinea,2023,,285.5,,200.1,392.0,285.50 [200.07-392.00],Incidence Rate,1000 population at risk
MALARIA_EST_INCIDENCE,Estimated malaria incidence (per 1000 population at risk),GIN,Guinea,2022,,285.7,,214.2,374.1,285.70 [214.24-374.09],Incidence Rate,1000 population at risk
MALARIA_EST_INCIDENCE,Estimated malaria incidence (per 1000 population at risk),GIN,Guinea,2021,,294.4,,227.6,376.3,294.45 [227.61-376.26],Incidence Rate,1000 population at risk
MALARIA_EST_INCIDENCE,Estimated malaria incidence (per 1000 population at risk),GIN,Guinea,2020,,304.9,,218.4,415.3,304.94 [218.44-415.32],Incidence Rate,1000 population at risk
MALARIA_EST_INCIDENCE,Estimated malaria incidence (per 1000 population at risk),GIN,Guinea,2019,,321.2,,222.9,450.9,321.20 [222.89-450.92],Incidence Rate,1000 population at risk
MALARIA_EST_INCIDENCE,Estimated malaria incidence (per 1000 population at risk),GIN,Guinea,2018,,350.3,,252.5,474.4,350.28 [252.49-474.41],Incidence Rate,1000 population at risk
MALARIA_EST_INCIDENCE,Estimated malaria incidence (per 1000 population at risk),GIN,Guinea,2017,,358.5,,259.2,482.0,358.48 [259.24-482.03],Incidence Rate,1000 population at risk
MALARIA_EST_INCIDENCE,Estimated malaria incidence (per 1000 population at risk),GIN,Guinea,2016,,366.5,,270.2,488.5,366.52 [270.17-488.50],Incidence Rate,1000 population at risk
MALARIA_EST_INCIDENCE,Estimated malaria incidence (per 1000 population at risk),GIN,Guinea,2015,,384.4,,290.8,503.8,384.39 [290.82-503.77],Incidence Rate,1000 population at risk
MALARIA_EST_INCIDENCE,Estimated malaria incidence (per 1000 population at risk),GIN,Guinea,2014,,396.7,,302.6,507.2,396.69 [302.60-507.22],Incidence Rate,1000 population at risk
MALARIA_EST_INCIDENCE,Estimated malaria incidence (per 1000 population at risk),GIN,Guinea,2013,,413.7,,329.9,514.7,413.73 [329.92-514.72],Incidence Rate,1000 population at risk
MALARIA_EST_INCIDENCE,Estimated malaria incidence (per 1000 population at risk),GIN,Guinea,2012,,431.7,,358.0,518.2,431.75 [357.97-518.19],Incidence Rate,1000 population at risk
MALARIA_EST_INCIDENCE,Estimated malaria incidence (per 1000 population at risk),GIN,Guinea,2011,,428.8,,351.2,516.5,428.78 [351.15-516.53],Incidence Rate,1000 population at risk
MALARIA_EST_INCIDENCE,Estimated malaria incidence (per 1000 population at risk),GIN,Guinea,2010,,415.7,,334.5,513.7,415.74 [334.45-513.74],Incidence Rate,1000 population at risk
MALARIA_EST_INCIDENCE,Estimated malaria incidence (per 1000 population at risk),GIN,Guinea,2009,,393.8,,302.5,504.3,393.80 [302.53-504.28],Incidence Rate,1000 population at risk
MALARIA_EST_INCIDENCE,Estimated malaria incidence (per 1000 population at risk),GIN,Guinea,2008,,378.8,,276.6,508.9,378.78 [276.56-508.88],Incidence Rate,1000 population at risk
MALARIA_EST_INCIDENCE,Estimated malaria incidence (per 1000 population at risk),GIN,Guinea,2007,,384.5,,274.1,524.3,384.49 [274.11-524.32],Incidence Rate,1000 population at risk
MALARIA_EST_INCIDENCE,Estimated malaria incidence (per 1000 population at risk),GIN,Guinea,2006,,405.0,,289.6,551.4,404.99 [289.65-551.39],Incidence Rate,1000 population at risk
MALARIA_EST_INCIDENCE,Estimated malaria incidence (per 1000 population at risk),GIN,Guinea,2005,,420.2,,300.3,571.1,420.24 [300.26-571.14],Incidence Rate,1000 population at risk
MALARIA_EST_INCIDENCE,Estimated malaria incidence (per 1000 population at risk),GIN,Guinea,2004,,425.4,,304.5,577.2,425.36 [304.54-577.17],Incidence Rate,1000 population at risk
MALARIA_EST_INCIDENCE,Estimated malaria incidence (per 1000 population at risk),GIN,Guinea,2003,,425.2,,300.5,581.5,425.18 [300.55-581.55],Incidence Rate,1000 population at risk
MALARIA_EST_INCIDENCE,Estimated malaria incidence (per 1000 population at risk),GIN,Guinea,2002,,419.0,,292.4,583.5,418.97 [292.41-583.52],Incidence Rate,1000 population at risk
MALARIA_EST_INCIDENCE,Estimated malaria incidence (per 1000 population at risk),GIN,Guinea,2001,,414.4,,290.7,574.3,414.39 [290.67-574.28],Incidence Rate,1000 population at risk
MALARIA_EST_INCIDENCE,Estimated malaria incidence (per 1000 population at risk),GIN,Guinea,2000,,415.8,,300.5,558.7,415.77 [300.46-558.72],Incidence Rate,1000 population at risk
MALARIA_EST_INCIDENCE,Estimated malaria incidence (per 1000 population at risk),GMB,Gambia,2024,,75.44,,58.73,93.92,75.44 [58.73-93.92],Incidence Rate,1000 population at risk
MALARIA_EST_INCIDENCE,Estimated malaria incidence (per 1000 population at risk),GMB,Gambia,2023,,87.51,,68.23,108.8,87.51 [68.23-108.82],Incidence Rate,1000 population at risk
MALARIA_EST_INCIDENCE,Estimated malaria incidence (per 1000 population at risk),GMB,Gambia,2022,,95.52,,74.3,119.2,95.52 [74.30-119.16],Incidence Rate,1000 population at risk
MALARIA_EST_INCIDENCE,Estimated malaria incidence (per 1000 population at risk),GMB,Gambia,2021,,62.48,,48.67,77.92,62.48 [48.67-77.92],Incidence Rate,1000 population at risk
MALARIA_EST_INCIDENCE,Estimated malaria incidence (per 1000 population at risk),GMB,Gambia,2020,,83.83,,58.62,120.9,83.83 [58.62-120.92],Incidence Rate,1000 population at risk
MALARIA_EST_INCIDENCE,Estimated malaria incidence (per 1000 population at risk),GMB,Gambia,2019,,44.76,,34.91,55.9,44.76 [34.91-55.90],Incidence Rate,1000 population at risk
MALARIA_EST_INCIDENCE,Estimated malaria incidence (per 1000 population at risk),GMB,Gambia,2018,,81.75,,59.75,105.6,81.75 [59.75-105.60],Incidence Rate,1000 population at risk
MALARIA_EST_INCIDENCE,Estimated malaria incidence (per 1000 population at risk),GMB,Gambia,2017,,63.21,,47.25,80.74,63.21 [47.25-80.74],Incidence Rate,1000 population at risk
MALARIA_EST_INCIDENCE,Estimated malaria incidence (per 1000 population at risk),GMB,Gambia,2016,,130.1,,98.32,164.4,130.07 [98.32-164.45],Incidence Rate,1000 population at risk
MALARIA_EST_INCIDENCE,Estimated malaria incidence (per 1000 population at risk),GMB,Gambia,2015,,202.5,,155.5,254.5,202.51 [155.48-254.49],Incidence Rate,1000 population at risk
MALARIA_EST_INCIDENCE,Estimated malaria incidence (per 1000 population at risk),GMB,Gambia,2014,,140.3,,109.6,174.7,140.32 [109.56-174.68],Incidence Rate,1000 population at risk
MALARIA_EST_INCIDENCE,Estimated malaria incidence (per 1000 population at risk),GMB,Gambia,2013,,204.1,,160.6,252.9,204.12 [160.60-252.93],Incidence Rate,1000 population at risk
MALARIA_EST_INCIDENCE,Estimated malaria incidence (per 1000 population at risk),GMB,Gambia,2012,,256.5,,204.7,313.8,256.47 [204.73-313.83],Incidence Rate,1000 population at risk
MALARIA_EST_INCIDENCE,Estimated malaria incidence (per 1000 population at risk),GMB,Gambia,2011,,238.9,,193.3,289.9,238.87 [193.28-289.93],Incidence Rate,1000 population at risk
MALARIA_EST_INCIDENCE,Estimated malaria incidence (per 1000 population at risk),GMB,Gambia,2010,,232.8,,172.7,302.0,232.81 [172.66-301.98],Incidence Rate,1000 population at risk
MALARIA_EST_INCIDENCE,Estimated malaria incidence (per 1000 population at risk),GMB,Gambia,2009,,239.7,,178.5,311.9,239.74 [178.52-311.93],Incidence Rate,1000 population at risk
MALARIA_EST_INCIDENCE,Estimated malaria incidence (per 1000 population at risk),GMB,Gambia,2008,,246.9,,181.4,320.5,246.86 [181.42-320.48],Incidence Rate,1000 population at risk
MALARIA_EST_INCIDENCE,Estimated malaria incidence (per 1000 population at risk),GMB,Gambia,2007,,254.2,,187.9,327.9,254.15 [187.91-327.88],Incidence Rate,1000 population at risk
MALARIA_EST_INCIDENCE,Estimated malaria incidence (per 1000 population at risk),GMB,Gambia,2006,,261.6,,194.2,341.4,261.65 [194.17-341.43],Incidence Rate,1000 population at risk
MALARIA_EST_INCIDENCE,Estimated malaria incidence (per 1000 population at risk),GMB,Gambia,2005,,269.4,,197.9,347.5,269.36 [197.94-347.47],Incidence Rate,1000 population at risk
MALARIA_EST_INCIDENCE,Estimated malaria incidence (per 1000 population at risk),GMB,Gambia,2004,,277.2,,204.4,360.2,277.25 [204.40-360.19],Incidence Rate,1000 population at risk
MALARIA_EST_INCIDENCE,Estimated malaria incidence (per 1000 population at risk),GMB,Gambia,2003,,285.3,,211.8,371.5,285.25 [211.84-371.48],Incidence Rate,1000 population at risk
MALARIA_EST_INCIDENCE,Estimated malaria incidence (per 1000 population at risk),GMB,Gambia,2002,,293.3,,217.5,379.8,293.32 [217.50-379.81],Incidence Rate,1000 population at risk
MALARIA_EST_INCIDENCE,Estimated malaria incidence (per 1000 population at risk),GMB,Gambia,2001,,301.5,,222.9,390.5,301.46 [222.93-390.51],Incidence Rate,1000 population at risk
MALARIA_EST_INCIDENCE,Estimated malaria incidence (per 1000 population at risk),GMB,Gambia,2000,,309.7,,229.2,403.6,309.72 [229.17-403.56],Incidence Rate,1000 population at risk
MALARIA_EST_INCIDENCE,Estimated malaria incidence (per 1000 population at risk),GNB,Guinea-Bissau,2024,,110.1,,30.58,295.9,110.13 [30.58-295.87],Incidence Rate,1000 population at risk
MALARIA_EST_INCIDENCE,Estimated malaria incidence (per 1000 population at risk),GNB,Guinea-Bissau,2023,,97.81,,27.95,260.4,97.81 [27.95-260.36],Incidence Rate,1000 population at risk
MALARIA_EST_INCIDENCE,Estimated malaria incidence (per 1000 population at risk),GNB,Guinea-Bissau,2022,,97.61,,30.45,232.0,97.61 [30.45-231.98],Incidence Rate,1000 population at risk
MALARIA_EST_INCIDENCE,Estimated malaria incidence (per 1000 population at risk),GNB,Guinea-Bissau,2021,,98.71,,36.52,219.5,98.71 [36.52-219.47],Incidence Rate,1000 population at risk
MALARIA_EST_INCIDENCE,Estimated malaria incidence (per 1000 population at risk),GNB,Guinea-Bissau,2020,,95.17,,34.27,208.8,95.17 [34.27-208.75],Incidence Rate,1000 population at risk
MALARIA_EST_INCIDENCE,Estimated malaria incidence (per 1000 population at risk),GNB,Guinea-Bissau,2019,,87.1,,30.85,199.0,87.10 [30.85-199.00],Incidence Rate,1000 population at risk
MALARIA_EST_INCIDENCE,Estimated malaria incidence (per 1000 population at risk),GNB,Guinea-Bissau,2018,,71.68,,25.72,161.8,71.68 [25.72-161.78],Incidence Rate,1000 population at risk
MALARIA_EST_INCIDENCE,Estimated malaria incidence (per 1000 population at risk),GNB,Guinea-Bissau,2017,,70.21,,23.96,165.5,70.21 [23.96-165.48],Incidence Rate,1000 population at risk
MALARIA_EST_INCIDENCE,Estimated malaria incidence (per 1000 population at risk),GNB,Guinea-Bissau,2016,,74.16,,24.83,170.4,74.16 [24.83-170.42],Incidence Rate,1000 population at risk
MALARIA_EST_INCIDENCE,Estimated malaria incidence (per 1000 population at risk),GNB,Guinea-Bissau,2015,,89.59,,36.93,185.2,89.59 [36.93-185.24],Incidence Rate,1000 population at risk
MALARIA_EST_INCIDENCE,Estimated malaria incidence (per 1000 population at risk),GNB,Guinea-Bissau,2014,,105.7,,45.34,208.4,105.73 [45.34-208.39],Incidence Rate,1000 population at risk
MALARIA_EST_INCIDENCE,Estimated malaria incidence (per 1000 population at risk),GNB,Guinea-Bissau,2013,,120.9,,56.12,233.0,120.88 [56.12-232.97],Incidence Rate,1000 population at risk
MALARIA_EST_INCIDENCE,Estimated malaria incidence (per 1000 population at risk),GNB,Guinea-Bissau,2012,,126.6,,63.93,226.2,126.55 [63.93-226.17],Incidence Rate,1000 population at risk
MALARIA_EST_INCIDENCE,Estimated malaria incidence (per 1000 population at risk),GNB,Guinea-Bissau,2011,,129.3,,67.91,226.9,129.31 [67.91-226.91],Incidence Rate,1000 population at risk
MALARIA_EST_INCIDENCE,Estimated malaria incidence (per 1000 population at risk),GNB,Guinea-Bissau,2010,,124.5,,70.82,204.3,124.54 [70.82-204.30],Incidence Rate,1000 population at risk
MALARIA_EST_INCIDENCE,Estimated malaria incidence (per 1000 population at risk),GNB,Guinea-Bissau,2009,,106.3,,73.31,149.6,106.34 [73.31-149.63],Incidence Rate,1000 population at risk
MALARIA_EST_INCIDENCE,Estimated malaria incidence (per 1000 population at risk),GNB,Guinea-Bissau,2008,,87.5,,64.5,115.3,87.50 [64.50-115.34],Incidence Rate,1000 population at risk
MALARIA_EST_INCIDENCE,Estimated malaria incidence (per 1000 population at risk),GNB,Guinea-Bissau,2007,,76.5,,52.44,105.9,76.50 [52.44-105.86],Incidence Rate,1000 population at risk
MALARIA_EST_INCIDENCE,Estimated malaria incidence (per 1000 population at risk),GNB,Guinea-Bissau,2006,,78.21,,44.88,128.3,78.21 [44.88-128.27],Incidence Rate,1000 population at risk
MALARIA_EST_INCIDENCE,Estimated malaria incidence (per 1000 population at risk),GNB,Guinea-Bissau,2005,,93.26,,42.63,180.2,93.26 [42.63-180.22],Incidence Rate,1000 population at risk
MALARIA_EST_INCIDENCE,Estimated malaria incidence (per 1000 population at risk),GNB,Guinea-Bissau,2004,,121.2,,54.18,236.8,121.23 [54.18-236.84],Incidence Rate,1000 population at risk
MALARIA_EST_INCIDENCE,Estimated malaria incidence (per 1000 population at risk),GNB,Guinea-Bissau,2003,,182.3,,93.3,318.1,182.29 [93.30-318.09],Incidence Rate,1000 population at risk
MALARIA_EST_INCIDENCE,Estimated malaria incidence (per 1000 population at risk),GNB,Guinea-Bissau,2002,,251.2,,137.5,426.6,251.22 [137.52-426.60],Incidence Rate,1000 population at risk
MALARIA_EST_INCIDENCE,Estimated malaria incidence (per 1000 population at risk),GNB,Guinea-Bissau,2001,,320.2,,190.0,509.9,320.17 [190.02-509.94],Incidence Rate,1000 population at risk
MALARIA_EST_INCIDENCE,Estimated malaria incidence (per 1000 population at risk),GNB,Guinea-Bissau,2000,,396.5,,250.0,600.1,396.46 [249.99-600.10],Incidence Rate,1000 population at risk
MALARIA_EST_INCIDENCE,Estimated malaria incidence (per 1000 population at risk),GNQ,Equatorial Guinea,2024,,227.7,,148.9,333.8,227.73 [148.94-333.80],Incidence Rate,1000 population at risk
MALARIA_EST_INCIDENCE,Estimated malaria incidence (per 1000 population at risk),GNQ,Equatorial Guinea,2023,,229.8,,147.9,340.5,229.81 [147.87-340.49],Incidence Rate,1000 population at risk
MALARIA_EST_INCIDENCE,Estimated malaria incidence (per 1000 population at risk),GNQ,Equatorial Guinea,2022,,237.6,,154.4,345.4,237.56 [154.43-345.38],Incidence Rate,1000 population at risk
MALARIA_EST_INCIDENCE,Estimated malaria incidence (per 1000 population at risk),GNQ,Equatorial Guinea,2021,,239.6,,158.3,344.5,239.58 [158.34-344.53],Incidence Rate,1000 population at risk
MALARIA_EST_INCIDENCE,Estimated malaria incidence (per 1000 population at risk),GNQ,Equatorial Guinea,2020,,244.3,,165.0,349.4,244.30 [164.97-349.38],Incidence Rate,1000 population at risk
MALARIA_EST_INCIDENCE,Estimated malaria incidence (per 1000 population at risk),GNQ,Equatorial Guinea,2019,,247.4,,167.4,356.8,247.40 [167.36-356.76],Incidence Rate,1000 population at risk
MALARIA_EST_INCIDENCE,Estimated malaria incidence (per 1000 population at risk),GNQ,Equatorial Guinea,2018,,268.1,,178.7,383.7,268.08 [178.68-383.71],Incidence Rate,1000 population at risk
MALARIA_EST_INCIDENCE,Estimated malaria incidence (per 1000 population at risk),GNQ,Equatorial Guinea,2017,,291.2,,190.9,426.0,291.23 [190.92-426.01],Incidence Rate,1000 population at risk
MALARIA_EST_INCIDENCE,Estimated malaria incidence (per 1000 population at risk),GNQ,Equatorial Guinea,2016,,315.2,,205.9,465.6,315.21 [205.91-465.60],Incidence Rate,1000 population at risk
MALARIA_EST_INCIDENCE,Estimated malaria incidence (per 1000 population at risk),GNQ,Equatorial Guinea,2015,,333.8,,229.6,472.0,333.82 [229.64-471.98],Incidence Rate,1000 population at risk
MALARIA_EST_INCIDENCE,Estimated malaria incidence (per 1000 population at risk),GNQ,Equatorial Guinea,2014,,334.0,,236.5,463.3,334.00 [236.48-463.30],Incidence Rate,1000 population at risk
MALARIA_EST_INCIDENCE,Estimated malaria incidence (per 1000 population at risk),GNQ,Equatorial Guinea,2013,,333.7,,234.8,459.1,333.66 [234.79-459.07],Incidence Rate,1000 population at risk
MALARIA_EST_INCIDENCE,Estimated malaria incidence (per 1000 population at risk),GNQ,Equatorial Guinea,2012,,312.8,,220.2,431.7,312.77 [220.16-431.67],Incidence Rate,1000 population at risk
MALARIA_EST_INCIDENCE,Estimated malaria incidence (per 1000 population at risk),GNQ,Equatorial Guinea,2011,,290.8,,202.9,403.1,290.83 [202.91-403.06],Incidence Rate,1000 population at risk
MALARIA_EST_INCIDENCE,Estimated malaria incidence (per 1000 population at risk),GNQ,Equatorial Guinea,2010,,288.4,,200.0,401.3,288.37 [200.01-401.26],Incidence Rate,1000 population at risk
MALARIA_EST_INCIDENCE,Estimated malaria incidence (per 1000 population at risk),GNQ,Equatorial Guinea,2009,,303.2,,212.4,423.1,303.16 [212.39-423.15],Incidence Rate,1000 population at risk
MALARIA_EST_INCIDENCE,Estimated malaria incidence (per 1000 population at risk),GNQ,Equatorial Guinea,2008,,332.6,,238.3,450.7,332.63 [238.33-450.72],Incidence Rate,1000 population at risk
MALARIA_EST_INCIDENCE,Estimated malaria incidence (per 1000 population at risk),GNQ,Equatorial Guinea,2007,,353.6,,259.5,472.6,353.65 [259.48-472.59],Incidence Rate,1000 population at risk
MALARIA_EST_INCIDENCE,Estimated malaria incidence (per 1000 population at risk),GNQ,Equatorial Guinea,2006,,356.7,,264.1,474.2,356.69 [264.13-474.24],Incidence Rate,1000 population at risk
MALARIA_EST_INCIDENCE,Estimated malaria incidence (per 1000 population at risk),GNQ,Equatorial Guinea,2005,,357.6,,265.4,474.2,357.64 [265.45-474.20],Incidence Rate,1000 population at risk
MALARIA_EST_INCIDENCE,Estimated malaria incidence (per 1000 population at risk),GNQ,Equatorial Guinea,2004,,346.2,,249.5,469.7,346.23 [249.54-469.67],Incidence Rate,1000 population at risk
MALARIA_EST_INCIDENCE,Estimated malaria incidence (per 1000 population at risk),GNQ,Equatorial Guinea,2003,,332.8,,229.7,467.0,332.79 [229.72-467.03],Incidence Rate,1000 population at risk
MALARIA_EST_INCIDENCE,Estimated malaria incidence (per 1000 population at risk),GNQ,Equatorial Guinea,2002,,325.0,,219.1,465.9,325.04 [219.14-465.94],Incidence Rate,1000 population at risk
MALARIA_EST_INCIDENCE,Estimated malaria incidence (per 1000 population at risk),GNQ,Equatorial Guinea,2001,,331.5,,219.1,478.5,331.50 [219.14-478.54],Incidence Rate,1000 population at risk
MALARIA_EST_INCIDENCE,Estimated malaria incidence (per 1000 population at risk),GNQ,Equatorial Guinea,2000,,334.3,,225.8,487.0,334.30 [225.84-486.96],Incidence Rate,1000 population at risk
MALARIA_EST_INCIDENCE,Estimated malaria incidence (per 1000 population at risk),KEN,Kenya,2024,,74.17,,37.31,131.0,74.17 [37.31-131.02],Incidence Rate,1000 population at risk
MALARIA_EST_INCIDENCE,Estimated malaria incidence (per 1000 population at risk),KEN,Kenya,2023,,73.77,,37.32,132.9,73.77 [37.32-132.86],Incidence Rate,1000 population at risk
MALARIA_EST_INCIDENCE,Estimated malaria incidence (per 1000 population at risk),KEN,Kenya,2022,,82.09,,44.42,140.1,82.09 [44.42-140.06],Incidence Rate,1000 population at risk
MALARIA_EST_INCIDENCE,Estimated malaria incidence (per 1000 population at risk),KEN,Kenya,2021,,88.69,,58.34,129.9,88.69 [58.34-129.85],Incidence Rate,1000 population at risk
MALARIA_EST_INCIDENCE,Estimated malaria incidence (per 1000 population at risk),KEN,Kenya,2020,,85.0,,63.79,110.6,85.00 [63.79-110.61],Incidence Rate,1000 population at risk
MALARIA_EST_INCIDENCE,Estimated malaria incidence (per 1000 population at risk),KEN,Kenya,2019,,71.67,,52.87,94.18,71.67 [52.87-94.18],Incidence Rate,1000 population at risk
MALARIA_EST_INCIDENCE,Estimated malaria incidence (per 1000 population at risk),KEN,Kenya,2018,,74.15,,53.36,99.09,74.15 [53.36-99.09],Incidence Rate,1000 population at risk
MALARIA_EST_INCIDENCE,Estimated malaria incidence (per 1000 population at risk),KEN,Kenya,2017,,76.85,,55.22,104.5,76.85 [55.22-104.53],Incidence Rate,1000 population at risk
MALARIA_EST_INCIDENCE,Estimated malaria incidence (per 1000 population at risk),KEN,Kenya,2016,,77.26,,55.28,106.3,77.26 [55.28-106.26],Incidence Rate,1000 population at risk
MALARIA_EST_INCIDENCE,Estimated malaria incidence (per 1000 population at risk),KEN,Kenya,2015,,81.8,,59.78,108.7,81.80 [59.78-108.69],Incidence Rate,1000 population at risk
MALARIA_EST_INCIDENCE,Estimated malaria incidence (per 1000 population at risk),KEN,Kenya,2014,,84.43,,62.97,111.1,84.43 [62.97-111.09],Incidence Rate,1000 population at risk
MALARIA_EST_INCIDENCE,Estimated malaria incidence (per 1000 population at risk),KEN,Kenya,2013,,85.44,,63.88,111.6,85.44 [63.88-111.59],Incidence Rate,1000 population at risk
MALARIA_EST_INCIDENCE,Estimated malaria incidence (per 1000 population at risk),KEN,Kenya,2012,,84.23,,63.26,110.1,84.23 [63.26-110.14],Incidence Rate,1000 population at risk
MALARIA_EST_INCIDENCE,Estimated malaria incidence (per 1000 population at risk),KEN,Kenya,2011,,82.58,,61.28,109.7,82.58 [61.28-109.72],Incidence Rate,1000 population at risk
MALARIA_EST_INCIDENCE,Estimated malaria incidence (per 1000 population at risk),KEN,Kenya,2010,,80.27,,59.38,106.7,80.27 [59.38-106.70],Incidence Rate,1000 population at risk
MALARIA_EST_INCIDENCE,Estimated malaria incidence (per 1000 population at risk),KEN,Kenya,2009,,77.6,,58.27,100.7,77.60 [58.27-100.70],Incidence Rate,1000 population at risk
MALARIA_EST_INCIDENCE,Estimated malaria incidence (per 1000 population at risk),KEN,Kenya,2008,,79.78,,60.18,103.5,79.78 [60.18-103.54],Incidence Rate,1000 population at risk
MALARIA_EST_INCIDENCE,Estimated malaria incidence (per 1000 population at risk),KEN,Kenya,2007,,94.84,,71.04,124.6,94.84 [71.04-124.57],Incidence Rate,1000 population at risk
MALARIA_EST_INCIDENCE,Estimated malaria incidence (per 1000 population at risk),KEN,Kenya,2006,,125.5,,92.76,166.5,125.53 [92.76-166.54],Incidence Rate,1000 population at risk
MALARIA_EST_INCIDENCE,Estimated malaria incidence (per 1000 population at risk),KEN,Kenya,2005,,138.9,,102.0,186.8,138.92 [101.96-186.77],Incidence Rate,1000 population at risk
MALARIA_EST_INCIDENCE,Estimated malaria incidence (per 1000 population at risk),KEN,Kenya,2004,,184.4,,139.2,240.2,184.42 [139.17-240.19],Incidence Rate,1000 population at risk
MALARIA_EST_INCIDENCE,Estimated malaria incidence (per 1000 population at risk),KEN,Kenya,2003,,220.1,,173.7,274.4,220.14 [173.69-274.36],Incidence Rate,1000 population at risk
MALARIA_EST_INCIDENCE,Estimated malaria incidence (per 1000 population at risk),KEN,Kenya,2002,,227.6,,180.6,284.8,227.55 [180.62-284.76],Incidence Rate,1000 population at risk
MALARIA_EST_INCIDENCE,Estimated malaria incidence (per 1000 population at risk),KEN,Kenya,2001,,243.2,,193.9,301.3,243.23 [193.87-301.32],Incidence Rate,1000 population at risk
MALARIA_EST_INCIDENCE,Estimated malaria incidence (per 1000 population at risk),KEN,Kenya,2000,,220.3,,170.9,279.6,220.26 [170.89-279.55],Incidence Rate,1000 population at risk
MALARIA_EST_INCIDENCE,Estimated malaria incidence (per 1000 population at risk),LBR,Liberia,2024,,172.3,,103.4,268.0,172.34 [103.43-268.04],Incidence Rate,1000 population at risk
MALARIA_EST_INCIDENCE,Estimated malaria incidence (per 1000 population at risk),LBR,Liberia,2023,,179.3,,122.6,253.0,179.32 [122.62-253.00],Incidence Rate,1000 population at risk
MALARIA_EST_INCIDENCE,Estimated malaria incidence (per 1000 population at risk),LBR,Liberia,2022,,181.8,,130.7,247.8,181.79 [130.66-247.84],Incidence Rate,1000 population at risk
MALARIA_EST_INCIDENCE,Estimated malaria incidence (per 1000 population at risk),LBR,Liberia,2021,,216.1,,152.0,303.1,216.07 [151.95-303.09],Incidence Rate,1000 population at risk
MALARIA_EST_INCIDENCE,Estimated malaria incidence (per 1000 population at risk),LBR,Liberia,2020,,276.9,,180.5,405.7,276.93 [180.50-405.68],Incidence Rate,1000 population at risk
MALARIA_EST_INCIDENCE,Estimated malaria incidence (per 1000 population at risk),LBR,Liberia,2019,,300.8,,196.4,437.6,300.80 [196.38-437.64],Incidence Rate,1000 population at risk
MALARIA_EST_INCIDENCE,Estimated malaria incidence (per 1000 population at risk),LBR,Liberia,2018,,331.6,,243.2,446.2,331.58 [243.17-446.17],Incidence Rate,1000 population at risk
MALARIA_EST_INCIDENCE,Estimated malaria incidence (per 1000 population at risk),LBR,Liberia,2017,,356.1,,282.3,440.4,356.09 [282.27-440.36],Incidence Rate,1000 population at risk
MALARIA_EST_INCIDENCE,Estimated malaria incidence (per 1000 population at risk),LBR,Liberia,2016,,348.7,,284.6,422.1,348.70 [284.60-422.06],Incidence Rate,1000 population at risk
MALARIA_EST_INCIDENCE,Estimated malaria incidence (per 1000 population at risk),LBR,Liberia,2015,,318.1,,244.3,404.6,318.13 [244.31-404.58],Incidence Rate,1000 population at risk
MALARIA_EST_INCIDENCE,Estimated malaria incidence (per 1000 population at risk),LBR,Liberia,2014,,287.7,,194.2,413.2,287.70 [194.23-413.25],Incidence Rate,1000 population at risk
MALARIA_EST_INCIDENCE,Estimated malaria incidence (per 1000 population at risk),LBR,Liberia,2013,,260.7,,169.5,384.8,260.75 [169.52-384.82],Incidence Rate,1000 population at risk
MALARIA_EST_INCIDENCE,Estimated malaria incidence (per 1000 population at risk),LBR,Liberia,2012,,266.1,,187.5,366.9,266.12 [187.47-366.92],Incidence Rate,1000 population at risk
MALARIA_EST_INCIDENCE,Estimated malaria incidence (per 1000 population at risk),LBR,Liberia,2011,,299.4,,224.1,393.2,299.38 [224.06-393.18],Incidence Rate,1000 population at risk
MALARIA_EST_INCIDENCE,Estimated malaria incidence (per 1000 population at risk),LBR,Liberia,2010,,322.1,,244.8,415.0,322.14 [244.83-415.02],Incidence Rate,1000 population at risk
MALARIA_EST_INCIDENCE,Estimated malaria incidence (per 1000 population at risk),LBR,Liberia,2009,,342.4,,267.3,431.5,342.42 [267.28-431.50],Incidence Rate,1000 population at risk
MALARIA_EST_INCIDENCE,Estimated malaria incidence (per 1000 population at risk),LBR,Liberia,2008,,357.1,,279.1,453.2,357.06 [279.06-453.18],Incidence Rate,1000 population at risk
MALARIA_EST_INCIDENCE,Estimated malaria incidence (per 1000 population at risk),LBR,Liberia,2007,,372.7,,285.6,479.7,372.68 [285.58-479.66],Incidence Rate,1000 population at risk
MALARIA_EST_INCIDENCE,Estimated malaria incidence (per 1000 population at risk),LBR,Liberia,2006,,390.8,,283.0,523.8,390.79 [283.00-523.76],Incidence Rate,1000 population at risk
MALARIA_EST_INCIDENCE,Estimated malaria incidence (per 1000 population at risk),LBR,Liberia,2005,,403.2,,275.9,558.1,403.18 [275.88-558.11],Incidence Rate,1000 population at risk
MALARIA_EST_INCIDENCE,Estimated malaria incidence (per 1000 population at risk),LBR,Liberia,2004,,406.1,,276.9,576.0,406.13 [276.93-575.99],Incidence Rate,1000 population at risk
MALARIA_EST_INCIDENCE,Estimated malaria incidence (per 1000 population at risk),LBR,Liberia,2003,,423.2,,295.7,586.1,423.21 [295.67-586.14],Incidence Rate,1000 population at risk
MALARIA_EST_INCIDENCE,Estimated malaria incidence (per 1000 population at risk),LBR,Liberia,2002,,415.5,,279.1,590.7,415.53 [279.07-590.70],Incidence Rate,1000 population at risk
MALARIA_EST_INCIDENCE,Estimated malaria incidence (per 1000 population at risk),LBR,Liberia,2001,,406.1,,265.4,593.3,406.05 [265.42-593.30],Incidence Rate,1000 population at risk
MALARIA_EST_INCIDENCE,Estimated malaria incidence (per 1000 population at risk),LBR,Liberia,2000,,397.1,,250.9,599.9,397.08 [250.86-599.91],Incidence Rate,1000 population at risk
MALARIA_EST_INCIDENCE,Estimated malaria incidence (per 1000 population at risk),MDG,Madagascar,2024,,255.4,,163.2,354.7,255.45 [163.17-354.72],Incidence Rate,1000 population at risk
MALARIA_EST_INCIDENCE,Estimated malaria incidence (per 1000 population at risk),MDG,Madagascar,2023,,200.0,,127.9,279.3,200.02 [127.93-279.28],Incidence Rate,1000 population at risk
MALARIA_EST_INCIDENCE,Estimated malaria incidence (per 1000 population at risk),MDG,Madagascar,2022,,117.1,,74.87,162.5,117.08 [74.87-162.50],Incidence Rate,1000 population at risk
MALARIA_EST_INCIDENCE,Estimated malaria incidence (per 1000 population at risk),MDG,Madagascar,2021,,166.3,,106.3,230.8,166.33 [106.29-230.78],Incidence Rate,1000 population at risk
MALARIA_EST_INCIDENCE,Estimated malaria incidence (per 1000 population at risk),MDG,Madagascar,2020,,138.7,,92.13,189.6,138.73 [92.13-189.60],Incidence Rate,1000 population at risk
MALARIA_EST_INCIDENCE,Estimated malaria incidence (per 1000 population at risk),MDG,Madagascar,2019,,71.73,,49.01,96.32,71.73 [49.01-96.32],Incidence Rate,1000 population at risk
MALARIA_EST_INCIDENCE,Estimated malaria incidence (per 1000 population at risk),MDG,Madagascar,2018,,71.86,,50.79,95.65,71.86 [50.79-95.65],Incidence Rate,1000 population at risk
MALARIA_EST_INCIDENCE,Estimated malaria incidence (per 1000 population at risk),MDG,Madagascar,2017,,77.22,,55.79,101.1,77.22 [55.79-101.13],Incidence Rate,1000 population at risk
MALARIA_EST_INCIDENCE,Estimated malaria incidence (per 1000 population at risk),MDG,Madagascar,2016,,63.37,,44.49,86.17,63.37 [44.49-86.17],Incidence Rate,1000 population at risk
MALARIA_EST_INCIDENCE,Estimated malaria incidence (per 1000 population at risk),MDG,Madagascar,2015,,107.0,,75.79,143.6,106.98 [75.79-143.63],Incidence Rate,1000 population at risk
MALARIA_EST_INCIDENCE,Estimated malaria incidence (per 1000 population at risk),MDG,Madagascar,2014,,49.8,,34.93,68.2,49.80 [34.93-68.20],Incidence Rate,1000 population at risk
MALARIA_EST_INCIDENCE,Estimated malaria incidence (per 1000 population at risk),MDG,Madagascar,2013,,63.67,,40.8,97.79,63.67 [40.80-97.79],Incidence Rate,1000 population at risk
MALARIA_EST_INCIDENCE,Estimated malaria incidence (per 1000 population at risk),MDG,Madagascar,2012,,70.79,,43.32,111.1,70.79 [43.32-111.14],Incidence Rate,1000 population at risk
MALARIA_EST_INCIDENCE,Estimated malaria incidence (per 1000 population at risk),MDG,Madagascar,2011,,37.08,,22.6,54.44,37.08 [22.60-54.44],Incidence Rate,1000 population at risk
MALARIA_EST_INCIDENCE,Estimated malaria incidence (per 1000 population at risk),MDG,Madagascar,2010,,44.52,,25.73,72.14,44.52 [25.73-72.14],Incidence Rate,1000 population at risk
MALARIA_EST_INCIDENCE,Estimated malaria incidence (per 1000 population at risk),MDG,Madagascar,2009,,44.57,,26.51,71.8,44.57 [26.51-71.80],Incidence Rate,1000 population at risk
MALARIA_EST_INCIDENCE,Estimated malaria incidence (per 1000 population at risk),MDG,Madagascar,2008,,29.9,,15.56,52.07,29.90 [15.56-52.07],Incidence Rate,1000 population at risk
MALARIA_EST_INCIDENCE,Estimated malaria incidence (per 1000 population at risk),MDG,Madagascar,2007,,30.68,,8.81,59.23,30.68 [8.81-59.23],Incidence Rate,1000 population at risk
MALARIA_EST_INCIDENCE,Estimated malaria incidence (per 1000 population at risk),MDG,Madagascar,2006,,33.78,,1.18,74.22,33.78 [1.18-74.22],Incidence Rate,1000 population at risk
MALARIA_EST_INCIDENCE,Estimated malaria incidence (per 1000 population at risk),MDG,Madagascar,2005,,34.6,,1.29,79.2,34.60 [1.29-79.20],Incidence Rate,1000 population at risk
MALARIA_EST_INCIDENCE,Estimated malaria incidence (per 1000 population at risk),MDG,Madagascar,2004,,44.83,,1.59,101.5,44.83 [1.59-101.47],Incidence Rate,1000 population at risk
MALARIA_EST_INCIDENCE,Estimated malaria incidence (per 1000 population at risk),MDG,Madagascar,2003,,65.3,,1.49,148.1,65.30 [1.49-148.14],Incidence Rate,1000 population at risk
MALARIA_EST_INCIDENCE,Estimated malaria incidence (per 1000 population at risk),MDG,Madagascar,2002,,51.2,,1.27,116.9,51.20 [1.27-116.87],Incidence Rate,1000 population at risk
MALARIA_EST_INCIDENCE,Estimated malaria incidence (per 1000 population at risk),MDG,Madagascar,2001,,65.26,,8.8,139.1,65.26 [8.80-139.09],Incidence Rate,1000 population at risk
MALARIA_EST_INCIDENCE,Estimated malaria incidence (per 1000 population at risk),MDG,Madagascar,2000,,54.85,,5.67,124.1,54.85 [5.67-124.07],Incidence Rate,1000 population at risk
MALARIA_EST_INCIDENCE,Estimated malaria incidence (per 1000 population at risk),MLI,Mali,2024,,346.2,,244.0,492.4,346.22 [243.96-492.40],Incidence Rate,1000 population at risk
MALARIA_EST_INCIDENCE,Estimated malaria incidence (per 1000 population at risk),MLI,Mali,2023,,346.2,,244.3,492.2,346.22 [244.35-492.21],Incidence Rate,1000 population at risk
MALARIA_EST_INCIDENCE,Estimated malaria incidence (per 1000 population at risk),MLI,Mali,2022,,346.2,,243.9,492.2,346.22 [243.90-492.24],Incidence Rate,1000 population at risk
MALARIA_EST_INCIDENCE,Estimated malaria incidence (per 1000 population at risk),MLI,Mali,2021,,345.9,,244.0,492.0,345.92 [244.03-491.95],Incidence Rate,1000 population at risk
MALARIA_EST_INCIDENCE,Estimated malaria incidence (per 1000 population at risk),MLI,Mali,2020,,349.4,,246.6,496.5,349.39 [246.57-496.45],Incidence Rate,1000 population at risk
MALARIA_EST_INCIDENCE,Estimated malaria incidence (per 1000 population at risk),MLI,Mali,2019,,325.8,,229.9,462.4,325.76 [229.93-462.42],Incidence Rate,1000 population at risk
MALARIA_EST_INCIDENCE,Estimated malaria incidence (per 1000 population at risk),MLI,Mali,2018,,377.2,,266.2,535.9,377.17 [266.19-535.86],Incidence Rate,1000 population at risk
MALARIA_EST_INCIDENCE,Estimated malaria incidence (per 1000 population at risk),MLI,Mali,2017,,377.0,,266.4,536.0,376.98 [266.43-535.99],Incidence Rate,1000 population at risk
MALARIA_EST_INCIDENCE,Estimated malaria incidence (per 1000 population at risk),MLI,Mali,2016,,374.4,,263.8,531.5,374.39 [263.82-531.46],Incidence Rate,1000 population at risk
MALARIA_EST_INCIDENCE,Estimated malaria incidence (per 1000 population at risk),MLI,Mali,2015,,381.7,,270.7,541.0,381.71 [270.75-541.04],Incidence Rate,1000 population at risk
MALARIA_EST_INCIDENCE,Estimated malaria incidence (per 1000 population at risk),MLI,Mali,2014,,429.5,,308.6,595.4,429.54 [308.64-595.35],Incidence Rate,1000 population at risk
MALARIA_EST_INCIDENCE,Estimated malaria incidence (per 1000 population at risk),MLI,Mali,2013,,441.0,,315.8,606.0,441.00 [315.76-606.02],Incidence Rate,1000 population at risk
MALARIA_EST_INCIDENCE,Estimated malaria incidence (per 1000 population at risk),MLI,Mali,2012,,424.3,,302.1,576.1,424.29 [302.07-576.06],Incidence Rate,1000 population at risk
MALARIA_EST_INCIDENCE,Estimated malaria incidence (per 1000 population at risk),MLI,Mali,2011,,394.2,,281.4,537.9,394.18 [281.39-537.88],Incidence Rate,1000 population at risk
MALARIA_EST_INCIDENCE,Estimated malaria incidence (per 1000 population at risk),MLI,Mali,2010,,373.6,,267.7,514.5,373.60 [267.65-514.54],Incidence Rate,1000 population at risk
MALARIA_EST_INCIDENCE,Estimated malaria incidence (per 1000 population at risk),MLI,Mali,2009,,364.8,,253.0,503.6,364.79 [252.99-503.65],Incidence Rate,1000 population at risk
MALARIA_EST_INCIDENCE,Estimated malaria incidence (per 1000 population at risk),MLI,Mali,2008,,369.2,,255.2,516.1,369.17 [255.19-516.07],Incidence Rate,1000 population at risk
MALARIA_EST_INCIDENCE,Estimated malaria incidence (per 1000 population at risk),MLI,Mali,2007,,378.7,,264.6,532.8,378.67 [264.55-532.75],Incidence Rate,1000 population at risk
MALARIA_EST_INCIDENCE,Estimated malaria incidence (per 1000 population at risk),MLI,Mali,2006,,395.1,,274.8,561.1,395.08 [274.75-561.08],Incidence Rate,1000 population at risk
MALARIA_EST_INCIDENCE,Estimated malaria incidence (per 1000 population at risk),MLI,Mali,2005,,419.8,,291.4,605.1,419.83 [291.44-605.11],Incidence Rate,1000 population at risk
MALARIA_EST_INCIDENCE,Estimated malaria incidence (per 1000 population at risk),MLI,Mali,2004,,417.9,,285.5,592.3,417.89 [285.55-592.32],Incidence Rate,1000 population at risk
MALARIA_EST_INCIDENCE,Estimated malaria incidence (per 1000 population at risk),MLI,Mali,2003,,412.4,,275.3,589.1,412.36 [275.31-589.14],Incidence Rate,1000 population at risk
MALARIA_EST_INCIDENCE,Estimated malaria incidence (per 1000 population at risk),MLI,Mali,2002,,405.1,,270.8,588.7,405.09 [270.83-588.70],Incidence Rate,1000 population at risk
MALARIA_EST_INCIDENCE,Estimated malaria incidence (per 1000 population at risk),MLI,Mali,2001,,396.2,,267.9,571.2,396.22 [267.92-571.15],Incidence Rate,1000 population at risk
MALARIA_EST_INCIDENCE,Estimated malaria incidence (per 1000 population at risk),MLI,Mali,2000,,395.0,,268.2,569.1,394.98 [268.19-569.12],Incidence Rate,1000 population at risk
MALARIA_EST_INCIDENCE,Estimated malaria incidence (per 1000 population at risk),MOZ,Mozambique,2024,,295.1,,223.3,377.5,295.10 [223.27-377.47],Incidence Rate,1000 population at risk
MALARIA_EST_INCIDENCE,Estimated malaria incidence (per 1000 population at risk),MOZ,Mozambique,2023,,303.5,,241.5,374.6,303.50 [241.53-374.62],Incidence Rate,1000 population at risk
MALARIA_EST_INCIDENCE,Estimated malaria incidence (per 1000 population at risk),MOZ,Mozambique,2022,,304.5,,244.4,374.7,304.50 [244.41-374.71],Incidence Rate,1000 population at risk
MALARIA_EST_INCIDENCE,Estimated malaria incidence (per 1000 population at risk),MOZ,Mozambique,2021,,312.4,,248.9,390.1,312.45 [248.91-390.14],Incidence Rate,1000 population at risk
MALARIA_EST_INCIDENCE,Estimated malaria incidence (per 1000 population at risk),MOZ,Mozambique,2020,,320.7,,251.9,402.8,320.65 [251.91-402.82],Incidence Rate,1000 population at risk
MALARIA_EST_INCIDENCE,Estimated malaria incidence (per 1000 population at risk),MOZ,Mozambique,2019,,324.0,,255.8,404.1,323.97 [255.76-404.12],Incidence Rate,1000 population at risk
MALARIA_EST_INCIDENCE,Estimated malaria incidence (per 1000 population at risk),MOZ,Mozambique,2018,,331.3,,262.7,409.2,331.30 [262.72-409.17],Incidence Rate,1000 population at risk
MALARIA_EST_INCIDENCE,Estimated malaria incidence (per 1000 population at risk),MOZ,Mozambique,2017,,333.7,,266.4,411.5,333.74 [266.40-411.46],Incidence Rate,1000 population at risk
MALARIA_EST_INCIDENCE,Estimated malaria incidence (per 1000 population at risk),MOZ,Mozambique,2016,,345.2,,279.3,422.5,345.21 [279.35-422.47],Incidence Rate,1000 population at risk
MALARIA_EST_INCIDENCE,Estimated malaria incidence (per 1000 population at risk),MOZ,Mozambique,2015,,353.7,,289.1,429.6,353.67 [289.14-429.64],Incidence Rate,1000 population at risk
MALARIA_EST_INCIDENCE,Estimated malaria incidence (per 1000 population at risk),MOZ,Mozambique,2014,,361.5,,296.0,439.6,361.47 [295.99-439.56],Incidence Rate,1000 population at risk
MALARIA_EST_INCIDENCE,Estimated malaria incidence (per 1000 population at risk),MOZ,Mozambique,2013,,372.4,,303.2,453.3,372.38 [303.17-453.25],Incidence Rate,1000 population at risk
MALARIA_EST_INCIDENCE,Estimated malaria incidence (per 1000 population at risk),MOZ,Mozambique,2012,,375.2,,306.8,454.1,375.23 [306.83-454.07],Incidence Rate,1000 population at risk
MALARIA_EST_INCIDENCE,Estimated malaria incidence (per 1000 population at risk),MOZ,Mozambique,2011,,376.0,,309.3,453.4,375.99 [309.26-453.35],Incidence Rate,1000 population at risk
MALARIA_EST_INCIDENCE,Estimated malaria incidence (per 1000 population at risk),MOZ,Mozambique,2010,,377.9,,310.9,455.2,377.94 [310.93-455.25],Incidence Rate,1000 population at risk
MALARIA_EST_INCIDENCE,Estimated malaria incidence (per 1000 population at risk),MOZ,Mozambique,2009,,371.5,,304.9,446.8,371.47 [304.93-446.81],Incidence Rate,1000 population at risk
MALARIA_EST_INCIDENCE,Estimated malaria incidence (per 1000 population at risk),MOZ,Mozambique,2008,,369.6,,304.5,443.9,369.61 [304.52-443.89],Incidence Rate,1000 population at risk
MALARIA_EST_INCIDENCE,Estimated malaria incidence (per 1000 population at risk),MOZ,Mozambique,2007,,388.0,,320.1,465.9,388.02 [320.10-465.85],Incidence Rate,1000 population at risk
MALARIA_EST_INCIDENCE,Estimated malaria incidence (per 1000 population at risk),MOZ,Mozambique,2006,,417.4,,341.0,508.2,417.42 [341.03-508.22],Incidence Rate,1000 population at risk
MALARIA_EST_INCIDENCE,Estimated malaria incidence (per 1000 population at risk),MOZ,Mozambique,2005,,442.2,,357.7,542.2,442.25 [357.70-542.24],Incidence Rate,1000 population at risk
MALARIA_EST_INCIDENCE,Estimated malaria incidence (per 1000 population at risk),MOZ,Mozambique,2004,,459.3,,371.9,555.5,459.30 [371.94-555.47],Incidence Rate,1000 population at risk
MALARIA_EST_INCIDENCE,Estimated malaria incidence (per 1000 population at risk),MOZ,Mozambique,2003,,483.9,,397.2,584.3,483.85 [397.22-584.29],Incidence Rate,1000 population at risk
MALARIA_EST_INCIDENCE,Estimated malaria incidence (per 1000 population at risk),MOZ,Mozambique,2002,,494.7,,410.1,592.2,494.65 [410.06-592.22],Incidence Rate,1000 population at risk
MALARIA_EST_INCIDENCE,Estimated malaria incidence (per 1000 population at risk),MOZ,Mozambique,2001,,489.9,,404.8,587.1,489.94 [404.85-587.06],Incidence Rate,1000 population at risk
MALARIA_EST_INCIDENCE,Estimated malaria incidence (per 1000 population at risk),MOZ,Mozambique,2000,,473.7,,387.3,574.5,473.67 [387.33-574.48],Incidence Rate,1000 population at risk
MALARIA_EST_INCIDENCE,Estimated malaria incidence (per 1000 population at risk),MRT,Mauritania,2024,,69.55,,32.87,120.4,69.55 [32.87-120.37],Incidence Rate,1000 population at risk
MALARIA_EST_INCIDENCE,Estimated malaria incidence (per 1000 population at risk),MRT,Mauritania,2023,,42.86,,18.46,80.66,42.86 [18.46-80.66],Incidence Rate,1000 population at risk
MALARIA_EST_INCIDENCE,Estimated malaria incidence (per 1000 population at risk),MRT,Mauritania,2022,,57.55,,25.41,108.0,57.55 [25.41-107.98],Incidence Rate,1000 population at risk
MALARIA_EST_INCIDENCE,Estimated malaria incidence (per 1000 population at risk),MRT,Mauritania,2021,,26.25,,11.93,48.31,26.25 [11.93-48.31],Incidence Rate,1000 population at risk
MALARIA_EST_INCIDENCE,Estimated malaria incidence (per 1000 population at risk),MRT,Mauritania,2020,,64.11,,21.4,131.7,64.11 [21.40-131.73],Incidence Rate,1000 population at risk
MALARIA_EST_INCIDENCE,Estimated malaria incidence (per 1000 population at risk),MRT,Mauritania,2019,,60.21,,21.31,122.1,60.21 [21.31-122.10],Incidence Rate,1000 population at risk
MALARIA_EST_INCIDENCE,Estimated malaria incidence (per 1000 population at risk),MRT,Mauritania,2018,,79.68,,31.38,157.2,79.68 [31.38-157.21],Incidence Rate,1000 population at risk
MALARIA_EST_INCIDENCE,Estimated malaria incidence (per 1000 population at risk),MRT,Mauritania,2017,,72.79,,25.22,149.3,72.79 [25.22-149.33],Incidence Rate,1000 population at risk
MALARIA_EST_INCIDENCE,Estimated malaria incidence (per 1000 population at risk),MRT,Mauritania,2016,,94.53,,40.26,177.4,94.53 [40.26-177.39],Incidence Rate,1000 population at risk
MALARIA_EST_INCIDENCE,Estimated malaria incidence (per 1000 population at risk),MRT,Mauritania,2015,,73.55,,27.82,146.6,73.55 [27.82-146.64],Incidence Rate,1000 population at risk
MALARIA_EST_INCIDENCE,Estimated malaria incidence (per 1000 population at risk),MRT,Mauritania,2014,,56.3,,20.04,112.1,56.30 [20.04-112.14],Incidence Rate,1000 population at risk
MALARIA_EST_INCIDENCE,Estimated malaria incidence (per 1000 population at risk),MRT,Mauritania,2013,,27.11,,1.62,64.89,27.11 [1.62-64.89],Incidence Rate,1000 population at risk
MALARIA_EST_INCIDENCE,Estimated malaria incidence (per 1000 population at risk),MRT,Mauritania,2012,,24.34,,1.52,59.42,24.34 [1.52-59.42],Incidence Rate,1000 population at risk
MALARIA_EST_INCIDENCE,Estimated malaria incidence (per 1000 population at risk),MRT,Mauritania,2011,,46.39,,9.16,99.52,46.39 [9.16-99.52],Incidence Rate,1000 population at risk
MALARIA_EST_INCIDENCE,Estimated malaria incidence (per 1000 population at risk),MRT,Mauritania,2010,,36.28,,2.03,80.91,36.28 [2.03-80.91],Incidence Rate,1000 population at risk
MALARIA_EST_INCIDENCE,Estimated malaria incidence (per 1000 population at risk),MRT,Mauritania,2009,,32.98,,1.1,77.44,32.98 [1.10-77.44],Incidence Rate,1000 population at risk
MALARIA_EST_INCIDENCE,Estimated malaria incidence (per 1000 population at risk),MRT,Mauritania,2008,,65.48,,15.8,131.2,65.48 [15.80-131.24],Incidence Rate,1000 population at risk
MALARIA_EST_INCIDENCE,Estimated malaria incidence (per 1000 population at risk),MRT,Mauritania,2007,,75.8,,20.66,156.3,75.80 [20.66-156.34],Incidence Rate,1000 population at risk
MALARIA_EST_INCIDENCE,Estimated malaria incidence (per 1000 population at risk),MRT,Mauritania,2006,,76.41,,20.37,147.5,76.41 [20.37-147.49],Incidence Rate,1000 population at risk
MALARIA_EST_INCIDENCE,Estimated malaria incidence (per 1000 population at risk),MRT,Mauritania,2005,,84.33,,26.14,163.8,84.33 [26.14-163.78],Incidence Rate,1000 population at risk
MALARIA_EST_INCIDENCE,Estimated malaria incidence (per 1000 population at risk),MRT,Mauritania,2004,,86.37,,30.95,166.8,86.37 [30.95-166.75],Incidence Rate,1000 population at risk
MALARIA_EST_INCIDENCE,Estimated malaria incidence (per 1000 population at risk),MRT,Mauritania,2003,,96.01,,42.07,197.9,96.01 [42.07-197.87],Incidence Rate,1000 population at risk
MALARIA_EST_INCIDENCE,Estimated malaria incidence (per 1000 population at risk),MRT,Mauritania,2002,,92.59,,41.0,174.8,92.59 [41.00-174.76],Incidence Rate,1000 population at risk
MALARIA_EST_INCIDENCE,Estimated malaria incidence (per 1000 population at risk),MRT,Mauritania,2001,,93.67,,46.07,172.8,93.67 [46.07-172.81],Incidence Rate,1000 population at risk
MALARIA_EST_INCIDENCE,Estimated malaria incidence (per 1000 population at risk),MRT,Mauritania,2000,,96.39,,48.58,171.8,96.39 [48.58-171.78],Incidence Rate,1000 population at risk
MALARIA_EST_INCIDENCE,Estimated malaria incidence (per 1000 population at risk),MUS,Mauritius,2021,,0.0,,NA,NA,0,Incidence Rate,1000 population at risk
MALARIA_EST_INCIDENCE,Estimated malaria incidence (per 1000 population at risk),MWI,Malawi,2024,,294.5,,191.3,431.3,294.53 [191.30-431.34],Incidence Rate,1000 population at risk
MALARIA_EST_INCIDENCE,Estimated malaria incidence (per 1000 population at risk),MWI,Malawi,2023,,291.0,,198.8,409.3,291.01 [198.81-409.30],Incidence Rate,1000 population at risk
MALARIA_EST_INCIDENCE,Estimated malaria incidence (per 1000 population at risk),MWI,Malawi,2022,,285.5,,200.4,395.1,285.50 [200.36-395.10],Incidence Rate,1000 population at risk
MALARIA_EST_INCIDENCE,Estimated malaria incidence (per 1000 population at risk),MWI,Malawi,2021,,280.5,,193.8,395.2,280.49 [193.82-395.25],Incidence Rate,1000 population at risk
MALARIA_EST_INCIDENCE,Estimated malaria incidence (per 1000 population at risk),MWI,Malawi,2020,,283.0,,185.3,409.9,283.01 [185.27-409.89],Incidence Rate,1000 population at risk
MALARIA_EST_INCIDENCE,Estimated malaria incidence (per 1000 population at risk),MWI,Malawi,2019,,280.3,,185.0,404.5,280.29 [185.01-404.48],Incidence Rate,1000 population at risk
MALARIA_EST_INCIDENCE,Estimated malaria incidence (per 1000 population at risk),MWI,Malawi,2018,,271.0,,196.0,363.2,270.95 [195.97-363.17],Incidence Rate,1000 population at risk
MALARIA_EST_INCIDENCE,Estimated malaria incidence (per 1000 population at risk),MWI,Malawi,2017,,264.4,,202.7,340.5,264.44 [202.73-340.53],Incidence Rate,1000 population at risk
MALARIA_EST_INCIDENCE,Estimated malaria incidence (per 1000 population at risk),MWI,Malawi,2016,,260.9,,199.8,337.0,260.92 [199.78-337.04],Incidence Rate,1000 population at risk
MALARIA_EST_INCIDENCE,Estimated malaria incidence (per 1000 population at risk),MWI,Malawi,2015,,260.9,,198.4,335.7,260.88 [198.38-335.70],Incidence Rate,1000 population at risk
MALARIA_EST_INCIDENCE,Estimated malaria incidence (per 1000 population at risk),MWI,Malawi,2014,,275.0,,205.1,359.3,275.05 [205.07-359.29],Incidence Rate,1000 population at risk
MALARIA_EST_INCIDENCE,Estimated malaria incidence (per 1000 population at risk),MWI,Malawi,2013,,306.1,,234.4,397.4,306.13 [234.43-397.36],Incidence Rate,1000 population at risk
MALARIA_EST_INCIDENCE,Estimated malaria incidence (per 1000 population at risk),MWI,Malawi,2012,,355.0,,279.9,443.4,354.96 [279.92-443.37],Incidence Rate,1000 population at risk
MALARIA_EST_INCIDENCE,Estimated malaria incidence (per 1000 population at risk),MWI,Malawi,2011,,395.2,,318.8,484.1,395.25 [318.78-484.14],Incidence Rate,1000 population at risk
MALARIA_EST_INCIDENCE,Estimated malaria incidence (per 1000 population at risk),MWI,Malawi,2010,,389.8,,314.8,476.9,389.81 [314.85-476.91],Incidence Rate,1000 population at risk
MALARIA_EST_INCIDENCE,Estimated malaria incidence (per 1000 population at risk),MWI,Malawi,2009,,377.6,,301.3,463.7,377.56 [301.34-463.71],Incidence Rate,1000 population at risk
MALARIA_EST_INCIDENCE,Estimated malaria incidence (per 1000 population at risk),MWI,Malawi,2008,,359.4,,283.0,450.2,359.36 [282.98-450.15],Incidence Rate,1000 population at risk
MALARIA_EST_INCIDENCE,Estimated malaria incidence (per 1000 population at risk),MWI,Malawi,2007,,348.8,,274.2,434.9,348.76 [274.19-434.87],Incidence Rate,1000 population at risk
MALARIA_EST_INCIDENCE,Estimated malaria incidence (per 1000 population at risk),MWI,Malawi,2006,,359.2,,285.1,446.4,359.15 [285.10-446.44],Incidence Rate,1000 population at risk
MALARIA_EST_INCIDENCE,Estimated malaria incidence (per 1000 population at risk),MWI,Malawi,2005,,373.6,,295.9,460.1,373.65 [295.89-460.11],Incidence Rate,1000 population at risk
MALARIA_EST_INCIDENCE,Estimated malaria incidence (per 1000 population at risk),MWI,Malawi,2004,,376.5,,300.0,465.2,376.52 [300.01-465.22],Incidence Rate,1000 population at risk
MALARIA_EST_INCIDENCE,Estimated malaria incidence (per 1000 population at risk),MWI,Malawi,2003,,404.3,,323.5,496.8,404.31 [323.52-496.78],Incidence Rate,1000 population at risk
MALARIA_EST_INCIDENCE,Estimated malaria incidence (per 1000 population at risk),MWI,Malawi,2002,,439.6,,351.9,541.6,439.55 [351.92-541.59],Incidence Rate,1000 population at risk
MALARIA_EST_INCIDENCE,Estimated malaria incidence (per 1000 population at risk),MWI,Malawi,2001,,464.5,,369.0,577.5,464.48 [368.99-577.50],Incidence Rate,1000 population at risk
MALARIA_EST_INCIDENCE,Estimated malaria incidence (per 1000 population at risk),MWI,Malawi,2000,,452.5,,345.6,584.3,452.55 [345.58-584.28],Incidence Rate,1000 population at risk
MALARIA_EST_INCIDENCE,Estimated malaria incidence (per 1000 population at risk),NAM,Namibia,2024,,7.2,,5.7,8.84,7.20 [5.70-8.84],Incidence Rate,1000 population at risk
MALARIA_EST_INCIDENCE,Estimated malaria incidence (per 1000 population at risk),NAM,Namibia,2023,,8.24,,6.54,10.09,8.24 [6.54-10.09],Incidence Rate,1000 population at risk
MALARIA_EST_INCIDENCE,Estimated malaria incidence (per 1000 population at risk),NAM,Namibia,2022,,7.38,,5.84,9.03,7.38 [5.84-9.03],Incidence Rate,1000 population at risk
MALARIA_EST_INCIDENCE,Estimated malaria incidence (per 1000 population at risk),NAM,Namibia,2021,,9.56,,7.58,11.69,9.56 [7.58-11.69],Incidence Rate,1000 population at risk
MALARIA_EST_INCIDENCE,Estimated malaria incidence (per 1000 population at risk),NAM,Namibia,2020,,9.32,,7.39,11.44,9.32 [7.39-11.44],Incidence Rate,1000 population at risk
MALARIA_EST_INCIDENCE,Estimated malaria incidence (per 1000 population at risk),NAM,Namibia,2019,,2.71,,1.92,3.84,2.71 [1.92-3.84],Incidence Rate,1000 population at risk
MALARIA_EST_INCIDENCE,Estimated malaria incidence (per 1000 population at risk),NAM,Namibia,2018,,24.55,,19.42,30.15,24.55 [19.42-30.15],Incidence Rate,1000 population at risk
MALARIA_EST_INCIDENCE,Estimated malaria incidence (per 1000 population at risk),NAM,Namibia,2017,,44.81,,35.59,54.8,44.81 [35.59-54.80],Incidence Rate,1000 population at risk
MALARIA_EST_INCIDENCE,Estimated malaria incidence (per 1000 population at risk),NAM,Namibia,2016,,16.55,,13.11,20.23,16.55 [13.11-20.23],Incidence Rate,1000 population at risk
MALARIA_EST_INCIDENCE,Estimated malaria incidence (per 1000 population at risk),NAM,Namibia,2015,,7.99,,6.31,9.78,7.99 [6.31-9.78],Incidence Rate,1000 population at risk
MALARIA_EST_INCIDENCE,Estimated malaria incidence (per 1000 population at risk),NAM,Namibia,2014,,14.05,,11.13,17.25,14.05 [11.13-17.25],Incidence Rate,1000 population at risk
MALARIA_EST_INCIDENCE,Estimated malaria incidence (per 1000 population at risk),NAM,Namibia,2013,,4.39,,3.49,5.38,4.39 [3.49-5.38],Incidence Rate,1000 population at risk
MALARIA_EST_INCIDENCE,Estimated malaria incidence (per 1000 population at risk),NAM,Namibia,2012,,3.13,,1.28,5.4,3.13 [1.28-5.40],Incidence Rate,1000 population at risk
MALARIA_EST_INCIDENCE,Estimated malaria incidence (per 1000 population at risk),NAM,Namibia,2011,,1.81,,1.25,2.78,1.81 [1.25-2.78],Incidence Rate,1000 population at risk
MALARIA_EST_INCIDENCE,Estimated malaria incidence (per 1000 population at risk),NAM,Namibia,2010,,1.55,,0.48,3.72,1.55 [0.48-3.72],Incidence Rate,1000 population at risk
MALARIA_EST_INCIDENCE,Estimated malaria incidence (per 1000 population at risk),NAM,Namibia,2009,,3.68,,0.48,10.97,3.68 [0.48-10.97],Incidence Rate,1000 population at risk
MALARIA_EST_INCIDENCE,Estimated malaria incidence (per 1000 population at risk),NAM,Namibia,2008,,7.44,,0.99,20.26,7.44 [0.99-20.26],Incidence Rate,1000 population at risk
MALARIA_EST_INCIDENCE,Estimated malaria incidence (per 1000 population at risk),NAM,Namibia,2007,,12.9,,3.95,30.22,12.90 [3.95-30.22],Incidence Rate,1000 population at risk
MALARIA_EST_INCIDENCE,Estimated malaria incidence (per 1000 population at risk),NAM,Namibia,2006,,43.12,,25.86,71.66,43.12 [25.86-71.66],Incidence Rate,1000 population at risk
MALARIA_EST_INCIDENCE,Estimated malaria incidence (per 1000 population at risk),NAM,Namibia,2005,,41.83,,21.71,76.9,41.83 [21.71-76.90],Incidence Rate,1000 population at risk
MALARIA_EST_INCIDENCE,Estimated malaria incidence (per 1000 population at risk),NAM,Namibia,2004,,68.43,,33.49,130.3,68.43 [33.49-130.27],Incidence Rate,1000 population at risk
MALARIA_EST_INCIDENCE,Estimated malaria incidence (per 1000 population at risk),NAM,Namibia,2003,,44.39,,18.69,91.5,44.39 [18.69-91.50],Incidence Rate,1000 population at risk
MALARIA_EST_INCIDENCE,Estimated malaria incidence (per 1000 population at risk),NAM,Namibia,2002,,46.92,,21.81,92.5,46.92 [21.81-92.50],Incidence Rate,1000 population at risk
MALARIA_EST_INCIDENCE,Estimated malaria incidence (per 1000 population at risk),NAM,Namibia,2001,,69.81,,37.79,125.4,69.81 [37.79-125.44],Incidence Rate,1000 population at risk
MALARIA_EST_INCIDENCE,Estimated malaria incidence (per 1000 population at risk),NAM,Namibia,2000,,53.57,,21.24,107.1,53.57 [21.24-107.13],Incidence Rate,1000 population at risk
MALARIA_EST_INCIDENCE,Estimated malaria incidence (per 1000 population at risk),NER,Niger,2024,,305.1,,177.2,499.5,305.14 [177.23-499.52],Incidence Rate,1000 population at risk
MALARIA_EST_INCIDENCE,Estimated malaria incidence (per 1000 population at risk),NER,Niger,2023,,305.1,,176.0,495.6,305.14 [175.96-495.59],Incidence Rate,1000 population at risk
MALARIA_EST_INCIDENCE,Estimated malaria incidence (per 1000 population at risk),NER,Niger,2022,,305.1,,177.4,490.0,305.14 [177.37-490.05],Incidence Rate,1000 population at risk
MALARIA_EST_INCIDENCE,Estimated malaria incidence (per 1000 population at risk),NER,Niger,2021,,304.2,,174.8,491.9,304.18 [174.81-491.94],Incidence Rate,1000 population at risk
MALARIA_EST_INCIDENCE,Estimated malaria incidence (per 1000 population at risk),NER,Niger,2020,,330.8,,193.2,537.7,330.78 [193.21-537.73],Incidence Rate,1000 population at risk
MALARIA_EST_INCIDENCE,Estimated malaria incidence (per 1000 population at risk),NER,Niger,2019,,332.6,,206.2,512.4,332.56 [206.16-512.43],Incidence Rate,1000 population at risk
MALARIA_EST_INCIDENCE,Estimated malaria incidence (per 1000 population at risk),NER,Niger,2018,,349.8,,220.7,529.0,349.75 [220.67-528.99],Incidence Rate,1000 population at risk
MALARIA_EST_INCIDENCE,Estimated malaria incidence (per 1000 population at risk),NER,Niger,2017,,367.8,,234.0,552.9,367.77 [233.99-552.94],Incidence Rate,1000 population at risk
MALARIA_EST_INCIDENCE,Estimated malaria incidence (per 1000 population at risk),NER,Niger,2016,,389.3,,248.6,586.0,389.33 [248.58-586.05],Incidence Rate,1000 population at risk
MALARIA_EST_INCIDENCE,Estimated malaria incidence (per 1000 population at risk),NER,Niger,2015,,404.9,,257.9,606.6,404.90 [257.92-606.60],Incidence Rate,1000 population at risk
MALARIA_EST_INCIDENCE,Estimated malaria incidence (per 1000 population at risk),NER,Niger,2014,,410.1,,262.9,606.9,410.12 [262.89-606.93],Incidence Rate,1000 population at risk
MALARIA_EST_INCIDENCE,Estimated malaria incidence (per 1000 population at risk),NER,Niger,2013,,416.7,,273.0,613.4,416.72 [273.00-613.37],Incidence Rate,1000 population at risk
MALARIA_EST_INCIDENCE,Estimated malaria incidence (per 1000 population at risk),NER,Niger,2012,,428.0,,291.9,606.1,427.97 [291.93-606.12],Incidence Rate,1000 population at risk
MALARIA_EST_INCIDENCE,Estimated malaria incidence (per 1000 population at risk),NER,Niger,2011,,424.0,,296.5,584.4,424.02 [296.55-584.37],Incidence Rate,1000 population at risk
MALARIA_EST_INCIDENCE,Estimated malaria incidence (per 1000 population at risk),NER,Niger,2010,,410.1,,291.3,566.8,410.05 [291.33-566.76],Incidence Rate,1000 population at risk
MALARIA_EST_INCIDENCE,Estimated malaria incidence (per 1000 population at risk),NER,Niger,2009,,377.4,,271.1,514.5,377.45 [271.13-514.53],Incidence Rate,1000 population at risk
MALARIA_EST_INCIDENCE,Estimated malaria incidence (per 1000 population at risk),NER,Niger,2008,,351.8,,244.5,490.3,351.76 [244.47-490.27],Incidence Rate,1000 population at risk
MALARIA_EST_INCIDENCE,Estimated malaria incidence (per 1000 population at risk),NER,Niger,2007,,315.4,,201.6,468.4,315.37 [201.59-468.43],Incidence Rate,1000 population at risk
MALARIA_EST_INCIDENCE,Estimated malaria incidence (per 1000 population at risk),NER,Niger,2006,,307.4,,190.1,473.3,307.39 [190.10-473.27],Incidence Rate,1000 population at risk
MALARIA_EST_INCIDENCE,Estimated malaria incidence (per 1000 population at risk),NER,Niger,2005,,310.5,,195.4,468.4,310.49 [195.40-468.38],Incidence Rate,1000 population at risk
MALARIA_EST_INCIDENCE,Estimated malaria incidence (per 1000 population at risk),NER,Niger,2004,,302.8,,190.3,453.0,302.78 [190.33-453.04],Incidence Rate,1000 population at risk
MALARIA_EST_INCIDENCE,Estimated malaria incidence (per 1000 population at risk),NER,Niger,2003,,298.9,,177.1,475.6,298.92 [177.08-475.60],Incidence Rate,1000 population at risk
MALARIA_EST_INCIDENCE,Estimated malaria incidence (per 1000 population at risk),NER,Niger,2002,,327.9,,184.4,535.7,327.87 [184.43-535.75],Incidence Rate,1000 population at risk
MALARIA_EST_INCIDENCE,Estimated malaria incidence (per 1000 population at risk),NER,Niger,2001,,350.7,,196.8,582.7,350.71 [196.76-582.73],Incidence Rate,1000 population at risk
MALARIA_EST_INCIDENCE,Estimated malaria incidence (per 1000 population at risk),NER,Niger,2000,,359.2,,201.4,595.5,359.24 [201.35-595.46],Incidence Rate,1000 population at risk
MALARIA_EST_INCIDENCE,Estimated malaria incidence (per 1000 population at risk),NGA,Nigeria,2024,,294.3,,211.0,397.4,294.25 [211.03-397.36],Incidence Rate,1000 population at risk
MALARIA_EST_INCIDENCE,Estimated malaria incidence (per 1000 population at risk),NGA,Nigeria,2023,,299.0,,215.6,406.2,299.00 [215.62-406.20],Incidence Rate,1000 population at risk
MALARIA_EST_INCIDENCE,Estimated malaria incidence (per 1000 population at risk),NGA,Nigeria,2022,,299.0,,215.5,402.8,299.00 [215.48-402.85],Incidence Rate,1000 population at risk
MALARIA_EST_INCIDENCE,Estimated malaria incidence (per 1000 population at risk),NGA,Nigeria,2021,,299.3,,217.4,407.3,299.27 [217.44-407.25],Incidence Rate,1000 population at risk
MALARIA_EST_INCIDENCE,Estimated malaria incidence (per 1000 population at risk),NGA,Nigeria,2020,,304.4,,218.7,414.3,304.37 [218.69-414.28],Incidence Rate,1000 population at risk
MALARIA_EST_INCIDENCE,Estimated malaria incidence (per 1000 population at risk),NGA,Nigeria,2019,,293.0,,226.5,376.2,293.00 [226.46-376.22],Incidence Rate,1000 population at risk
MALARIA_EST_INCIDENCE,Estimated malaria incidence (per 1000 population at risk),NGA,Nigeria,2018,,291.1,,229.0,367.1,291.07 [228.98-367.07],Incidence Rate,1000 population at risk
MALARIA_EST_INCIDENCE,Estimated malaria incidence (per 1000 population at risk),NGA,Nigeria,2017,,289.0,,229.1,359.8,288.98 [229.08-359.80],Incidence Rate,1000 population at risk
MALARIA_EST_INCIDENCE,Estimated malaria incidence (per 1000 population at risk),NGA,Nigeria,2016,,284.8,,225.4,353.7,284.83 [225.41-353.73],Incidence Rate,1000 population at risk
MALARIA_EST_INCIDENCE,Estimated malaria incidence (per 1000 population at risk),NGA,Nigeria,2015,,283.8,,227.1,352.0,283.81 [227.07-351.95],Incidence Rate,1000 population at risk
MALARIA_EST_INCIDENCE,Estimated malaria incidence (per 1000 population at risk),NGA,Nigeria,2014,,287.7,,230.3,354.6,287.70 [230.31-354.64],Incidence Rate,1000 population at risk
MALARIA_EST_INCIDENCE,Estimated malaria incidence (per 1000 population at risk),NGA,Nigeria,2013,,297.8,,239.6,366.3,297.83 [239.60-366.29],Incidence Rate,1000 population at risk
MALARIA_EST_INCIDENCE,Estimated malaria incidence (per 1000 population at risk),NGA,Nigeria,2012,,316.2,,255.2,389.0,316.22 [255.24-389.01],Incidence Rate,1000 population at risk
MALARIA_EST_INCIDENCE,Estimated malaria incidence (per 1000 population at risk),NGA,Nigeria,2011,,339.5,,273.8,416.2,339.51 [273.76-416.18],Incidence Rate,1000 population at risk
MALARIA_EST_INCIDENCE,Estimated malaria incidence (per 1000 population at risk),NGA,Nigeria,2010,,363.4,,294.2,443.5,363.36 [294.24-443.45],Incidence Rate,1000 population at risk
MALARIA_EST_INCIDENCE,Estimated malaria incidence (per 1000 population at risk),NGA,Nigeria,2009,,390.0,,319.7,471.6,389.96 [319.67-471.62],Incidence Rate,1000 population at risk
MALARIA_EST_INCIDENCE,Estimated malaria incidence (per 1000 population at risk),NGA,Nigeria,2008,,402.0,,328.6,487.0,402.01 [328.56-486.99],Incidence Rate,1000 population at risk
MALARIA_EST_INCIDENCE,Estimated malaria incidence (per 1000 population at risk),NGA,Nigeria,2007,,400.6,,324.0,489.8,400.61 [324.03-489.82],Incidence Rate,1000 population at risk
MALARIA_EST_INCIDENCE,Estimated malaria incidence (per 1000 population at risk),NGA,Nigeria,2006,,398.6,,321.3,488.3,398.57 [321.34-488.27],Incidence Rate,1000 population at risk
MALARIA_EST_INCIDENCE,Estimated malaria incidence (per 1000 population at risk),NGA,Nigeria,2005,,395.9,,318.8,487.0,395.90 [318.82-487.01],Incidence Rate,1000 population at risk
MALARIA_EST_INCIDENCE,Estimated malaria incidence (per 1000 population at risk),NGA,Nigeria,2004,,390.1,,309.7,483.2,390.12 [309.71-483.20],Incidence Rate,1000 population at risk
MALARIA_EST_INCIDENCE,Estimated malaria incidence (per 1000 population at risk),NGA,Nigeria,2003,,382.1,,298.4,484.1,382.09 [298.42-484.07],Incidence Rate,1000 population at risk
MALARIA_EST_INCIDENCE,Estimated malaria incidence (per 1000 population at risk),NGA,Nigeria,2002,,381.7,,296.2,485.3,381.75 [296.16-485.34],Incidence Rate,1000 population at risk
MALARIA_EST_INCIDENCE,Estimated malaria incidence (per 1000 population at risk),NGA,Nigeria,2001,,394.5,,306.7,501.4,394.49 [306.73-501.43],Incidence Rate,1000 population at risk
MALARIA_EST_INCIDENCE,Estimated malaria incidence (per 1000 population at risk),NGA,Nigeria,2000,,401.8,,312.4,508.8,401.79 [312.41-508.80],Incidence Rate,1000 population at risk
MALARIA_EST_INCIDENCE,Estimated malaria incidence (per 1000 population at risk),RWA,Rwanda,2024,,77.14,,59.96,94.97,77.14 [59.96-94.97],Incidence Rate,1000 population at risk
MALARIA_EST_INCIDENCE,Estimated malaria incidence (per 1000 population at risk),RWA,Rwanda,2023,,53.64,,41.75,66.02,53.64 [41.75-66.02],Incidence Rate,1000 population at risk
MALARIA_EST_INCIDENCE,Estimated malaria incidence (per 1000 population at risk),RWA,Rwanda,2022,,85.57,,66.54,105.6,85.57 [66.54-105.59],Incidence Rate,1000 population at risk
MALARIA_EST_INCIDENCE,Estimated malaria incidence (per 1000 population at risk),RWA,Rwanda,2021,,118.7,,92.22,146.4,118.74 [92.22-146.43],Incidence Rate,1000 population at risk
MALARIA_EST_INCIDENCE,Estimated malaria incidence (per 1000 population at risk),RWA,Rwanda,2020,,213.1,,165.6,262.5,213.12 [165.61-262.52],Incidence Rate,1000 population at risk
MALARIA_EST_INCIDENCE,Estimated malaria incidence (per 1000 population at risk),RWA,Rwanda,2019,,385.3,,299.5,475.1,385.35 [299.54-475.06],Incidence Rate,1000 population at risk
MALARIA_EST_INCIDENCE,Estimated malaria incidence (per 1000 population at risk),RWA,Rwanda,2018,,477.6,,360.8,600.6,477.57 [360.79-600.55],Incidence Rate,1000 population at risk
MALARIA_EST_INCIDENCE,Estimated malaria incidence (per 1000 population at risk),RWA,Rwanda,2017,,711.4,,520.2,914.9,711.44 [520.22-914.88],Incidence Rate,1000 population at risk
MALARIA_EST_INCIDENCE,Estimated malaria incidence (per 1000 population at risk),RWA,Rwanda,2016,,410.1,,301.6,523.3,410.08 [301.64-523.29],Incidence Rate,1000 population at risk
MALARIA_EST_INCIDENCE,Estimated malaria incidence (per 1000 population at risk),RWA,Rwanda,2015,,308.0,,229.2,390.0,308.04 [229.24-389.99],Incidence Rate,1000 population at risk
MALARIA_EST_INCIDENCE,Estimated malaria incidence (per 1000 population at risk),RWA,Rwanda,2014,,202.3,,152.0,254.4,202.30 [151.96-254.45],Incidence Rate,1000 population at risk
MALARIA_EST_INCIDENCE,Estimated malaria incidence (per 1000 population at risk),RWA,Rwanda,2013,,109.5,,91.25,128.8,109.49 [91.25-128.83],Incidence Rate,1000 population at risk
MALARIA_EST_INCIDENCE,Estimated malaria incidence (per 1000 population at risk),RWA,Rwanda,2012,,59.69,,47.16,72.63,59.69 [47.16-72.63],Incidence Rate,1000 population at risk
MALARIA_EST_INCIDENCE,Estimated malaria incidence (per 1000 population at risk),RWA,Rwanda,2011,,36.94,,27.57,46.79,36.94 [27.57-46.79],Incidence Rate,1000 population at risk
MALARIA_EST_INCIDENCE,Estimated malaria incidence (per 1000 population at risk),RWA,Rwanda,2010,,104.7,,72.46,138.2,104.65 [72.46-138.21],Incidence Rate,1000 population at risk
MALARIA_EST_INCIDENCE,Estimated malaria incidence (per 1000 population at risk),RWA,Rwanda,2009,,153.7,,100.1,215.7,153.74 [100.09-215.66],Incidence Rate,1000 population at risk
MALARIA_EST_INCIDENCE,Estimated malaria incidence (per 1000 population at risk),RWA,Rwanda,2008,,69.73,,42.93,102.1,69.73 [42.93-102.11],Incidence Rate,1000 population at risk
MALARIA_EST_INCIDENCE,Estimated malaria incidence (per 1000 population at risk),RWA,Rwanda,2007,,88.02,,53.15,131.7,88.02 [53.15-131.69],Incidence Rate,1000 population at risk
MALARIA_EST_INCIDENCE,Estimated malaria incidence (per 1000 population at risk),RWA,Rwanda,2006,,150.1,,35.51,238.0,150.06 [35.51-237.98],Incidence Rate,1000 population at risk
MALARIA_EST_INCIDENCE,Estimated malaria incidence (per 1000 population at risk),RWA,Rwanda,2005,,152.1,,34.1,255.2,152.06 [34.10-255.19],Incidence Rate,1000 population at risk
MALARIA_EST_INCIDENCE,Estimated malaria incidence (per 1000 population at risk),RWA,Rwanda,2004,,122.3,,45.93,205.8,122.34 [45.93-205.83],Incidence Rate,1000 population at risk
MALARIA_EST_INCIDENCE,Estimated malaria incidence (per 1000 population at risk),RWA,Rwanda,2003,,139.2,,71.61,218.9,139.22 [71.61-218.94],Incidence Rate,1000 population at risk
MALARIA_EST_INCIDENCE,Estimated malaria incidence (per 1000 population at risk),RWA,Rwanda,2002,,157.0,,80.45,279.4,156.99 [80.45-279.44],Incidence Rate,1000 population at risk
MALARIA_EST_INCIDENCE,Estimated malaria incidence (per 1000 population at risk),RWA,Rwanda,2001,,171.3,,82.44,319.7,171.34 [82.44-319.67],Incidence Rate,1000 population at risk
MALARIA_EST_INCIDENCE,Estimated malaria incidence (per 1000 population at risk),RWA,Rwanda,2000,,180.4,,74.77,373.8,180.43 [74.77-373.78],Incidence Rate,1000 population at risk
MALARIA_EST_INCIDENCE,Estimated malaria incidence (per 1000 population at risk),SEN,Senegal,2024,,36.78,,28.91,45.34,36.78 [28.91-45.34],Incidence Rate,1000 population at risk
MALARIA_EST_INCIDENCE,Estimated malaria incidence (per 1000 population at risk),SEN,Senegal,2023,,34.69,,24.55,49.28,34.69 [24.55-49.28],Incidence Rate,1000 population at risk
MALARIA_EST_INCIDENCE,Estimated malaria incidence (per 1000 population at risk),SEN,Senegal,2022,,38.1,,30.08,46.81,38.10 [30.08-46.81],Incidence Rate,1000 population at risk
MALARIA_EST_INCIDENCE,Estimated malaria incidence (per 1000 population at risk),SEN,Senegal,2021,,41.85,,33.06,51.11,41.85 [33.06-51.11],Incidence Rate,1000 population at risk
MALARIA_EST_INCIDENCE,Estimated malaria incidence (per 1000 population at risk),SEN,Senegal,2020,,35.59,,28.12,43.45,35.59 [28.12-43.45],Incidence Rate,1000 population at risk
MALARIA_EST_INCIDENCE,Estimated malaria incidence (per 1000 population at risk),SEN,Senegal,2019,,41.11,,27.81,55.55,41.11 [27.81-55.55],Incidence Rate,1000 population at risk
MALARIA_EST_INCIDENCE,Estimated malaria incidence (per 1000 population at risk),SEN,Senegal,2018,,65.83,,45.83,88.1,65.83 [45.83-88.10],Incidence Rate,1000 population at risk
MALARIA_EST_INCIDENCE,Estimated malaria incidence (per 1000 population at risk),SEN,Senegal,2017,,52.06,,36.18,68.99,52.06 [36.18-68.99],Incidence Rate,1000 population at risk
MALARIA_EST_INCIDENCE,Estimated malaria incidence (per 1000 population at risk),SEN,Senegal,2016,,45.5,,31.24,61.43,45.50 [31.24-61.43],Incidence Rate,1000 population at risk
MALARIA_EST_INCIDENCE,Estimated malaria incidence (per 1000 population at risk),SEN,Senegal,2015,,69.27,,47.05,93.88,69.27 [47.05-93.88],Incidence Rate,1000 population at risk
MALARIA_EST_INCIDENCE,Estimated malaria incidence (per 1000 population at risk),SEN,Senegal,2014,,37.65,,27.6,48.88,37.65 [27.60-48.88],Incidence Rate,1000 population at risk
MALARIA_EST_INCIDENCE,Estimated malaria incidence (per 1000 population at risk),SEN,Senegal,2013,,57.87,,41.28,76.75,57.87 [41.28-76.75],Incidence Rate,1000 population at risk
MALARIA_EST_INCIDENCE,Estimated malaria incidence (per 1000 population at risk),SEN,Senegal,2012,,53.04,,36.79,71.9,53.04 [36.79-71.90],Incidence Rate,1000 population at risk
MALARIA_EST_INCIDENCE,Estimated malaria incidence (per 1000 population at risk),SEN,Senegal,2011,,48.31,,34.05,64.26,48.31 [34.05-64.26],Incidence Rate,1000 population at risk
MALARIA_EST_INCIDENCE,Estimated malaria incidence (per 1000 population at risk),SEN,Senegal,2010,,60.4,,42.41,80.33,60.40 [42.41-80.33],Incidence Rate,1000 population at risk
MALARIA_EST_INCIDENCE,Estimated malaria incidence (per 1000 population at risk),SEN,Senegal,2009,,32.88,,22.45,44.74,32.88 [22.45-44.74],Incidence Rate,1000 population at risk
MALARIA_EST_INCIDENCE,Estimated malaria incidence (per 1000 population at risk),SEN,Senegal,2008,,52.18,,32.93,75.7,52.18 [32.93-75.70],Incidence Rate,1000 population at risk
MALARIA_EST_INCIDENCE,Estimated malaria incidence (per 1000 population at risk),SEN,Senegal,2007,,98.57,,29.74,183.8,98.57 [29.74-183.75],Incidence Rate,1000 population at risk
MALARIA_EST_INCIDENCE,Estimated malaria incidence (per 1000 population at risk),SEN,Senegal,2006,,121.5,,38.41,214.5,121.53 [38.41-214.47],Incidence Rate,1000 population at risk
MALARIA_EST_INCIDENCE,Estimated malaria incidence (per 1000 population at risk),SEN,Senegal,2005,,132.3,,39.22,230.2,132.26 [39.22-230.18],Incidence Rate,1000 population at risk
MALARIA_EST_INCIDENCE,Estimated malaria incidence (per 1000 population at risk),SEN,Senegal,2004,,129.2,,28.1,240.8,129.20 [28.10-240.82],Incidence Rate,1000 population at risk
MALARIA_EST_INCIDENCE,Estimated malaria incidence (per 1000 population at risk),SEN,Senegal,2003,,168.1,,67.68,262.7,168.09 [67.68-262.74],Incidence Rate,1000 population at risk
MALARIA_EST_INCIDENCE,Estimated malaria incidence (per 1000 population at risk),SEN,Senegal,2002,,157.0,,48.28,257.2,156.98 [48.28-257.25],Incidence Rate,1000 population at risk
MALARIA_EST_INCIDENCE,Estimated malaria incidence (per 1000 population at risk),SEN,Senegal,2001,,176.6,,65.49,265.9,176.61 [65.49-265.86],Incidence Rate,1000 population at risk
MALARIA_EST_INCIDENCE,Estimated malaria incidence (per 1000 population at risk),SEN,Senegal,2000,,230.4,,156.4,327.4,230.37 [156.35-327.36],Incidence Rate,1000 population at risk
MALARIA_EST_INCIDENCE,Estimated malaria incidence (per 1000 population at risk),SLE,Sierra Leone,2024,,282.7,,153.6,474.1,282.67 [153.57-474.14],Incidence Rate,1000 population at risk
MALARIA_EST_INCIDENCE,Estimated malaria incidence (per 1000 population at risk),SLE,Sierra Leone,2023,,284.1,,158.7,473.9,284.08 [158.71-473.93],Incidence Rate,1000 population at risk
MALARIA_EST_INCIDENCE,Estimated malaria incidence (per 1000 population at risk),SLE,Sierra Leone,2022,,298.2,,171.9,481.7,298.19 [171.89-481.71],Incidence Rate,1000 population at risk
MALARIA_EST_INCIDENCE,Estimated malaria incidence (per 1000 population at risk),SLE,Sierra Leone,2021,,305.8,,177.3,491.2,305.82 [177.27-491.16],Incidence Rate,1000 population at risk
MALARIA_EST_INCIDENCE,Estimated malaria incidence (per 1000 population at risk),SLE,Sierra Leone,2020,,313.1,,178.2,510.2,313.11 [178.20-510.19],Incidence Rate,1000 population at risk
MALARIA_EST_INCIDENCE,Estimated malaria incidence (per 1000 population at risk),SLE,Sierra Leone,2019,,321.9,,194.9,504.3,321.88 [194.92-504.29],Incidence Rate,1000 population at risk
MALARIA_EST_INCIDENCE,Estimated malaria incidence (per 1000 population at risk),SLE,Sierra Leone,2018,,340.6,,236.5,480.1,340.61 [236.46-480.13],Incidence Rate,1000 population at risk
MALARIA_EST_INCIDENCE,Estimated malaria incidence (per 1000 population at risk),SLE,Sierra Leone,2017,,350.5,,271.2,447.1,350.55 [271.22-447.08],Incidence Rate,1000 population at risk
MALARIA_EST_INCIDENCE,Estimated malaria incidence (per 1000 population at risk),SLE,Sierra Leone,2016,,363.6,,291.7,448.0,363.56 [291.70-447.98],Incidence Rate,1000 population at risk
MALARIA_EST_INCIDENCE,Estimated malaria incidence (per 1000 population at risk),SLE,Sierra Leone,2015,,367.8,,294.1,455.2,367.82 [294.05-455.21],Incidence Rate,1000 population at risk
MALARIA_EST_INCIDENCE,Estimated malaria incidence (per 1000 population at risk),SLE,Sierra Leone,2014,,380.3,,302.1,470.5,380.30 [302.14-470.54],Incidence Rate,1000 population at risk
MALARIA_EST_INCIDENCE,Estimated malaria incidence (per 1000 population at risk),SLE,Sierra Leone,2013,,396.1,,319.8,487.2,396.12 [319.82-487.22],Incidence Rate,1000 population at risk
MALARIA_EST_INCIDENCE,Estimated malaria incidence (per 1000 population at risk),SLE,Sierra Leone,2012,,413.4,,327.2,513.8,413.44 [327.22-513.77],Incidence Rate,1000 population at risk
MALARIA_EST_INCIDENCE,Estimated malaria incidence (per 1000 population at risk),SLE,Sierra Leone,2011,,427.8,,331.9,543.5,427.79 [331.90-543.52],Incidence Rate,1000 population at risk
MALARIA_EST_INCIDENCE,Estimated malaria incidence (per 1000 population at risk),SLE,Sierra Leone,2010,,438.9,,338.1,558.8,438.89 [338.11-558.82],Incidence Rate,1000 population at risk
MALARIA_EST_INCIDENCE,Estimated malaria incidence (per 1000 population at risk),SLE,Sierra Leone,2009,,445.0,,344.1,561.8,445.04 [344.09-561.84],Incidence Rate,1000 population at risk
MALARIA_EST_INCIDENCE,Estimated malaria incidence (per 1000 population at risk),SLE,Sierra Leone,2008,,427.1,,320.2,558.4,427.10 [320.18-558.36],Incidence Rate,1000 population at risk
MALARIA_EST_INCIDENCE,Estimated malaria incidence (per 1000 population at risk),SLE,Sierra Leone,2007,,405.1,,294.0,548.5,405.15 [293.98-548.47],Incidence Rate,1000 population at risk
MALARIA_EST_INCIDENCE,Estimated malaria incidence (per 1000 population at risk),SLE,Sierra Leone,2006,,397.6,,278.9,552.8,397.65 [278.93-552.78],Incidence Rate,1000 population at risk
MALARIA_EST_INCIDENCE,Estimated malaria incidence (per 1000 population at risk),SLE,Sierra Leone,2005,,401.2,,272.9,569.8,401.19 [272.86-569.82],Incidence Rate,1000 population at risk
MALARIA_EST_INCIDENCE,Estimated malaria incidence (per 1000 population at risk),SLE,Sierra Leone,2004,,405.4,,272.8,578.8,405.39 [272.78-578.81],Incidence Rate,1000 population at risk
MALARIA_EST_INCIDENCE,Estimated malaria incidence (per 1000 population at risk),SLE,Sierra Leone,2003,,414.3,,281.6,588.2,414.30 [281.61-588.19],Incidence Rate,1000 population at risk
MALARIA_EST_INCIDENCE,Estimated malaria incidence (per 1000 population at risk),SLE,Sierra Leone,2002,,425.6,,280.7,620.2,425.58 [280.71-620.17],Incidence Rate,1000 population at risk
MALARIA_EST_INCIDENCE,Estimated malaria incidence (per 1000 population at risk),SLE,Sierra Leone,2001,,425.1,,277.7,630.0,425.06 [277.66-630.02],Incidence Rate,1000 population at risk
MALARIA_EST_INCIDENCE,Estimated malaria incidence (per 1000 population at risk),SLE,Sierra Leone,2000,,424.6,,284.9,625.7,424.58 [284.94-625.66],Incidence Rate,1000 population at risk
MALARIA_EST_INCIDENCE,Estimated malaria incidence (per 1000 population at risk),SSD,South Sudan,2024,,254.1,,153.0,390.4,254.08 [152.97-390.43],Incidence Rate,1000 population at risk
MALARIA_EST_INCIDENCE,Estimated malaria incidence (per 1000 population at risk),SSD,South Sudan,2023,,264.9,,167.2,395.1,264.93 [167.24-395.13],Incidence Rate,1000 population at risk
MALARIA_EST_INCIDENCE,Estimated malaria incidence (per 1000 population at risk),SSD,South Sudan,2022,,274.8,,177.2,408.7,274.78 [177.23-408.65],Incidence Rate,1000 population at risk
MALARIA_EST_INCIDENCE,Estimated malaria incidence (per 1000 population at risk),SSD,South Sudan,2021,,276.8,,178.6,411.8,276.82 [178.57-411.79],Incidence Rate,1000 population at risk
MALARIA_EST_INCIDENCE,Estimated malaria incidence (per 1000 population at risk),SSD,South Sudan,2020,,281.6,,183.5,420.9,281.60 [183.47-420.86],Incidence Rate,1000 population at risk
MALARIA_EST_INCIDENCE,Estimated malaria incidence (per 1000 population at risk),SSD,South Sudan,2019,,285.9,,189.3,416.6,285.93 [189.32-416.63],Incidence Rate,1000 population at risk
MALARIA_EST_INCIDENCE,Estimated malaria incidence (per 1000 population at risk),SSD,South Sudan,2018,,276.3,,185.4,395.5,276.30 [185.43-395.54],Incidence Rate,1000 population at risk
MALARIA_EST_INCIDENCE,Estimated malaria incidence (per 1000 population at risk),SSD,South Sudan,2017,,277.3,,192.4,386.1,277.30 [192.40-386.14],Incidence Rate,1000 population at risk
MALARIA_EST_INCIDENCE,Estimated malaria incidence (per 1000 population at risk),SSD,South Sudan,2016,,265.7,,187.7,367.6,265.71 [187.72-367.61],Incidence Rate,1000 population at risk
MALARIA_EST_INCIDENCE,Estimated malaria incidence (per 1000 population at risk),SSD,South Sudan,2015,,269.3,,194.4,363.2,269.31 [194.42-363.25],Incidence Rate,1000 population at risk
MALARIA_EST_INCIDENCE,Estimated malaria incidence (per 1000 population at risk),SSD,South Sudan,2014,,271.0,,200.9,355.7,271.04 [200.85-355.73],Incidence Rate,1000 population at risk
MALARIA_EST_INCIDENCE,Estimated malaria incidence (per 1000 population at risk),SSD,South Sudan,2013,,276.1,,209.1,358.6,276.10 [209.07-358.61],Incidence Rate,1000 population at risk
MALARIA_EST_INCIDENCE,Estimated malaria incidence (per 1000 population at risk),SSD,South Sudan,2012,,278.4,,210.4,359.7,278.40 [210.43-359.72],Incidence Rate,1000 population at risk
MALARIA_EST_INCIDENCE,Estimated malaria incidence (per 1000 population at risk),SSD,South Sudan,2011,,281.3,,213.7,363.0,281.33 [213.69-363.03],Incidence Rate,1000 population at risk
MALARIA_EST_INCIDENCE,Estimated malaria incidence (per 1000 population at risk),SSD,South Sudan,2010,,275.6,,215.6,346.8,275.62 [215.64-346.79],Incidence Rate,1000 population at risk
MALARIA_EST_INCIDENCE,Estimated malaria incidence (per 1000 population at risk),SSD,South Sudan,2009,,271.1,,219.3,330.8,271.12 [219.30-330.80],Incidence Rate,1000 population at risk
MALARIA_EST_INCIDENCE,Estimated malaria incidence (per 1000 population at risk),SSD,South Sudan,2008,,268.1,,212.4,333.7,268.10 [212.44-333.71],Incidence Rate,1000 population at risk
MALARIA_EST_INCIDENCE,Estimated malaria incidence (per 1000 population at risk),SSD,South Sudan,2007,,274.8,,210.9,350.0,274.80 [210.89-349.96],Incidence Rate,1000 population at risk
MALARIA_EST_INCIDENCE,Estimated malaria incidence (per 1000 population at risk),SSD,South Sudan,2006,,292.8,,211.8,394.2,292.76 [211.84-394.19],Incidence Rate,1000 population at risk
MALARIA_EST_INCIDENCE,Estimated malaria incidence (per 1000 population at risk),SSD,South Sudan,2005,,305.9,,210.1,430.9,305.86 [210.06-430.86],Incidence Rate,1000 population at risk
MALARIA_EST_INCIDENCE,Estimated malaria incidence (per 1000 population at risk),SSD,South Sudan,2004,,315.5,,212.1,454.1,315.50 [212.09-454.09],Incidence Rate,1000 population at risk
MALARIA_EST_INCIDENCE,Estimated malaria incidence (per 1000 population at risk),SSD,South Sudan,2003,,329.8,,228.2,457.3,329.78 [228.24-457.25],Incidence Rate,1000 population at risk
MALARIA_EST_INCIDENCE,Estimated malaria incidence (per 1000 population at risk),SSD,South Sudan,2002,,339.7,,241.7,462.9,339.69 [241.65-462.88],Incidence Rate,1000 population at risk
MALARIA_EST_INCIDENCE,Estimated malaria incidence (per 1000 population at risk),SSD,South Sudan,2001,,344.9,,249.2,466.2,344.91 [249.18-466.16],Incidence Rate,1000 population at risk
MALARIA_EST_INCIDENCE,Estimated malaria incidence (per 1000 population at risk),SSD,South Sudan,2000,,344.6,,247.0,466.7,344.59 [247.01-466.66],Incidence Rate,1000 population at risk
MALARIA_EST_INCIDENCE,Estimated malaria incidence (per 1000 population at risk),STP,Sao Tome and Principe,2024,,30.09,,30.09,30.09,30.09 [30.09-30.09],Incidence Rate,1000 population at risk
MALARIA_EST_INCIDENCE,Estimated malaria incidence (per 1000 population at risk),STP,Sao Tome and Principe,2023,,10.17,,10.17,10.17,10.17 [10.17-10.17],Incidence Rate,1000 population at risk
MALARIA_EST_INCIDENCE,Estimated malaria incidence (per 1000 population at risk),STP,Sao Tome and Principe,2022,,17.54,,17.54,17.54,17.54 [17.54-17.54],Incidence Rate,1000 population at risk
MALARIA_EST_INCIDENCE,Estimated malaria incidence (per 1000 population at risk),STP,Sao Tome and Principe,2021,,12.25,,12.25,12.25,12.25 [12.25-12.25],Incidence Rate,1000 population at risk
MALARIA_EST_INCIDENCE,Estimated malaria incidence (per 1000 population at risk),STP,Sao Tome and Principe,2020,,8.89,,8.89,8.89,8.89 [8.89-8.89],Incidence Rate,1000 population at risk
MALARIA_EST_INCIDENCE,Estimated malaria incidence (per 1000 population at risk),STP,Sao Tome and Principe,2019,,11.47,,11.47,11.47,11.47 [11.47-11.47],Incidence Rate,1000 population at risk
MALARIA_EST_INCIDENCE,Estimated malaria incidence (per 1000 population at risk),STP,Sao Tome and Principe,2018,,13.97,,13.97,13.97,13.97 [13.97-13.97],Incidence Rate,1000 population at risk
MALARIA_EST_INCIDENCE,Estimated malaria incidence (per 1000 population at risk),STP,Sao Tome and Principe,2017,,10.82,,10.82,10.82,10.82 [10.82-10.82],Incidence Rate,1000 population at risk
MALARIA_EST_INCIDENCE,Estimated malaria incidence (per 1000 population at risk),STP,Sao Tome and Principe,2016,,10.99,,10.99,10.99,10.99 [10.99-10.99],Incidence Rate,1000 population at risk
MALARIA_EST_INCIDENCE,Estimated malaria incidence (per 1000 population at risk),STP,Sao Tome and Principe,2015,,10.27,,10.27,10.27,10.27 [10.27-10.27],Incidence Rate,1000 population at risk
MALARIA_EST_INCIDENCE,Estimated malaria incidence (per 1000 population at risk),STP,Sao Tome and Principe,2014,,8.91,,8.91,8.91,8.91 [8.91-8.91],Incidence Rate,1000 population at risk
MALARIA_EST_INCIDENCE,Estimated malaria incidence (per 1000 population at risk),STP,Sao Tome and Principe,2013,,47.85,,47.85,47.85,47.85 [47.85-47.85],Incidence Rate,1000 population at risk
MALARIA_EST_INCIDENCE,Estimated malaria incidence (per 1000 population at risk),STP,Sao Tome and Principe,2012,,66.25,,66.25,66.25,66.25 [66.25-66.25],Incidence Rate,1000 population at risk
MALARIA_EST_INCIDENCE,Estimated malaria incidence (per 1000 population at risk),STP,Sao Tome and Principe,2011,,45.47,,45.47,45.47,45.47 [45.47-45.47],Incidence Rate,1000 population at risk
MALARIA_EST_INCIDENCE,Estimated malaria incidence (per 1000 population at risk),STP,Sao Tome and Principe,2010,,17.3,,17.3,17.3,17.30 [17.30-17.30],Incidence Rate,1000 population at risk
MALARIA_EST_INCIDENCE,Estimated malaria incidence (per 1000 population at risk),STP,Sao Tome and Principe,2009,,34.76,,34.76,34.76,34.76 [34.76-34.76],Incidence Rate,1000 population at risk
MALARIA_EST_INCIDENCE,Estimated malaria incidence (per 1000 population at risk),STP,Sao Tome and Principe,2008,,36.01,,36.01,36.01,36.01 [36.01-36.01],Incidence Rate,1000 population at risk
MALARIA_EST_INCIDENCE,Estimated malaria incidence (per 1000 population at risk),STP,Sao Tome and Principe,2007,,14.27,,14.27,14.27,14.27 [14.27-14.27],Incidence Rate,1000 population at risk
MALARIA_EST_INCIDENCE,Estimated malaria incidence (per 1000 population at risk),STP,Sao Tome and Principe,2006,,31.07,,31.07,31.07,31.07 [31.07-31.07],Incidence Rate,1000 population at risk
MALARIA_EST_INCIDENCE,Estimated malaria incidence (per 1000 population at risk),STP,Sao Tome and Principe,2005,,112.2,,112.2,112.2,112.22 [112.22-112.22],Incidence Rate,1000 population at risk
MALARIA_EST_INCIDENCE,Estimated malaria incidence (per 1000 population at risk),STP,Sao Tome and Principe,2004,,294.8,,294.8,294.8,294.77 [294.77-294.77],Incidence Rate,1000 population at risk
MALARIA_EST_INCIDENCE,Estimated malaria incidence (per 1000 population at risk),STP,Sao Tome and Principe,2003,,277.3,,277.3,277.3,277.32 [277.32-277.32],Incidence Rate,1000 population at risk
MALARIA_EST_INCIDENCE,Estimated malaria incidence (per 1000 population at risk),STP,Sao Tome and Principe,2002,,337.4,,337.4,337.4,337.42 [337.42-337.42],Incidence Rate,1000 population at risk
MALARIA_EST_INCIDENCE,Estimated malaria incidence (per 1000 population at risk),STP,Sao Tome and Principe,2001,,287.5,,287.5,287.5,287.52 [287.52-287.52],Incidence Rate,1000 population at risk
MALARIA_EST_INCIDENCE,Estimated malaria incidence (per 1000 population at risk),STP,Sao Tome and Principe,2000,,222.0,,222.0,222.0,222.02 [222.02-222.02],Incidence Rate,1000 population at risk
MALARIA_EST_INCIDENCE,Estimated malaria incidence (per 1000 population at risk),SWZ,Eswatini,2024,,0.55,,0.55,0.55,0.55 [0.55-0.55],Incidence Rate,1000 population at risk
MALARIA_EST_INCIDENCE,Estimated malaria incidence (per 1000 population at risk),SWZ,Eswatini,2023,,1.73,,1.73,1.73,1.73 [1.73-1.73],Incidence Rate,1000 population at risk
MALARIA_EST_INCIDENCE,Estimated malaria incidence (per 1000 population at risk),SWZ,Eswatini,2022,,0.63,,0.63,0.63,0.63 [0.63-0.63],Incidence Rate,1000 population at risk
MALARIA_EST_INCIDENCE,Estimated malaria incidence (per 1000 population at risk),SWZ,Eswatini,2021,,1.49,,1.49,1.49,1.49 [1.49-1.49],Incidence Rate,1000 population at risk
MALARIA_EST_INCIDENCE,Estimated malaria incidence (per 1000 population at risk),SWZ,Eswatini,2020,,0.7,,0.7,0.7,0.70 [0.70-0.70],Incidence Rate,1000 population at risk
MALARIA_EST_INCIDENCE,Estimated malaria incidence (per 1000 population at risk),SWZ,Eswatini,2019,,0.76,,0.76,0.76,0.76 [0.76-0.76],Incidence Rate,1000 population at risk
MALARIA_EST_INCIDENCE,Estimated malaria incidence (per 1000 population at risk),SWZ,Eswatini,2018,,2.1,,2.1,2.1,2.10 [2.10-2.10],Incidence Rate,1000 population at risk
MALARIA_EST_INCIDENCE,Estimated malaria incidence (per 1000 population at risk),SWZ,Eswatini,2017,,1.36,,1.36,1.36,1.36 [1.36-1.36],Incidence Rate,1000 population at risk
MALARIA_EST_INCIDENCE,Estimated malaria incidence (per 1000 population at risk),SWZ,Eswatini,2016,,0.78,,0.78,0.78,0.78 [0.78-0.78],Incidence Rate,1000 population at risk
MALARIA_EST_INCIDENCE,Estimated malaria incidence (per 1000 population at risk),SWZ,Eswatini,2015,,0.99,,0.99,0.99,0.99 [0.99-0.99],Incidence Rate,1000 population at risk
MALARIA_EST_INCIDENCE,Estimated malaria incidence (per 1000 population at risk),SWZ,Eswatini,2014,,1.22,,1.22,1.22,1.22 [1.22-1.22],Incidence Rate,1000 population at risk
MALARIA_EST_INCIDENCE,Estimated malaria incidence (per 1000 population at risk),SWZ,Eswatini,2013,,2.3,,2.3,2.3,2.30 [2.30-2.30],Incidence Rate,1000 population at risk
MALARIA_EST_INCIDENCE,Estimated malaria incidence (per 1000 population at risk),SWZ,Eswatini,2012,,1.3,,1.3,1.3,1.30 [1.30-1.30],Incidence Rate,1000 population at risk
MALARIA_EST_INCIDENCE,Estimated malaria incidence (per 1000 population at risk),SWZ,Eswatini,2011,,1.21,,1.21,1.21,1.21 [1.21-1.21],Incidence Rate,1000 population at risk
MALARIA_EST_INCIDENCE,Estimated malaria incidence (per 1000 population at risk),SWZ,Eswatini,2010,,0.86,,0.86,0.86,0.86 [0.86-0.86],Incidence Rate,1000 population at risk
MALARIA_EST_INCIDENCE,Estimated malaria incidence (per 1000 population at risk),SWZ,Eswatini,2009,,0.34,,0.34,0.34,0.34 [0.34-0.34],Incidence Rate,1000 population at risk
MALARIA_EST_INCIDENCE,Estimated malaria incidence (per 1000 population at risk),SWZ,Eswatini,2008,,0.19,,0.19,0.19,0.19 [0.19-0.19],Incidence Rate,1000 population at risk
MALARIA_EST_INCIDENCE,Estimated malaria incidence (per 1000 population at risk),SWZ,Eswatini,2007,,0.28,,0.28,0.28,0.28 [0.28-0.28],Incidence Rate,1000 population at risk
MALARIA_EST_INCIDENCE,Estimated malaria incidence (per 1000 population at risk),SWZ,Eswatini,2006,,0.51,,0.51,0.51,0.51 [0.51-0.51],Incidence Rate,1000 population at risk
MALARIA_EST_INCIDENCE,Estimated malaria incidence (per 1000 population at risk),SWZ,Eswatini,2005,,0.92,,0.92,0.92,0.92 [0.92-0.92],Incidence Rate,1000 population at risk
MALARIA_EST_INCIDENCE,Estimated malaria incidence (per 1000 population at risk),SWZ,Eswatini,2004,,1.91,,1.91,1.91,1.91 [1.91-1.91],Incidence Rate,1000 population at risk
MALARIA_EST_INCIDENCE,Estimated malaria incidence (per 1000 population at risk),SWZ,Eswatini,2003,,1.15,,1.15,1.15,1.15 [1.15-1.15],Incidence Rate,1000 population at risk
MALARIA_EST_INCIDENCE,Estimated malaria incidence (per 1000 population at risk),SWZ,Eswatini,2002,,2.26,,2.26,2.26,2.26 [2.26-2.26],Incidence Rate,1000 population at risk
MALARIA_EST_INCIDENCE,Estimated malaria incidence (per 1000 population at risk),SWZ,Eswatini,2001,,4.74,,4.74,4.74,4.74 [4.74-4.74],Incidence Rate,1000 population at risk
MALARIA_EST_INCIDENCE,Estimated malaria incidence (per 1000 population at risk),SWZ,Eswatini,2000,,2.7,,1.15,4.7,2.70 [1.15-4.70],Incidence Rate,1000 population at risk
MALARIA_EST_INCIDENCE,Estimated malaria incidence (per 1000 population at risk),TCD,Chad,2024,,206.1,,121.6,330.1,206.14 [121.64-330.08],Incidence Rate,1000 population at risk
MALARIA_EST_INCIDENCE,Estimated malaria incidence (per 1000 population at risk),TCD,Chad,2023,,205.1,,122.0,323.3,205.12 [122.04-323.26],Incidence Rate,1000 population at risk
MALARIA_EST_INCIDENCE,Estimated malaria incidence (per 1000 population at risk),TCD,Chad,2022,,209.1,,124.0,330.3,209.09 [123.96-330.32],Incidence Rate,1000 population at risk
MALARIA_EST_INCIDENCE,Estimated malaria incidence (per 1000 population at risk),TCD,Chad,2021,,206.7,,125.3,318.2,206.65 [125.33-318.16],Incidence Rate,1000 population at risk
MALARIA_EST_INCIDENCE,Estimated malaria incidence (per 1000 population at risk),TCD,Chad,2020,,208.7,,126.8,324.2,208.74 [126.78-324.18],Incidence Rate,1000 population at risk
MALARIA_EST_INCIDENCE,Estimated malaria incidence (per 1000 population at risk),TCD,Chad,2019,,217.2,,136.7,327.5,217.22 [136.75-327.52],Incidence Rate,1000 population at risk
MALARIA_EST_INCIDENCE,Estimated malaria incidence (per 1000 population at risk),TCD,Chad,2018,,225.0,,144.1,334.9,224.99 [144.08-334.89],Incidence Rate,1000 population at risk
MALARIA_EST_INCIDENCE,Estimated malaria incidence (per 1000 population at risk),TCD,Chad,2017,,217.1,,135.3,336.6,217.09 [135.27-336.62],Incidence Rate,1000 population at risk
MALARIA_EST_INCIDENCE,Estimated malaria incidence (per 1000 population at risk),TCD,Chad,2016,,214.3,,130.7,329.4,214.30 [130.66-329.45],Incidence Rate,1000 population at risk
MALARIA_EST_INCIDENCE,Estimated malaria incidence (per 1000 population at risk),TCD,Chad,2015,,215.0,,132.8,327.6,215.03 [132.84-327.64],Incidence Rate,1000 population at risk
MALARIA_EST_INCIDENCE,Estimated malaria incidence (per 1000 population at risk),TCD,Chad,2014,,212.0,,132.4,319.1,212.01 [132.36-319.12],Incidence Rate,1000 population at risk
MALARIA_EST_INCIDENCE,Estimated malaria incidence (per 1000 population at risk),TCD,Chad,2013,,208.0,,137.6,299.7,208.02 [137.56-299.73],Incidence Rate,1000 population at risk
MALARIA_EST_INCIDENCE,Estimated malaria incidence (per 1000 population at risk),TCD,Chad,2012,,215.5,,160.5,284.7,215.47 [160.48-284.73],Incidence Rate,1000 population at risk
MALARIA_EST_INCIDENCE,Estimated malaria incidence (per 1000 population at risk),TCD,Chad,2011,,228.4,,180.8,285.1,228.36 [180.78-285.15],Incidence Rate,1000 population at risk
MALARIA_EST_INCIDENCE,Estimated malaria incidence (per 1000 population at risk),TCD,Chad,2010,,244.7,,195.8,301.7,244.66 [195.79-301.66],Incidence Rate,1000 population at risk
MALARIA_EST_INCIDENCE,Estimated malaria incidence (per 1000 population at risk),TCD,Chad,2009,,245.1,,186.5,318.5,245.10 [186.50-318.48],Incidence Rate,1000 population at risk
MALARIA_EST_INCIDENCE,Estimated malaria incidence (per 1000 population at risk),TCD,Chad,2008,,237.9,,162.6,335.5,237.86 [162.60-335.50],Incidence Rate,1000 population at risk
MALARIA_EST_INCIDENCE,Estimated malaria incidence (per 1000 population at risk),TCD,Chad,2007,,236.1,,151.8,349.0,236.14 [151.80-349.01],Incidence Rate,1000 population at risk
MALARIA_EST_INCIDENCE,Estimated malaria incidence (per 1000 population at risk),TCD,Chad,2006,,242.2,,149.0,370.0,242.20 [149.04-370.04],Incidence Rate,1000 population at risk
MALARIA_EST_INCIDENCE,Estimated malaria incidence (per 1000 population at risk),TCD,Chad,2005,,241.3,,139.8,384.1,241.27 [139.82-384.07],Incidence Rate,1000 population at risk
MALARIA_EST_INCIDENCE,Estimated malaria incidence (per 1000 population at risk),TCD,Chad,2004,,237.4,,133.5,394.8,237.39 [133.54-394.82],Incidence Rate,1000 population at risk
MALARIA_EST_INCIDENCE,Estimated malaria incidence (per 1000 population at risk),TCD,Chad,2003,,240.3,,135.9,398.6,240.34 [135.94-398.57],Incidence Rate,1000 population at risk
MALARIA_EST_INCIDENCE,Estimated malaria incidence (per 1000 population at risk),TCD,Chad,2002,,243.2,,138.3,405.9,243.18 [138.28-405.94],Incidence Rate,1000 population at risk
MALARIA_EST_INCIDENCE,Estimated malaria incidence (per 1000 population at risk),TCD,Chad,2001,,276.6,,161.8,445.0,276.62 [161.81-445.00],Incidence Rate,1000 population at risk
MALARIA_EST_INCIDENCE,Estimated malaria incidence (per 1000 population at risk),TCD,Chad,2000,,272.1,,159.6,436.0,272.13 [159.61-435.96],Incidence Rate,1000 population at risk
MALARIA_EST_INCIDENCE,Estimated malaria incidence (per 1000 population at risk),TGO,Togo,2024,,249.3,,166.3,357.0,249.25 [166.34-356.96],Incidence Rate,1000 population at risk
MALARIA_EST_INCIDENCE,Estimated malaria incidence (per 1000 population at risk),TGO,Togo,2023,,264.8,,192.5,353.9,264.80 [192.53-353.85],Incidence Rate,1000 population at risk
MALARIA_EST_INCIDENCE,Estimated malaria incidence (per 1000 population at risk),TGO,Togo,2022,,278.6,,201.7,371.4,278.59 [201.67-371.43],Incidence Rate,1000 population at risk
MALARIA_EST_INCIDENCE,Estimated malaria incidence (per 1000 population at risk),TGO,Togo,2021,,279.5,,204.7,378.1,279.51 [204.68-378.10],Incidence Rate,1000 population at risk
MALARIA_EST_INCIDENCE,Estimated malaria incidence (per 1000 population at risk),TGO,Togo,2020,,283.9,,204.2,386.2,283.92 [204.23-386.22],Incidence Rate,1000 population at risk
MALARIA_EST_INCIDENCE,Estimated malaria incidence (per 1000 population at risk),TGO,Togo,2019,,290.0,,212.6,386.6,289.98 [212.56-386.60],Incidence Rate,1000 population at risk
MALARIA_EST_INCIDENCE,Estimated malaria incidence (per 1000 population at risk),TGO,Togo,2018,,322.5,,251.4,406.2,322.45 [251.39-406.16],Incidence Rate,1000 population at risk
MALARIA_EST_INCIDENCE,Estimated malaria incidence (per 1000 population at risk),TGO,Togo,2017,,351.1,,282.7,431.2,351.15 [282.67-431.22],Incidence Rate,1000 population at risk
MALARIA_EST_INCIDENCE,Estimated malaria incidence (per 1000 population at risk),TGO,Togo,2016,,368.6,,297.8,451.4,368.57 [297.80-451.40],Incidence Rate,1000 population at risk
MALARIA_EST_INCIDENCE,Estimated malaria incidence (per 1000 population at risk),TGO,Togo,2015,,372.3,,301.4,454.5,372.35 [301.42-454.46],Incidence Rate,1000 population at risk
MALARIA_EST_INCIDENCE,Estimated malaria incidence (per 1000 population at risk),TGO,Togo,2014,,369.0,,301.9,446.1,368.98 [301.92-446.05],Incidence Rate,1000 population at risk
MALARIA_EST_INCIDENCE,Estimated malaria incidence (per 1000 population at risk),TGO,Togo,2013,,369.6,,301.6,448.0,369.59 [301.62-448.03],Incidence Rate,1000 population at risk
MALARIA_EST_INCIDENCE,Estimated malaria incidence (per 1000 population at risk),TGO,Togo,2012,,336.2,,266.7,418.4,336.21 [266.72-418.40],Incidence Rate,1000 population at risk
MALARIA_EST_INCIDENCE,Estimated malaria incidence (per 1000 population at risk),TGO,Togo,2011,,310.6,,238.0,398.6,310.57 [238.02-398.63],Incidence Rate,1000 population at risk
MALARIA_EST_INCIDENCE,Estimated malaria incidence (per 1000 population at risk),TGO,Togo,2010,,318.5,,243.5,413.4,318.53 [243.54-413.45],Incidence Rate,1000 population at risk
MALARIA_EST_INCIDENCE,Estimated malaria incidence (per 1000 population at risk),TGO,Togo,2009,,343.1,,255.5,451.1,343.15 [255.46-451.08],Incidence Rate,1000 population at risk
MALARIA_EST_INCIDENCE,Estimated malaria incidence (per 1000 population at risk),TGO,Togo,2008,,396.3,,291.9,524.1,396.33 [291.87-524.05],Incidence Rate,1000 population at risk
MALARIA_EST_INCIDENCE,Estimated malaria incidence (per 1000 population at risk),TGO,Togo,2007,,447.3,,342.6,575.8,447.26 [342.63-575.82],Incidence Rate,1000 population at risk
MALARIA_EST_INCIDENCE,Estimated malaria incidence (per 1000 population at risk),TGO,Togo,2006,,474.9,,372.3,592.9,474.94 [372.29-592.87],Incidence Rate,1000 population at risk
MALARIA_EST_INCIDENCE,Estimated malaria incidence (per 1000 population at risk),TGO,Togo,2005,,481.5,,381.4,598.5,481.51 [381.39-598.54],Incidence Rate,1000 population at risk
MALARIA_EST_INCIDENCE,Estimated malaria incidence (per 1000 population at risk),TGO,Togo,2004,,478.7,,378.9,595.7,478.67 [378.87-595.72],Incidence Rate,1000 population at risk
MALARIA_EST_INCIDENCE,Estimated malaria incidence (per 1000 population at risk),TGO,Togo,2003,,466.2,,360.6,590.7,466.21 [360.64-590.75],Incidence Rate,1000 population at risk
MALARIA_EST_INCIDENCE,Estimated malaria incidence (per 1000 population at risk),TGO,Togo,2002,,450.6,,326.8,611.9,450.60 [326.84-611.92],Incidence Rate,1000 population at risk
MALARIA_EST_INCIDENCE,Estimated malaria incidence (per 1000 population at risk),TGO,Togo,2001,,441.8,,311.3,602.6,441.75 [311.26-602.61],Incidence Rate,1000 population at risk
MALARIA_EST_INCIDENCE,Estimated malaria incidence (per 1000 population at risk),TGO,Togo,2000,,445.1,,327.0,589.3,445.12 [326.99-589.26],Incidence Rate,1000 population at risk
MALARIA_EST_INCIDENCE,Estimated malaria incidence (per 1000 population at risk),TZA,United Republic of Tanzania,2024,,136.7,,97.07,188.5,136.73 [97.07-188.54],Incidence Rate,1000 population at risk
MALARIA_EST_INCIDENCE,Estimated malaria incidence (per 1000 population at risk),TZA,United Republic of Tanzania,2023,,138.5,,100.9,186.3,138.45 [100.93-186.28],Incidence Rate,1000 population at risk
MALARIA_EST_INCIDENCE,Estimated malaria incidence (per 1000 population at risk),TZA,United Republic of Tanzania,2022,,132.4,,97.69,176.8,132.39 [97.69-176.80],Incidence Rate,1000 population at risk
MALARIA_EST_INCIDENCE,Estimated malaria incidence (per 1000 population at risk),TZA,United Republic of Tanzania,2021,,133.3,,97.3,178.3,133.33 [97.30-178.35],Incidence Rate,1000 population at risk
MALARIA_EST_INCIDENCE,Estimated malaria incidence (per 1000 population at risk),TZA,United Republic of Tanzania,2020,,123.3,,89.28,165.2,123.35 [89.28-165.20],Incidence Rate,1000 population at risk
MALARIA_EST_INCIDENCE,Estimated malaria incidence (per 1000 population at risk),TZA,United Republic of Tanzania,2019,,116.1,,84.37,155.9,116.09 [84.37-155.88],Incidence Rate,1000 population at risk
MALARIA_EST_INCIDENCE,Estimated malaria incidence (per 1000 population at risk),TZA,United Republic of Tanzania,2018,,111.5,,82.43,148.0,111.48 [82.43-148.04],Incidence Rate,1000 population at risk
MALARIA_EST_INCIDENCE,Estimated malaria incidence (per 1000 population at risk),TZA,United Republic of Tanzania,2017,,123.2,,91.09,162.2,123.18 [91.09-162.15],Incidence Rate,1000 population at risk
MALARIA_EST_INCIDENCE,Estimated malaria incidence (per 1000 population at risk),TZA,United Republic of Tanzania,2016,,134.0,,99.58,177.3,134.05 [99.58-177.33],Incidence Rate,1000 population at risk
MALARIA_EST_INCIDENCE,Estimated malaria incidence (per 1000 population at risk),TZA,United Republic of Tanzania,2015,,141.8,,106.0,186.7,141.80 [106.00-186.66],Incidence Rate,1000 population at risk
MALARIA_EST_INCIDENCE,Estimated malaria incidence (per 1000 population at risk),TZA,United Republic of Tanzania,2014,,146.4,,109.1,192.1,146.36 [109.13-192.11],Incidence Rate,1000 population at risk
MALARIA_EST_INCIDENCE,Estimated malaria incidence (per 1000 population at risk),TZA,United Republic of Tanzania,2013,,131.8,,98.46,174.2,131.80 [98.46-174.17],Incidence Rate,1000 population at risk
MALARIA_EST_INCIDENCE,Estimated malaria incidence (per 1000 population at risk),TZA,United Republic of Tanzania,2012,,121.4,,89.98,160.3,121.45 [89.98-160.25],Incidence Rate,1000 population at risk
MALARIA_EST_INCIDENCE,Estimated malaria incidence (per 1000 population at risk),TZA,United Republic of Tanzania,2011,,133.0,,98.87,175.6,132.97 [98.87-175.58],Incidence Rate,1000 population at risk
MALARIA_EST_INCIDENCE,Estimated malaria incidence (per 1000 population at risk),TZA,United Republic of Tanzania,2010,,145.6,,107.5,193.0,145.56 [107.54-192.99],Incidence Rate,1000 population at risk
MALARIA_EST_INCIDENCE,Estimated malaria incidence (per 1000 population at risk),TZA,United Republic of Tanzania,2009,,155.4,,115.1,205.5,155.42 [115.05-205.55],Incidence Rate,1000 population at risk
MALARIA_EST_INCIDENCE,Estimated malaria incidence (per 1000 population at risk),TZA,United Republic of Tanzania,2008,,174.6,,129.9,229.1,174.56 [129.92-229.07],Incidence Rate,1000 population at risk
MALARIA_EST_INCIDENCE,Estimated malaria incidence (per 1000 population at risk),TZA,United Republic of Tanzania,2007,,197.9,,149.2,256.0,197.89 [149.24-255.96],Incidence Rate,1000 population at risk
MALARIA_EST_INCIDENCE,Estimated malaria incidence (per 1000 population at risk),TZA,United Republic of Tanzania,2006,,225.7,,172.5,291.0,225.72 [172.55-291.01],Incidence Rate,1000 population at risk
MALARIA_EST_INCIDENCE,Estimated malaria incidence (per 1000 population at risk),TZA,United Republic of Tanzania,2005,,251.7,,194.4,318.2,251.68 [194.39-318.17],Incidence Rate,1000 population at risk
MALARIA_EST_INCIDENCE,Estimated malaria incidence (per 1000 population at risk),TZA,United Republic of Tanzania,2004,,264.9,,206.9,335.5,264.95 [206.89-335.48],Incidence Rate,1000 population at risk
MALARIA_EST_INCIDENCE,Estimated malaria incidence (per 1000 population at risk),TZA,United Republic of Tanzania,2003,,278.7,,216.1,352.0,278.65 [216.14-352.02],Incidence Rate,1000 population at risk
MALARIA_EST_INCIDENCE,Estimated malaria incidence (per 1000 population at risk),TZA,United Republic of Tanzania,2002,,297.3,,230.6,379.0,297.33 [230.60-379.03],Incidence Rate,1000 population at risk
MALARIA_EST_INCIDENCE,Estimated malaria incidence (per 1000 population at risk),TZA,United Republic of Tanzania,2001,,318.5,,245.4,406.7,318.45 [245.41-406.72],Incidence Rate,1000 population at risk
MALARIA_EST_INCIDENCE,Estimated malaria incidence (per 1000 population at risk),TZA,United Republic of Tanzania,2000,,334.6,,256.8,428.3,334.61 [256.77-428.26],Incidence Rate,1000 population at risk
MALARIA_EST_INCIDENCE,Estimated malaria incidence (per 1000 population at risk),UGA,Uganda,2024,,264.2,,154.2,426.6,264.23 [154.17-426.64],Incidence Rate,1000 population at risk
MALARIA_EST_INCIDENCE,Estimated malaria incidence (per 1000 population at risk),UGA,Uganda,2023,,267.6,,155.9,426.1,267.57 [155.91-426.11],Incidence Rate,1000 population at risk
MALARIA_EST_INCIDENCE,Estimated malaria incidence (per 1000 population at risk),UGA,Uganda,2022,,266.6,,160.0,417.8,266.58 [160.03-417.76],Incidence Rate,1000 population at risk
MALARIA_EST_INCIDENCE,Estimated malaria incidence (per 1000 population at risk),UGA,Uganda,2021,,268.6,,183.0,380.2,268.61 [183.05-380.19],Incidence Rate,1000 population at risk
MALARIA_EST_INCIDENCE,Estimated malaria incidence (per 1000 population at risk),UGA,Uganda,2020,,255.7,,197.2,326.4,255.66 [197.22-326.41],Incidence Rate,1000 population at risk
MALARIA_EST_INCIDENCE,Estimated malaria incidence (per 1000 population at risk),UGA,Uganda,2019,,250.8,,197.2,314.1,250.82 [197.18-314.09],Incidence Rate,1000 population at risk
MALARIA_EST_INCIDENCE,Estimated malaria incidence (per 1000 population at risk),UGA,Uganda,2018,,269.2,,208.2,341.2,269.21 [208.18-341.17],Incidence Rate,1000 population at risk
MALARIA_EST_INCIDENCE,Estimated malaria incidence (per 1000 population at risk),UGA,Uganda,2017,,276.5,,209.8,355.5,276.51 [209.79-355.52],Incidence Rate,1000 population at risk
MALARIA_EST_INCIDENCE,Estimated malaria incidence (per 1000 population at risk),UGA,Uganda,2016,,281.0,,211.1,365.8,281.02 [211.07-365.83],Incidence Rate,1000 population at risk
MALARIA_EST_INCIDENCE,Estimated malaria incidence (per 1000 population at risk),UGA,Uganda,2015,,288.7,,219.8,371.3,288.70 [219.84-371.34],Incidence Rate,1000 population at risk
MALARIA_EST_INCIDENCE,Estimated malaria incidence (per 1000 population at risk),UGA,Uganda,2014,,292.1,,227.9,370.0,292.11 [227.88-370.00],Incidence Rate,1000 population at risk
MALARIA_EST_INCIDENCE,Estimated malaria incidence (per 1000 population at risk),UGA,Uganda,2013,,310.3,,244.6,387.8,310.27 [244.56-387.75],Incidence Rate,1000 population at risk
MALARIA_EST_INCIDENCE,Estimated malaria incidence (per 1000 population at risk),UGA,Uganda,2012,,349.8,,277.8,435.0,349.79 [277.81-434.96],Incidence Rate,1000 population at risk
MALARIA_EST_INCIDENCE,Estimated malaria incidence (per 1000 population at risk),UGA,Uganda,2011,,382.9,,302.8,478.2,382.90 [302.77-478.15],Incidence Rate,1000 population at risk
MALARIA_EST_INCIDENCE,Estimated malaria incidence (per 1000 population at risk),UGA,Uganda,2010,,406.0,,322.4,503.8,405.97 [322.43-503.83],Incidence Rate,1000 population at risk
MALARIA_EST_INCIDENCE,Estimated malaria incidence (per 1000 population at risk),UGA,Uganda,2009,,422.8,,341.7,518.9,422.80 [341.70-518.94],Incidence Rate,1000 population at risk
MALARIA_EST_INCIDENCE,Estimated malaria incidence (per 1000 population at risk),UGA,Uganda,2008,,417.7,,335.3,512.8,417.70 [335.29-512.77],Incidence Rate,1000 population at risk
MALARIA_EST_INCIDENCE,Estimated malaria incidence (per 1000 population at risk),UGA,Uganda,2007,,417.9,,333.6,516.8,417.91 [333.55-516.79],Incidence Rate,1000 population at risk
MALARIA_EST_INCIDENCE,Estimated malaria incidence (per 1000 population at risk),UGA,Uganda,2006,,425.6,,332.6,534.9,425.62 [332.55-534.86],Incidence Rate,1000 population at risk
MALARIA_EST_INCIDENCE,Estimated malaria incidence (per 1000 population at risk),UGA,Uganda,2005,,426.3,,325.3,546.9,426.27 [325.30-546.93],Incidence Rate,1000 population at risk
MALARIA_EST_INCIDENCE,Estimated malaria incidence (per 1000 population at risk),UGA,Uganda,2004,,442.8,,343.4,564.0,442.78 [343.35-564.05],Incidence Rate,1000 population at risk
MALARIA_EST_INCIDENCE,Estimated malaria incidence (per 1000 population at risk),UGA,Uganda,2003,,479.4,,381.4,594.1,479.36 [381.44-594.08],Incidence Rate,1000 population at risk
MALARIA_EST_INCIDENCE,Estimated malaria incidence (per 1000 population at risk),UGA,Uganda,2002,,501.6,,406.7,611.5,501.62 [406.74-611.53],Incidence Rate,1000 population at risk
MALARIA_EST_INCIDENCE,Estimated malaria incidence (per 1000 population at risk),UGA,Uganda,2001,,508.4,,412.2,622.5,508.43 [412.16-622.51],Incidence Rate,1000 population at risk
MALARIA_EST_INCIDENCE,Estimated malaria incidence (per 1000 population at risk),UGA,Uganda,2000,,482.8,,385.1,599.6,482.77 [385.13-599.63],Incidence Rate,1000 population at risk
MALARIA_EST_INCIDENCE,Estimated malaria incidence (per 1000 population at risk),ZAF,South Africa,2024,,0.11,,0.11,0.11,0.11 [0.11-0.11],Incidence Rate,1000 population at risk
MALARIA_EST_INCIDENCE,Estimated malaria incidence (per 1000 population at risk),ZAF,South Africa,2023,,0.84,,0.84,0.84,0.84 [0.84-0.84],Incidence Rate,1000 population at risk
MALARIA_EST_INCIDENCE,Estimated malaria incidence (per 1000 population at risk),ZAF,South Africa,2022,,0.33,,0.33,0.33,0.33 [0.33-0.33],Incidence Rate,1000 population at risk
MALARIA_EST_INCIDENCE,Estimated malaria incidence (per 1000 population at risk),ZAF,South Africa,2021,,0.48,,0.48,0.48,0.48 [0.48-0.48],Incidence Rate,1000 population at risk
MALARIA_EST_INCIDENCE,Estimated malaria incidence (per 1000 population at risk),ZAF,South Africa,2020,,0.74,,0.74,0.74,0.74 [0.74-0.74],Incidence Rate,1000 population at risk
MALARIA_EST_INCIDENCE,Estimated malaria incidence (per 1000 population at risk),ZAF,South Africa,2019,,0.81,,0.81,0.81,0.81 [0.81-0.81],Incidence Rate,1000 population at risk
MALARIA_EST_INCIDENCE,Estimated malaria incidence (per 1000 population at risk),ZAF,South Africa,2018,,1.63,,1.63,1.63,1.63 [1.63-1.63],Incidence Rate,1000 population at risk
MALARIA_EST_INCIDENCE,Estimated malaria incidence (per 1000 population at risk),ZAF,South Africa,2017,,4.06,,4.06,4.06,4.06 [4.06-4.06],Incidence Rate,1000 population at risk
MALARIA_EST_INCIDENCE,Estimated malaria incidence (per 1000 population at risk),ZAF,South Africa,2016,,0.75,,0.75,0.75,0.75 [0.75-0.75],Incidence Rate,1000 population at risk
MALARIA_EST_INCIDENCE,Estimated malaria incidence (per 1000 population at risk),ZAF,South Africa,2015,,0.87,,0.87,0.87,0.87 [0.87-0.87],Incidence Rate,1000 population at risk
MALARIA_EST_INCIDENCE,Estimated malaria incidence (per 1000 population at risk),ZAF,South Africa,2014,,2.11,,2.11,2.11,2.11 [2.11-2.11],Incidence Rate,1000 population at risk
MALARIA_EST_INCIDENCE,Estimated malaria incidence (per 1000 population at risk),ZAF,South Africa,2013,,1.58,,1.58,1.58,1.58 [1.58-1.58],Incidence Rate,1000 population at risk
MALARIA_EST_INCIDENCE,Estimated malaria incidence (per 1000 population at risk),ZAF,South Africa,2012,,1.23,,1.23,1.23,1.23 [1.23-1.23],Incidence Rate,1000 population at risk
MALARIA_EST_INCIDENCE,Estimated malaria incidence (per 1000 population at risk),ZAF,South Africa,2011,,1.86,,1.86,1.86,1.86 [1.86-1.86],Incidence Rate,1000 population at risk
MALARIA_EST_INCIDENCE,Estimated malaria incidence (per 1000 population at risk),ZAF,South Africa,2010,,1.54,,1.54,1.54,1.54 [1.54-1.54],Incidence Rate,1000 population at risk
MALARIA_EST_INCIDENCE,Estimated malaria incidence (per 1000 population at risk),ZAF,South Africa,2009,,1.17,,1.17,1.17,1.17 [1.17-1.17],Incidence Rate,1000 population at risk
MALARIA_EST_INCIDENCE,Estimated malaria incidence (per 1000 population at risk),ZAF,South Africa,2008,,1.53,,1.53,1.53,1.53 [1.53-1.53],Incidence Rate,1000 population at risk
MALARIA_EST_INCIDENCE,Estimated malaria incidence (per 1000 population at risk),ZAF,South Africa,2007,,1.25,,1.25,1.25,1.25 [1.25-1.25],Incidence Rate,1000 population at risk
MALARIA_EST_INCIDENCE,Estimated malaria incidence (per 1000 population at risk),ZAF,South Africa,2006,,2.42,,2.42,2.42,2.42 [2.42-2.42],Incidence Rate,1000 population at risk
MALARIA_EST_INCIDENCE,Estimated malaria incidence (per 1000 population at risk),ZAF,South Africa,2005,,1.57,,1.57,1.57,1.57 [1.57-1.57],Incidence Rate,1000 population at risk
MALARIA_EST_INCIDENCE,Estimated malaria incidence (per 1000 population at risk),ZAF,South Africa,2004,,2.73,,2.73,2.73,2.73 [2.73-2.73],Incidence Rate,1000 population at risk
MALARIA_EST_INCIDENCE,Estimated malaria incidence (per 1000 population at risk),ZAF,South Africa,2003,,2.78,,2.78,2.78,2.78 [2.78-2.78],Incidence Rate,1000 population at risk
MALARIA_EST_INCIDENCE,Estimated malaria incidence (per 1000 population at risk),ZAF,South Africa,2002,,3.26,,3.26,3.26,3.26 [3.26-3.26],Incidence Rate,1000 population at risk
MALARIA_EST_INCIDENCE,Estimated malaria incidence (per 1000 population at risk),ZAF,South Africa,2001,,5.57,,5.57,5.57,5.57 [5.57-5.57],Incidence Rate,1000 population at risk
MALARIA_EST_INCIDENCE,Estimated malaria incidence (per 1000 population at risk),ZAF,South Africa,2000,,3.86,,2.8,5.52,3.86 [2.80-5.52],Incidence Rate,1000 population at risk
MALARIA_EST_INCIDENCE,Estimated malaria incidence (per 1000 population at risk),ZMB,Zambia,2024,,252.4,,203.3,312.1,252.41 [203.30-312.10],Incidence Rate,1000 population at risk
MALARIA_EST_INCIDENCE,Estimated malaria incidence (per 1000 population at risk),ZMB,Zambia,2023,,252.1,,203.3,308.7,252.08 [203.34-308.71],Incidence Rate,1000 population at risk
MALARIA_EST_INCIDENCE,Estimated malaria incidence (per 1000 population at risk),ZMB,Zambia,2022,,246.1,,199.2,300.7,246.10 [199.21-300.74],Incidence Rate,1000 population at risk
MALARIA_EST_INCIDENCE,Estimated malaria incidence (per 1000 population at risk),ZMB,Zambia,2021,,241.0,,194.8,295.6,240.98 [194.82-295.56],Incidence Rate,1000 population at risk
MALARIA_EST_INCIDENCE,Estimated malaria incidence (per 1000 population at risk),ZMB,Zambia,2020,,234.2,,185.9,291.2,234.25 [185.90-291.20],Incidence Rate,1000 population at risk
MALARIA_EST_INCIDENCE,Estimated malaria incidence (per 1000 population at risk),ZMB,Zambia,2019,,223.9,,175.5,279.9,223.85 [175.50-279.86],Incidence Rate,1000 population at risk
MALARIA_EST_INCIDENCE,Estimated malaria incidence (per 1000 population at risk),ZMB,Zambia,2018,,222.0,,175.6,275.5,222.00 [175.56-275.55],Incidence Rate,1000 population at risk
MALARIA_EST_INCIDENCE,Estimated malaria incidence (per 1000 population at risk),ZMB,Zambia,2017,,220.1,,173.0,272.6,220.10 [172.97-272.62],Incidence Rate,1000 population at risk
MALARIA_EST_INCIDENCE,Estimated malaria incidence (per 1000 population at risk),ZMB,Zambia,2016,,229.1,,182.8,283.6,229.08 [182.77-283.60],Incidence Rate,1000 population at risk
MALARIA_EST_INCIDENCE,Estimated malaria incidence (per 1000 population at risk),ZMB,Zambia,2015,,237.8,,190.2,294.1,237.78 [190.23-294.08],Incidence Rate,1000 population at risk
MALARIA_EST_INCIDENCE,Estimated malaria incidence (per 1000 population at risk),ZMB,Zambia,2014,,237.5,,188.0,296.9,237.47 [187.98-296.93],Incidence Rate,1000 population at risk
MALARIA_EST_INCIDENCE,Estimated malaria incidence (per 1000 population at risk),ZMB,Zambia,2013,,228.0,,177.4,287.9,228.03 [177.38-287.93],Incidence Rate,1000 population at risk
MALARIA_EST_INCIDENCE,Estimated malaria incidence (per 1000 population at risk),ZMB,Zambia,2012,,206.2,,159.9,259.3,206.15 [159.89-259.27],Incidence Rate,1000 population at risk
MALARIA_EST_INCIDENCE,Estimated malaria incidence (per 1000 population at risk),ZMB,Zambia,2011,,181.1,,141.6,227.6,181.12 [141.59-227.56],Incidence Rate,1000 population at risk
MALARIA_EST_INCIDENCE,Estimated malaria incidence (per 1000 population at risk),ZMB,Zambia,2010,,169.9,,133.9,212.6,169.92 [133.95-212.55],Incidence Rate,1000 population at risk
MALARIA_EST_INCIDENCE,Estimated malaria incidence (per 1000 population at risk),ZMB,Zambia,2009,,166.8,,129.9,210.0,166.78 [129.92-210.05],Incidence Rate,1000 population at risk
MALARIA_EST_INCIDENCE,Estimated malaria incidence (per 1000 population at risk),ZMB,Zambia,2008,,171.6,,133.1,216.1,171.62 [133.14-216.07],Incidence Rate,1000 population at risk
MALARIA_EST_INCIDENCE,Estimated malaria incidence (per 1000 population at risk),ZMB,Zambia,2007,,194.7,,151.5,246.2,194.66 [151.47-246.24],Incidence Rate,1000 population at risk
MALARIA_EST_INCIDENCE,Estimated malaria incidence (per 1000 population at risk),ZMB,Zambia,2006,,225.9,,176.8,284.8,225.93 [176.77-284.82],Incidence Rate,1000 population at risk
MALARIA_EST_INCIDENCE,Estimated malaria incidence (per 1000 population at risk),ZMB,Zambia,2005,,262.5,,204.5,333.5,262.52 [204.50-333.53],Incidence Rate,1000 population at risk
MALARIA_EST_INCIDENCE,Estimated malaria incidence (per 1000 population at risk),ZMB,Zambia,2004,,300.9,,237.3,377.1,300.89 [237.30-377.09],Incidence Rate,1000 population at risk
MALARIA_EST_INCIDENCE,Estimated malaria incidence (per 1000 population at risk),ZMB,Zambia,2003,,348.0,,274.6,435.5,348.03 [274.61-435.46],Incidence Rate,1000 population at risk
MALARIA_EST_INCIDENCE,Estimated malaria incidence (per 1000 population at risk),ZMB,Zambia,2002,,370.0,,287.4,468.6,369.96 [287.37-468.57],Incidence Rate,1000 population at risk
MALARIA_EST_INCIDENCE,Estimated malaria incidence (per 1000 population at risk),ZMB,Zambia,2001,,379.2,,298.2,476.8,379.23 [298.15-476.81],Incidence Rate,1000 population at risk
MALARIA_EST_INCIDENCE,Estimated malaria incidence (per 1000 population at risk),ZMB,Zambia,2000,,360.3,,281.4,456.1,360.33 [281.44-456.11],Incidence Rate,1000 population at risk
MALARIA_EST_INCIDENCE,Estimated malaria incidence (per 1000 population at risk),ZWE,Zimbabwe,2024,,11.36,,6.83,16.36,11.36 [6.83-16.36],Incidence Rate,1000 population at risk
MALARIA_EST_INCIDENCE,Estimated malaria incidence (per 1000 population at risk),ZWE,Zimbabwe,2023,,49.4,,29.51,70.61,49.40 [29.51-70.61],Incidence Rate,1000 population at risk
MALARIA_EST_INCIDENCE,Estimated malaria incidence (per 1000 population at risk),ZWE,Zimbabwe,2022,,28.9,,17.37,41.3,28.90 [17.37-41.30],Incidence Rate,1000 population at risk
MALARIA_EST_INCIDENCE,Estimated malaria incidence (per 1000 population at risk),ZWE,Zimbabwe,2021,,27.54,,16.35,39.46,27.54 [16.35-39.46],Incidence Rate,1000 population at risk
MALARIA_EST_INCIDENCE,Estimated malaria incidence (per 1000 population at risk),ZWE,Zimbabwe,2020,,94.3,,56.56,135.9,94.30 [56.56-135.92],Incidence Rate,1000 population at risk
MALARIA_EST_INCIDENCE,Estimated malaria incidence (per 1000 population at risk),ZWE,Zimbabwe,2019,,65.09,,39.08,93.49,65.09 [39.08-93.49],Incidence Rate,1000 population at risk
MALARIA_EST_INCIDENCE,Estimated malaria incidence (per 1000 population at risk),ZWE,Zimbabwe,2018,,53.61,,33.18,75.77,53.61 [33.18-75.77],Incidence Rate,1000 population at risk
MALARIA_EST_INCIDENCE,Estimated malaria incidence (per 1000 population at risk),ZWE,Zimbabwe,2017,,114.7,,71.59,165.8,114.70 [71.59-165.81],Incidence Rate,1000 population at risk
MALARIA_EST_INCIDENCE,Estimated malaria incidence (per 1000 population at risk),ZWE,Zimbabwe,2016,,66.16,,43.35,91.47,66.16 [43.35-91.47],Incidence Rate,1000 population at risk
MALARIA_EST_INCIDENCE,Estimated malaria incidence (per 1000 population at risk),ZWE,Zimbabwe,2015,,94.12,,64.15,128.2,94.12 [64.15-128.16],Incidence Rate,1000 population at risk
MALARIA_EST_INCIDENCE,Estimated malaria incidence (per 1000 population at risk),ZWE,Zimbabwe,2014,,97.71,,72.11,124.8,97.71 [72.11-124.84],Incidence Rate,1000 population at risk
MALARIA_EST_INCIDENCE,Estimated malaria incidence (per 1000 population at risk),ZWE,Zimbabwe,2013,,78.27,,55.67,102.5,78.27 [55.67-102.49],Incidence Rate,1000 population at risk
MALARIA_EST_INCIDENCE,Estimated malaria incidence (per 1000 population at risk),ZWE,Zimbabwe,2012,,54.46,,37.23,72.85,54.46 [37.23-72.85],Incidence Rate,1000 population at risk
MALARIA_EST_INCIDENCE,Estimated malaria incidence (per 1000 population at risk),ZWE,Zimbabwe,2011,,67.45,,44.33,93.0,67.45 [44.33-93.00],Incidence Rate,1000 population at risk
MALARIA_EST_INCIDENCE,Estimated malaria incidence (per 1000 population at risk),ZWE,Zimbabwe,2010,,104.4,,56.77,166.1,104.38 [56.77-166.06],Incidence Rate,1000 population at risk
MALARIA_EST_INCIDENCE,Estimated malaria incidence (per 1000 population at risk),ZWE,Zimbabwe,2009,,73.82,,28.79,130.2,73.82 [28.79-130.19],Incidence Rate,1000 population at risk
MALARIA_EST_INCIDENCE,Estimated malaria incidence (per 1000 population at risk),ZWE,Zimbabwe,2008,,67.51,,13.87,134.2,67.51 [13.87-134.15],Incidence Rate,1000 population at risk
MALARIA_EST_INCIDENCE,Estimated malaria incidence (per 1000 population at risk),ZWE,Zimbabwe,2007,,167.6,,72.05,292.2,167.62 [72.05-292.20],Incidence Rate,1000 population at risk
MALARIA_EST_INCIDENCE,Estimated malaria incidence (per 1000 population at risk),ZWE,Zimbabwe,2006,,102.6,,23.54,257.5,102.59 [23.54-257.51],Incidence Rate,1000 population at risk
MALARIA_EST_INCIDENCE,Estimated malaria incidence (per 1000 population at risk),ZWE,Zimbabwe,2005,,102.6,,22.92,253.0,102.59 [22.92-253.02],Incidence Rate,1000 population at risk
MALARIA_EST_INCIDENCE,Estimated malaria incidence (per 1000 population at risk),ZWE,Zimbabwe,2004,,102.6,,21.98,251.4,102.59 [21.98-251.45],Incidence Rate,1000 population at risk
MALARIA_EST_INCIDENCE,Estimated malaria incidence (per 1000 population at risk),ZWE,Zimbabwe,2003,,102.6,,23.63,256.4,102.59 [23.63-256.36],Incidence Rate,1000 population at risk
MALARIA_EST_INCIDENCE,Estimated malaria incidence (per 1000 population at risk),ZWE,Zimbabwe,2002,,102.6,,23.23,250.9,102.59 [23.23-250.88],Incidence Rate,1000 population at risk
MALARIA_EST_INCIDENCE,Estimated malaria incidence (per 1000 population at risk),ZWE,Zimbabwe,2001,,102.6,,23.31,254.0,102.59 [23.31-254.01],Incidence Rate,1000 population at risk
MALARIA_EST_INCIDENCE,Estimated malaria incidence (per 1000 population at risk),ZWE,Zimbabwe,2000,,102.6,,24.95,254.9,102.59 [24.95-254.90],Incidence Rate,1000 population at risk
MALARIA_EST_INCIDENCE,Estimated malaria incidence (per 1000 population at risk),SOM,Somalia,2024,,53.28,,28.54,92.17,53.28 [28.54-92.17],Incidence Rate,1000 population at risk
MALARIA_EST_INCIDENCE,Estimated malaria incidence (per 1000 population at risk),SOM,Somalia,2023,,54.37,,30.0,91.77,54.37 [30.00-91.77],Incidence Rate,1000 population at risk
MALARIA_EST_INCIDENCE,Estimated malaria incidence (per 1000 population at risk),SOM,Somalia,2022,,54.67,,30.97,90.15,54.67 [30.97-90.15],Incidence Rate,1000 population at risk
MALARIA_EST_INCIDENCE,Estimated malaria incidence (per 1000 population at risk),SOM,Somalia,2021,,55.35,,34.8,83.19,55.35 [34.80-83.19],Incidence Rate,1000 population at risk
MALARIA_EST_INCIDENCE,Estimated malaria incidence (per 1000 population at risk),SOM,Somalia,2020,,56.5,,38.18,79.94,56.50 [38.18-79.94],Incidence Rate,1000 population at risk
MALARIA_EST_INCIDENCE,Estimated malaria incidence (per 1000 population at risk),SOM,Somalia,2019,,56.65,,37.89,81.21,56.65 [37.89-81.21],Incidence Rate,1000 population at risk
MALARIA_EST_INCIDENCE,Estimated malaria incidence (per 1000 population at risk),SOM,Somalia,2018,,56.16,,34.8,85.5,56.16 [34.80-85.50],Incidence Rate,1000 population at risk
MALARIA_EST_INCIDENCE,Estimated malaria incidence (per 1000 population at risk),SOM,Somalia,2017,,54.91,,30.92,88.62,54.91 [30.92-88.62],Incidence Rate,1000 population at risk
MALARIA_EST_INCIDENCE,Estimated malaria incidence (per 1000 population at risk),SOM,Somalia,2016,,55.25,,31.96,89.02,55.25 [31.96-89.02],Incidence Rate,1000 population at risk
MALARIA_EST_INCIDENCE,Estimated malaria incidence (per 1000 population at risk),SOM,Somalia,2015,,55.22,,36.24,80.19,55.22 [36.24-80.19],Incidence Rate,1000 population at risk
MALARIA_EST_INCIDENCE,Estimated malaria incidence (per 1000 population at risk),SOM,Somalia,2014,,46.61,,32.47,64.89,46.61 [32.47-64.89],Incidence Rate,1000 population at risk
MALARIA_EST_INCIDENCE,Estimated malaria incidence (per 1000 population at risk),SOM,Somalia,2013,,40.43,,28.42,55.46,40.43 [28.42-55.46],Incidence Rate,1000 population at risk
MALARIA_EST_INCIDENCE,Estimated malaria incidence (per 1000 population at risk),SOM,Somalia,2012,,34.13,,24.67,46.2,34.13 [24.67-46.20],Incidence Rate,1000 population at risk
MALARIA_EST_INCIDENCE,Estimated malaria incidence (per 1000 population at risk),SOM,Somalia,2011,,33.62,,23.79,46.35,33.62 [23.79-46.35],Incidence Rate,1000 population at risk
MALARIA_EST_INCIDENCE,Estimated malaria incidence (per 1000 population at risk),SOM,Somalia,2010,,41.12,,28.71,57.17,41.12 [28.71-57.17],Incidence Rate,1000 population at risk
MALARIA_EST_INCIDENCE,Estimated malaria incidence (per 1000 population at risk),SOM,Somalia,2009,,38.1,,26.89,52.69,38.10 [26.89-52.69],Incidence Rate,1000 population at risk
MALARIA_EST_INCIDENCE,Estimated malaria incidence (per 1000 population at risk),SOM,Somalia,2008,,60.03,,43.08,81.74,60.03 [43.08-81.74],Incidence Rate,1000 population at risk
MALARIA_EST_INCIDENCE,Estimated malaria incidence (per 1000 population at risk),SOM,Somalia,2007,,95.9,,70.82,127.0,95.90 [70.82-127.03],Incidence Rate,1000 population at risk
MALARIA_EST_INCIDENCE,Estimated malaria incidence (per 1000 population at risk),SOM,Somalia,2006,,119.0,,87.42,158.8,118.99 [87.42-158.77],Incidence Rate,1000 population at risk
MALARIA_EST_INCIDENCE,Estimated malaria incidence (per 1000 population at risk),SOM,Somalia,2005,,131.7,,95.94,175.1,131.66 [95.94-175.09],Incidence Rate,1000 population at risk
MALARIA_EST_INCIDENCE,Estimated malaria incidence (per 1000 population at risk),SOM,Somalia,2004,,120.7,,85.95,164.1,120.72 [85.95-164.08],Incidence Rate,1000 population at risk
MALARIA_EST_INCIDENCE,Estimated malaria incidence (per 1000 population at risk),SOM,Somalia,2003,,132.2,,85.86,193.5,132.19 [85.86-193.48],Incidence Rate,1000 population at risk
MALARIA_EST_INCIDENCE,Estimated malaria incidence (per 1000 population at risk),SOM,Somalia,2002,,133.4,,78.11,212.1,133.37 [78.11-212.09],Incidence Rate,1000 population at risk
MALARIA_EST_INCIDENCE,Estimated malaria incidence (per 1000 population at risk),SOM,Somalia,2001,,141.0,,81.45,227.9,141.04 [81.45-227.93],Incidence Rate,1000 population at risk
MALARIA_EST_INCIDENCE,Estimated malaria incidence (per 1000 population at risk),SOM,Somalia,2000,,133.1,,77.62,218.2,133.15 [77.62-218.23],Incidence Rate,1000 population at risk
TB_e_inc_num,Number of incident tuberculosis cases,AGO,Angola,2024,,141000.0,,92000.0,207000.0,141 000 [92 000-207 000],Incidence Count,N/A
TB_e_inc_num,Number of incident tuberculosis cases,AGO,Angola,2023,,141000.0,,92000.0,205000.0,141 000 [92 000-205 000],Incidence Count,N/A
TB_e_inc_num,Number of incident tuberculosis cases,AGO,Angola,2022,,135000.0,,88000.0,196000.0,135 000 [88 000-196 000],Incidence Count,N/A
TB_e_inc_num,Number of incident tuberculosis cases,AGO,Angola,2021,,128000.0,,83000.0,186000.0,128 000 [83 000-186 000],Incidence Count,N/A
TB_e_inc_num,Number of incident tuberculosis cases,AGO,Angola,2020,,125000.0,,81000.0,180000.0,125 000 [81 000-180 000],Incidence Count,N/A
TB_e_inc_num,Number of incident tuberculosis cases,AGO,Angola,2019,,126000.0,,77000.0,244000.0,126 000 [77 000-244 000],Incidence Count,N/A
TB_e_inc_num,Number of incident tuberculosis cases,AGO,Angola,2018,,126000.0,,77000.0,247000.0,126 000 [77 000-247 000],Incidence Count,N/A
TB_e_inc_num,Number of incident tuberculosis cases,AGO,Angola,2017,,126000.0,,76000.0,251000.0,126 000 [76 000-251 000],Incidence Count,N/A
TB_e_inc_num,Number of incident tuberculosis cases,AGO,Angola,2016,,126000.0,,75000.0,256000.0,126 000 [75 000-256 000],Incidence Count,N/A
TB_e_inc_num,Number of incident tuberculosis cases,AGO,Angola,2015,,125000.0,,74000.0,258000.0,125 000 [74 000-258 000],Incidence Count,N/A
TB_e_inc_num,Number of incident tuberculosis cases,AGO,Angola,2014,,122000.0,,72000.0,256000.0,122 000 [72 000-256 000],Incidence Count,N/A
TB_e_inc_num,Number of incident tuberculosis cases,AGO,Angola,2013,,119000.0,,69000.0,252000.0,119 000 [69 000-252 000],Incidence Count,N/A
TB_e_inc_num,Number of incident tuberculosis cases,AGO,Angola,2012,,115000.0,,66000.0,248000.0,115 000 [66 000-248 000],Incidence Count,N/A
TB_e_inc_num,Number of incident tuberculosis cases,AGO,Angola,2011,,113000.0,,65000.0,245000.0,113 000 [65 000-245 000],Incidence Count,N/A
TB_e_inc_num,Number of incident tuberculosis cases,AGO,Angola,2010,,112000.0,,64000.0,242000.0,112 000 [64 000-242 000],Incidence Count,N/A
TB_e_inc_num,Number of incident tuberculosis cases,AGO,Angola,2009,,110000.0,,63000.0,238000.0,110 000 [63 000-238 000],Incidence Count,N/A
TB_e_inc_num,Number of incident tuberculosis cases,AGO,Angola,2008,,108000.0,,61000.0,237000.0,108 000 [61 000-237 000],Incidence Count,N/A
TB_e_inc_num,Number of incident tuberculosis cases,AGO,Angola,2007,,106000.0,,60000.0,236000.0,106 000 [60 000-236 000],Incidence Count,N/A
TB_e_inc_num,Number of incident tuberculosis cases,AGO,Angola,2006,,101000.0,,57000.0,229000.0,101 000 [57 000-229 000],Incidence Count,N/A
TB_e_inc_num,Number of incident tuberculosis cases,AGO,Angola,2005,,95000.0,,53000.0,217000.0,95 000 [53 000-217 000],Incidence Count,N/A
TB_e_inc_num,Number of incident tuberculosis cases,AGO,Angola,2004,,87000.0,,48000.0,203000.0,87 000 [48 000-203 000],Incidence Count,N/A
TB_e_inc_num,Number of incident tuberculosis cases,AGO,Angola,2003,,78000.0,,43000.0,186000.0,78 000 [43 000-186 000],Incidence Count,N/A
TB_e_inc_num,Number of incident tuberculosis cases,AGO,Angola,2002,,68000.0,,37000.0,166000.0,68 000 [37 000-166 000],Incidence Count,N/A
TB_e_inc_num,Number of incident tuberculosis cases,AGO,Angola,2001,,56000.0,,30000.0,144000.0,56 000 [30 000-144 000],Incidence Count,N/A
TB_e_inc_num,Number of incident tuberculosis cases,AGO,Angola,2000,,44000.0,,22000.0,119000.0,44 000 [22 000-119 000],Incidence Count,N/A
TB_e_inc_num,Number of incident tuberculosis cases,BDI,Burundi,2024,,12000.0,,7100.0,22000.0,12 000 [7100-22 000],Incidence Count,N/A
TB_e_inc_num,Number of incident tuberculosis cases,BDI,Burundi,2023,,12000.0,,7200.0,22000.0,12 000 [7200-22 000],Incidence Count,N/A
TB_e_inc_num,Number of incident tuberculosis cases,BDI,Burundi,2022,,12000.0,,7300.0,23000.0,12 000 [7300-23 000],Incidence Count,N/A
TB_e_inc_num,Number of incident tuberculosis cases,BDI,Burundi,2021,,12000.0,,7400.0,23000.0,12 000 [7400-23 000],Incidence Count,N/A
TB_e_inc_num,Number of incident tuberculosis cases,BDI,Burundi,2020,,12000.0,,7500.0,23000.0,12 000 [7500-23 000],Incidence Count,N/A
TB_e_inc_num,Number of incident tuberculosis cases,BDI,Burundi,2019,,12000.0,,7600.0,24000.0,12 000 [7600-24 000],Incidence Count,N/A
TB_e_inc_num,Number of incident tuberculosis cases,BDI,Burundi,2018,,13000.0,,7700.0,25000.0,13 000 [7700-25 000],Incidence Count,N/A
TB_e_inc_num,Number of incident tuberculosis cases,BDI,Burundi,2017,,13000.0,,7800.0,25000.0,13 000 [7800-25 000],Incidence Count,N/A
TB_e_inc_num,Number of incident tuberculosis cases,BDI,Burundi,2016,,13000.0,,7900.0,26000.0,13 000 [7900-26 000],Incidence Count,N/A
TB_e_inc_num,Number of incident tuberculosis cases,BDI,Burundi,2015,,14000.0,,8100.0,28000.0,14 000 [8100-28 000],Incidence Count,N/A
TB_e_inc_num,Number of incident tuberculosis cases,BDI,Burundi,2014,,14000.0,,8300.0,29000.0,14 000 [8300-29 000],Incidence Count,N/A
TB_e_inc_num,Number of incident tuberculosis cases,BDI,Burundi,2013,,14000.0,,8300.0,30000.0,14 000 [8300-30 000],Incidence Count,N/A
TB_e_inc_num,Number of incident tuberculosis cases,BDI,Burundi,2012,,14000.0,,8300.0,30000.0,14 000 [8300-30 000],Incidence Count,N/A
TB_e_inc_num,Number of incident tuberculosis cases,BDI,Burundi,2011,,14000.0,,8400.0,30000.0,14 000 [8400-30 000],Incidence Count,N/A
TB_e_inc_num,Number of incident tuberculosis cases,BDI,Burundi,2010,,14000.0,,8400.0,30000.0,14 000 [8400-30 000],Incidence Count,N/A
TB_e_inc_num,Number of incident tuberculosis cases,BDI,Burundi,2009,,14000.0,,8300.0,30000.0,14 000 [8300-30 000],Incidence Count,N/A
TB_e_inc_num,Number of incident tuberculosis cases,BDI,Burundi,2008,,14000.0,,8200.0,31000.0,14 000 [8200-31 000],Incidence Count,N/A
TB_e_inc_num,Number of incident tuberculosis cases,BDI,Burundi,2007,,14000.0,,8200.0,31000.0,14 000 [8200-31 000],Incidence Count,N/A
TB_e_inc_num,Number of incident tuberculosis cases,BDI,Burundi,2006,,14000.0,,8100.0,32000.0,14 000 [8100-32 000],Incidence Count,N/A
TB_e_inc_num,Number of incident tuberculosis cases,BDI,Burundi,2005,,14000.0,,8000.0,33000.0,14 000 [8000-33 000],Incidence Count,N/A
TB_e_inc_num,Number of incident tuberculosis cases,BDI,Burundi,2004,,14000.0,,7800.0,33000.0,14 000 [7800-33 000],Incidence Count,N/A
TB_e_inc_num,Number of incident tuberculosis cases,BDI,Burundi,2003,,14000.0,,7700.0,34000.0,14 000 [7700-34 000],Incidence Count,N/A
TB_e_inc_num,Number of incident tuberculosis cases,BDI,Burundi,2002,,14000.0,,7500.0,35000.0,14 000 [7500-35 000],Incidence Count,N/A
TB_e_inc_num,Number of incident tuberculosis cases,BDI,Burundi,2001,,14000.0,,7300.0,36000.0,14 000 [7300-36 000],Incidence Count,N/A
TB_e_inc_num,Number of incident tuberculosis cases,BDI,Burundi,2000,,14000.0,,7100.0,37000.0,14 000 [7100-37 000],Incidence Count,N/A
TB_e_inc_num,Number of incident tuberculosis cases,BEN,Benin,2024,,5800.0,,3500.0,11000.0,5800 [3500-11 000],Incidence Count,N/A
TB_e_inc_num,Number of incident tuberculosis cases,BEN,Benin,2023,,5900.0,,3600.0,11000.0,5900 [3600-11 000],Incidence Count,N/A
TB_e_inc_num,Number of incident tuberculosis cases,BEN,Benin,2022,,6000.0,,3700.0,11000.0,6000 [3700-11 000],Incidence Count,N/A
TB_e_inc_num,Number of incident tuberculosis cases,BEN,Benin,2021,,6200.0,,3800.0,12000.0,6200 [3800-12 000],Incidence Count,N/A
TB_e_inc_num,Number of incident tuberculosis cases,BEN,Benin,2020,,6300.0,,3900.0,12000.0,6300 [3900-12 000],Incidence Count,N/A
TB_e_inc_num,Number of incident tuberculosis cases,BEN,Benin,2019,,6400.0,,3900.0,13000.0,6400 [3900-13 000],Incidence Count,N/A
TB_e_inc_num,Number of incident tuberculosis cases,BEN,Benin,2018,,6600.0,,4000.0,13000.0,6600 [4000-13 000],Incidence Count,N/A
TB_e_inc_num,Number of incident tuberculosis cases,BEN,Benin,2017,,6800.0,,4100.0,13000.0,6800 [4100-13 000],Incidence Count,N/A
TB_e_inc_num,Number of incident tuberculosis cases,BEN,Benin,2016,,6900.0,,4100.0,14000.0,6900 [4100-14 000],Incidence Count,N/A
TB_e_inc_num,Number of incident tuberculosis cases,BEN,Benin,2015,,7100.0,,4200.0,15000.0,7100 [4200-15 000],Incidence Count,N/A
TB_e_inc_num,Number of incident tuberculosis cases,BEN,Benin,2014,,7200.0,,4200.0,15000.0,7200 [4200-15 000],Incidence Count,N/A
TB_e_inc_num,Number of incident tuberculosis cases,BEN,Benin,2013,,7400.0,,4300.0,16000.0,7400 [4300-16 000],Incidence Count,N/A
TB_e_inc_num,Number of incident tuberculosis cases,BEN,Benin,2012,,7500.0,,4400.0,16000.0,7500 [4400-16 000],Incidence Count,N/A
TB_e_inc_num,Number of incident tuberculosis cases,BEN,Benin,2011,,7600.0,,4400.0,16000.0,7600 [4400-16 000],Incidence Count,N/A
TB_e_inc_num,Number of incident tuberculosis cases,BEN,Benin,2010,,7700.0,,4500.0,17000.0,7700 [4500-17 000],Incidence Count,N/A
TB_e_inc_num,Number of incident tuberculosis cases,BEN,Benin,2009,,7700.0,,4400.0,17000.0,7700 [4400-17 000],Incidence Count,N/A
TB_e_inc_num,Number of incident tuberculosis cases,BEN,Benin,2008,,7600.0,,4400.0,17000.0,7600 [4400-17 000],Incidence Count,N/A
TB_e_inc_num,Number of incident tuberculosis cases,BEN,Benin,2007,,7500.0,,4200.0,17000.0,7500 [4200-17 000],Incidence Count,N/A
TB_e_inc_num,Number of incident tuberculosis cases,BEN,Benin,2006,,7300.0,,4100.0,17000.0,7300 [4100-17 000],Incidence Count,N/A
TB_e_inc_num,Number of incident tuberculosis cases,BEN,Benin,2005,,7000.0,,3900.0,16000.0,7000 [3900-16 000],Incidence Count,N/A
TB_e_inc_num,Number of incident tuberculosis cases,BEN,Benin,2004,,6700.0,,3700.0,16000.0,6700 [3700-16 000],Incidence Count,N/A
TB_e_inc_num,Number of incident tuberculosis cases,BEN,Benin,2003,,6300.0,,3400.0,16000.0,6300 [3400-16 000],Incidence Count,N/A
TB_e_inc_num,Number of incident tuberculosis cases,BEN,Benin,2002,,6000.0,,3200.0,15000.0,6000 [3200-15 000],Incidence Count,N/A
TB_e_inc_num,Number of incident tuberculosis cases,BEN,Benin,2001,,5600.0,,2900.0,15000.0,5600 [2900-15 000],Incidence Count,N/A
TB_e_inc_num,Number of incident tuberculosis cases,BEN,Benin,2000,,5100.0,,2600.0,14000.0,5100 [2600-14 000],Incidence Count,N/A
TB_e_inc_num,Number of incident tuberculosis cases,BFA,Burkina Faso,2024,,13000.0,,8200.0,26000.0,13 000 [8200-26 000],Incidence Count,N/A
TB_e_inc_num,Number of incident tuberculosis cases,BFA,Burkina Faso,2023,,13000.0,,8200.0,26000.0,13 000 [8200-26 000],Incidence Count,N/A
TB_e_inc_num,Number of incident tuberculosis cases,BFA,Burkina Faso,2022,,13000.0,,8200.0,26000.0,13 000 [8200-26 000],Incidence Count,N/A
TB_e_inc_num,Number of incident tuberculosis cases,BFA,Burkina Faso,2021,,13000.0,,8200.0,26000.0,13 000 [8200-26 000],Incidence Count,N/A
TB_e_inc_num,Number of incident tuberculosis cases,BFA,Burkina Faso,2020,,13000.0,,8200.0,25000.0,13 000 [8200-25 000],Incidence Count,N/A
TB_e_inc_num,Number of incident tuberculosis cases,BFA,Burkina Faso,2019,,13000.0,,8100.0,25000.0,13 000 [8100-25 000],Incidence Count,N/A
TB_e_inc_num,Number of incident tuberculosis cases,BFA,Burkina Faso,2018,,13000.0,,8100.0,25000.0,13 000 [8100-25 000],Incidence Count,N/A
TB_e_inc_num,Number of incident tuberculosis cases,BFA,Burkina Faso,2017,,13000.0,,8000.0,25000.0,13 000 [8000-25 000],Incidence Count,N/A
TB_e_inc_num,Number of incident tuberculosis cases,BFA,Burkina Faso,2016,,13000.0,,8000.0,25000.0,13 000 [8000-25 000],Incidence Count,N/A
TB_e_inc_num,Number of incident tuberculosis cases,BFA,Burkina Faso,2015,,13000.0,,7900.0,25000.0,13 000 [7900-25 000],Incidence Count,N/A
TB_e_inc_num,Number of incident tuberculosis cases,BFA,Burkina Faso,2014,,13000.0,,7800.0,24000.0,13 000 [7800-24 000],Incidence Count,N/A
TB_e_inc_num,Number of incident tuberculosis cases,BFA,Burkina Faso,2013,,13000.0,,7700.0,24000.0,13 000 [7700-24 000],Incidence Count,N/A
TB_e_inc_num,Number of incident tuberculosis cases,BFA,Burkina Faso,2012,,12000.0,,7700.0,24000.0,12 000 [7700-24 000],Incidence Count,N/A
TB_e_inc_num,Number of incident tuberculosis cases,BFA,Burkina Faso,2011,,12000.0,,7600.0,24000.0,12 000 [7600-24 000],Incidence Count,N/A
TB_e_inc_num,Number of incident tuberculosis cases,BFA,Burkina Faso,2010,,12000.0,,7500.0,23000.0,12 000 [7500-23 000],Incidence Count,N/A
TB_e_inc_num,Number of incident tuberculosis cases,BFA,Burkina Faso,2009,,12000.0,,7400.0,23000.0,12 000 [7400-23 000],Incidence Count,N/A
TB_e_inc_num,Number of incident tuberculosis cases,BFA,Burkina Faso,2008,,12000.0,,7400.0,23000.0,12 000 [7400-23 000],Incidence Count,N/A
TB_e_inc_num,Number of incident tuberculosis cases,BFA,Burkina Faso,2007,,12000.0,,7300.0,23000.0,12 000 [7300-23 000],Incidence Count,N/A
TB_e_inc_num,Number of incident tuberculosis cases,BFA,Burkina Faso,2006,,12000.0,,7200.0,23000.0,12 000 [7200-23 000],Incidence Count,N/A
TB_e_inc_num,Number of incident tuberculosis cases,BFA,Burkina Faso,2005,,12000.0,,7200.0,22000.0,12 000 [7200-22 000],Incidence Count,N/A
TB_e_inc_num,Number of incident tuberculosis cases,BFA,Burkina Faso,2004,,12000.0,,7100.0,22000.0,12 000 [7100-22 000],Incidence Count,N/A
TB_e_inc_num,Number of incident tuberculosis cases,BFA,Burkina Faso,2003,,11000.0,,7000.0,22000.0,11 000 [7000-22 000],Incidence Count,N/A
TB_e_inc_num,Number of incident tuberculosis cases,BFA,Burkina Faso,2002,,11000.0,,6900.0,22000.0,11 000 [6900-22 000],Incidence Count,N/A
TB_e_inc_num,Number of incident tuberculosis cases,BFA,Burkina Faso,2001,,11000.0,,6900.0,21000.0,11 000 [6900-21 000],Incidence Count,N/A
TB_e_inc_num,Number of incident tuberculosis cases,BFA,Burkina Faso,2000,,11000.0,,6800.0,21000.0,11 000 [6800-21 000],Incidence Count,N/A
TB_e_inc_num,Number of incident tuberculosis cases,BWA,Botswana,2024,,3600.0,,2200.0,7000.0,3600 [2200-7000],Incidence Count,N/A
TB_e_inc_num,Number of incident tuberculosis cases,BWA,Botswana,2023,,4400.0,,2600.0,8500.0,4400 [2600-8500],Incidence Count,N/A
TB_e_inc_num,Number of incident tuberculosis cases,BWA,Botswana,2022,,5100.0,,3100.0,9900.0,5100 [3100-9900],Incidence Count,N/A
TB_e_inc_num,Number of incident tuberculosis cases,BWA,Botswana,2021,,5800.0,,3500.0,11000.0,5800 [3500-11 000],Incidence Count,N/A
TB_e_inc_num,Number of incident tuberculosis cases,BWA,Botswana,2020,,6500.0,,3900.0,13000.0,6500 [3900-13 000],Incidence Count,N/A
TB_e_inc_num,Number of incident tuberculosis cases,BWA,Botswana,2019,,7100.0,,4300.0,14000.0,7100 [4300-14 000],Incidence Count,N/A
TB_e_inc_num,Number of incident tuberculosis cases,BWA,Botswana,2018,,7800.0,,4700.0,15000.0,7800 [4700-15 000],Incidence Count,N/A
TB_e_inc_num,Number of incident tuberculosis cases,BWA,Botswana,2017,,8400.0,,5100.0,16000.0,8400 [5100-16 000],Incidence Count,N/A
TB_e_inc_num,Number of incident tuberculosis cases,BWA,Botswana,2016,,9000.0,,5500.0,18000.0,9000 [5500-18 000],Incidence Count,N/A
TB_e_inc_num,Number of incident tuberculosis cases,BWA,Botswana,2015,,9600.0,,5900.0,19000.0,9600 [5900-19 000],Incidence Count,N/A
TB_e_inc_num,Number of incident tuberculosis cases,BWA,Botswana,2014,,10000.0,,6200.0,20000.0,10 000 [6200-20 000],Incidence Count,N/A
TB_e_inc_num,Number of incident tuberculosis cases,BWA,Botswana,2013,,11000.0,,6600.0,21000.0,11 000 [6600-21 000],Incidence Count,N/A
TB_e_inc_num,Number of incident tuberculosis cases,BWA,Botswana,2012,,11000.0,,6900.0,22000.0,11 000 [6900-22 000],Incidence Count,N/A
TB_e_inc_num,Number of incident tuberculosis cases,BWA,Botswana,2011,,12000.0,,7200.0,23000.0,12 000 [7200-23 000],Incidence Count,N/A
TB_e_inc_num,Number of incident tuberculosis cases,BWA,Botswana,2010,,12000.0,,7500.0,24000.0,12 000 [7500-24 000],Incidence Count,N/A
TB_e_inc_num,Number of incident tuberculosis cases,BWA,Botswana,2009,,13000.0,,7700.0,25000.0,13 000 [7700-25 000],Incidence Count,N/A
TB_e_inc_num,Number of incident tuberculosis cases,BWA,Botswana,2008,,13000.0,,7800.0,27000.0,13 000 [7800-27 000],Incidence Count,N/A
TB_e_inc_num,Number of incident tuberculosis cases,BWA,Botswana,2007,,14000.0,,8000.0,28000.0,14 000 [8000-28 000],Incidence Count,N/A
TB_e_inc_num,Number of incident tuberculosis cases,BWA,Botswana,2006,,14000.0,,8200.0,30000.0,14 000 [8200-30 000],Incidence Count,N/A
TB_e_inc_num,Number of incident tuberculosis cases,BWA,Botswana,2005,,15000.0,,8400.0,31000.0,15 000 [8400-31 000],Incidence Count,N/A
TB_e_inc_num,Number of incident tuberculosis cases,BWA,Botswana,2004,,15000.0,,8600.0,33000.0,15 000 [8600-33 000],Incidence Count,N/A
TB_e_inc_num,Number of incident tuberculosis cases,BWA,Botswana,2003,,15000.0,,8700.0,34000.0,15 000 [8700-34 000],Incidence Count,N/A
TB_e_inc_num,Number of incident tuberculosis cases,BWA,Botswana,2002,,16000.0,,8900.0,35000.0,16 000 [8900-35 000],Incidence Count,N/A
TB_e_inc_num,Number of incident tuberculosis cases,BWA,Botswana,2001,,16000.0,,9000.0,36000.0,16 000 [9000-36 000],Incidence Count,N/A
TB_e_inc_num,Number of incident tuberculosis cases,BWA,Botswana,2000,,16000.0,,9100.0,37000.0,16 000 [9100-37 000],Incidence Count,N/A
TB_e_inc_num,Number of incident tuberculosis cases,CAF,Central African Republic,2024,,22000.0,,14000.0,42000.0,22 000 [14 000-42 000],Incidence Count,N/A
TB_e_inc_num,Number of incident tuberculosis cases,CAF,Central African Republic,2023,,22000.0,,14000.0,41000.0,22 000 [14 000-41 000],Incidence Count,N/A
TB_e_inc_num,Number of incident tuberculosis cases,CAF,Central African Republic,2022,,22000.0,,14000.0,42000.0,22 000 [14 000-42 000],Incidence Count,N/A
TB_e_inc_num,Number of incident tuberculosis cases,CAF,Central African Republic,2021,,23000.0,,14000.0,43000.0,23 000 [14 000-43 000],Incidence Count,N/A
TB_e_inc_num,Number of incident tuberculosis cases,CAF,Central African Republic,2020,,23000.0,,14000.0,43000.0,23 000 [14 000-43 000],Incidence Count,N/A
TB_e_inc_num,Number of incident tuberculosis cases,CAF,Central African Republic,2019,,23000.0,,14000.0,43000.0,23 000 [14 000-43 000],Incidence Count,N/A
TB_e_inc_num,Number of incident tuberculosis cases,CAF,Central African Republic,2018,,23000.0,,14000.0,43000.0,23 000 [14 000-43 000],Incidence Count,N/A
TB_e_inc_num,Number of incident tuberculosis cases,CAF,Central African Republic,2017,,23000.0,,14000.0,44000.0,23 000 [14 000-44 000],Incidence Count,N/A
TB_e_inc_num,Number of incident tuberculosis cases,CAF,Central African Republic,2016,,23000.0,,14000.0,44000.0,23 000 [14 000-44 000],Incidence Count,N/A
TB_e_inc_num,Number of incident tuberculosis cases,CAF,Central African Republic,2015,,23000.0,,14000.0,44000.0,23 000 [14 000-44 000],Incidence Count,N/A
TB_e_inc_num,Number of incident tuberculosis cases,CAF,Central African Republic,2014,,24000.0,,15000.0,45000.0,24 000 [15 000-45 000],Incidence Count,N/A
TB_e_inc_num,Number of incident tuberculosis cases,CAF,Central African Republic,2013,,24000.0,,15000.0,46000.0,24 000 [15 000-46 000],Incidence Count,N/A
TB_e_inc_num,Number of incident tuberculosis cases,CAF,Central African Republic,2012,,25000.0,,15000.0,46000.0,25 000 [15 000-46 000],Incidence Count,N/A
TB_e_inc_num,Number of incident tuberculosis cases,CAF,Central African Republic,2011,,25000.0,,15000.0,47000.0,25 000 [15 000-47 000],Incidence Count,N/A
TB_e_inc_num,Number of incident tuberculosis cases,CAF,Central African Republic,2010,,25000.0,,15000.0,47000.0,25 000 [15 000-47 000],Incidence Count,N/A
TB_e_inc_num,Number of incident tuberculosis cases,CAF,Central African Republic,2009,,26000.0,,16000.0,48000.0,26 000 [16 000-48 000],Incidence Count,N/A
TB_e_inc_num,Number of incident tuberculosis cases,CAF,Central African Republic,2008,,26000.0,,16000.0,50000.0,26 000 [16 000-50 000],Incidence Count,N/A
TB_e_inc_num,Number of incident tuberculosis cases,CAF,Central African Republic,2007,,26000.0,,16000.0,50000.0,26 000 [16 000-50 000],Incidence Count,N/A
TB_e_inc_num,Number of incident tuberculosis cases,CAF,Central African Republic,2006,,26000.0,,16000.0,50000.0,26 000 [16 000-50 000],Incidence Count,N/A
TB_e_inc_num,Number of incident tuberculosis cases,CAF,Central African Republic,2005,,26000.0,,16000.0,50000.0,26 000 [16 000-50 000],Incidence Count,N/A
TB_e_inc_num,Number of incident tuberculosis cases,CAF,Central African Republic,2004,,26000.0,,16000.0,50000.0,26 000 [16 000-50 000],Incidence Count,N/A
TB_e_inc_num,Number of incident tuberculosis cases,CAF,Central African Republic,2003,,26000.0,,16000.0,49000.0,26 000 [16 000-49 000],Incidence Count,N/A
TB_e_inc_num,Number of incident tuberculosis cases,CAF,Central African Republic,2002,,26000.0,,16000.0,49000.0,26 000 [16 000-49 000],Incidence Count,N/A
TB_e_inc_num,Number of incident tuberculosis cases,CAF,Central African Republic,2001,,26000.0,,16000.0,49000.0,26 000 [16 000-49 000],Incidence Count,N/A
TB_e_inc_num,Number of incident tuberculosis cases,CAF,Central African Republic,2000,,26000.0,,16000.0,49000.0,26 000 [16 000-49 000],Incidence Count,N/A
TB_e_inc_num,Number of incident tuberculosis cases,CMR,Cameroon,2024,,38000.0,,23000.0,75000.0,38 000 [23 000-75 000],Incidence Count,N/A
TB_e_inc_num,Number of incident tuberculosis cases,CMR,Cameroon,2023,,39000.0,,24000.0,75000.0,39 000 [24 000-75 000],Incidence Count,N/A
TB_e_inc_num,Number of incident tuberculosis cases,CMR,Cameroon,2022,,40000.0,,24000.0,75000.0,40 000 [24 000-75 000],Incidence Count,N/A
TB_e_inc_num,Number of incident tuberculosis cases,CMR,Cameroon,2021,,40000.0,,25000.0,77000.0,40 000 [25 000-77 000],Incidence Count,N/A
TB_e_inc_num,Number of incident tuberculosis cases,CMR,Cameroon,2020,,41000.0,,25000.0,79000.0,41 000 [25 000-79 000],Incidence Count,N/A
TB_e_inc_num,Number of incident tuberculosis cases,CMR,Cameroon,2019,,43000.0,,26000.0,82000.0,43 000 [26 000-82 000],Incidence Count,N/A
TB_e_inc_num,Number of incident tuberculosis cases,CMR,Cameroon,2018,,44000.0,,27000.0,85000.0,44 000 [27 000-85 000],Incidence Count,N/A
TB_e_inc_num,Number of incident tuberculosis cases,CMR,Cameroon,2017,,46000.0,,28000.0,90000.0,46 000 [28 000-90 000],Incidence Count,N/A
TB_e_inc_num,Number of incident tuberculosis cases,CMR,Cameroon,2016,,47000.0,,28000.0,95000.0,47 000 [28 000-95 000],Incidence Count,N/A
TB_e_inc_num,Number of incident tuberculosis cases,CMR,Cameroon,2015,,49000.0,,29000.0,99000.0,49 000 [29 000-99 000],Incidence Count,N/A
TB_e_inc_num,Number of incident tuberculosis cases,CMR,Cameroon,2014,,50000.0,,29000.0,103000.0,50 000 [29 000-103 000],Incidence Count,N/A
TB_e_inc_num,Number of incident tuberculosis cases,CMR,Cameroon,2013,,51000.0,,30000.0,106000.0,51 000 [30 000-106 000],Incidence Count,N/A
TB_e_inc_num,Number of incident tuberculosis cases,CMR,Cameroon,2012,,52000.0,,30000.0,109000.0,52 000 [30 000-109 000],Incidence Count,N/A
TB_e_inc_num,Number of incident tuberculosis cases,CMR,Cameroon,2011,,52000.0,,30000.0,111000.0,52 000 [30 000-111 000],Incidence Count,N/A
TB_e_inc_num,Number of incident tuberculosis cases,CMR,Cameroon,2010,,53000.0,,31000.0,113000.0,53 000 [31 000-113 000],Incidence Count,N/A
TB_e_inc_num,Number of incident tuberculosis cases,CMR,Cameroon,2009,,53000.0,,31000.0,113000.0,53 000 [31 000-113 000],Incidence Count,N/A
TB_e_inc_num,Number of incident tuberculosis cases,CMR,Cameroon,2008,,52000.0,,30000.0,111000.0,52 000 [30 000-111 000],Incidence Count,N/A
TB_e_inc_num,Number of incident tuberculosis cases,CMR,Cameroon,2007,,50000.0,,29000.0,108000.0,50 000 [29 000-108 000],Incidence Count,N/A
TB_e_inc_num,Number of incident tuberculosis cases,CMR,Cameroon,2006,,48000.0,,27000.0,103000.0,48 000 [27 000-103 000],Incidence Count,N/A
TB_e_inc_num,Number of incident tuberculosis cases,CMR,Cameroon,2005,,44000.0,,25000.0,95000.0,44 000 [25 000-95 000],Incidence Count,N/A
TB_e_inc_num,Number of incident tuberculosis cases,CMR,Cameroon,2004,,39000.0,,22000.0,86000.0,39 000 [22 000-86 000],Incidence Count,N/A
TB_e_inc_num,Number of incident tuberculosis cases,CMR,Cameroon,2003,,33000.0,,19000.0,75000.0,33 000 [19 000-75 000],Incidence Count,N/A
TB_e_inc_num,Number of incident tuberculosis cases,CMR,Cameroon,2002,,27000.0,,15000.0,63000.0,27 000 [15 000-63 000],Incidence Count,N/A
TB_e_inc_num,Number of incident tuberculosis cases,CMR,Cameroon,2001,,20000.0,,11000.0,49000.0,20 000 [11 000-49 000],Incidence Count,N/A
TB_e_inc_num,Number of incident tuberculosis cases,CMR,Cameroon,2000,,13000.0,,6400.0,34000.0,13 000 [6400-34 000],Incidence Count,N/A
TB_e_inc_num,Number of incident tuberculosis cases,COD,Democratic Republic of the Congo,2024,,412000.0,,252000.0,792000.0,412 000 [252 000-792 000],Incidence Count,N/A
TB_e_inc_num,Number of incident tuberculosis cases,COD,Democratic Republic of the Congo,2023,,407000.0,,249000.0,782000.0,407 000 [249 000-782 000],Incidence Count,N/A
TB_e_inc_num,Number of incident tuberculosis cases,COD,Democratic Republic of the Congo,2022,,402000.0,,246000.0,772000.0,402 000 [246 000-772 000],Incidence Count,N/A
TB_e_inc_num,Number of incident tuberculosis cases,COD,Democratic Republic of the Congo,2021,,397000.0,,243000.0,763000.0,397 000 [243 000-763 000],Incidence Count,N/A
TB_e_inc_num,Number of incident tuberculosis cases,COD,Democratic Republic of the Congo,2020,,392000.0,,240000.0,754000.0,392 000 [240 000-754 000],Incidence Count,N/A
TB_e_inc_num,Number of incident tuberculosis cases,COD,Democratic Republic of the Congo,2019,,388000.0,,237000.0,745000.0,388 000 [237 000-745 000],Incidence Count,N/A
TB_e_inc_num,Number of incident tuberculosis cases,COD,Democratic Republic of the Congo,2018,,383000.0,,235000.0,736000.0,383 000 [235 000-736 000],Incidence Count,N/A
TB_e_inc_num,Number of incident tuberculosis cases,COD,Democratic Republic of the Congo,2017,,378000.0,,232000.0,727000.0,378 000 [232 000-727 000],Incidence Count,N/A
TB_e_inc_num,Number of incident tuberculosis cases,COD,Democratic Republic of the Congo,2016,,372000.0,,228000.0,715000.0,372 000 [228 000-715 000],Incidence Count,N/A
TB_e_inc_num,Number of incident tuberculosis cases,COD,Democratic Republic of the Congo,2015,,366000.0,,224000.0,704000.0,366 000 [224 000-704 000],Incidence Count,N/A
TB_e_inc_num,Number of incident tuberculosis cases,COD,Democratic Republic of the Congo,2014,,362000.0,,222000.0,695000.0,362 000 [222 000-695 000],Incidence Count,N/A
TB_e_inc_num,Number of incident tuberculosis cases,COD,Democratic Republic of the Congo,2013,,357000.0,,219000.0,686000.0,357 000 [219 000-686 000],Incidence Count,N/A
TB_e_inc_num,Number of incident tuberculosis cases,COD,Democratic Republic of the Congo,2012,,352000.0,,216000.0,676000.0,352 000 [216 000-676 000],Incidence Count,N/A
TB_e_inc_num,Number of incident tuberculosis cases,COD,Democratic Republic of the Congo,2011,,347000.0,,213000.0,667000.0,347 000 [213 000-667 000],Incidence Count,N/A
TB_e_inc_num,Number of incident tuberculosis cases,COD,Democratic Republic of the Congo,2010,,343000.0,,210000.0,659000.0,343 000 [210 000-659 000],Incidence Count,N/A
TB_e_inc_num,Number of incident tuberculosis cases,COD,Democratic Republic of the Congo,2009,,339000.0,,208000.0,651000.0,339 000 [208 000-651 000],Incidence Count,N/A
TB_e_inc_num,Number of incident tuberculosis cases,COD,Democratic Republic of the Congo,2008,,335000.0,,205000.0,644000.0,335 000 [205 000-644 000],Incidence Count,N/A
TB_e_inc_num,Number of incident tuberculosis cases,COD,Democratic Republic of the Congo,2007,,332000.0,,203000.0,638000.0,332 000 [203 000-638 000],Incidence Count,N/A
TB_e_inc_num,Number of incident tuberculosis cases,COD,Democratic Republic of the Congo,2006,,329000.0,,201000.0,632000.0,329 000 [201 000-632 000],Incidence Count,N/A
TB_e_inc_num,Number of incident tuberculosis cases,COD,Democratic Republic of the Congo,2005,,325000.0,,199000.0,625000.0,325 000 [199 000-625 000],Incidence Count,N/A
TB_e_inc_num,Number of incident tuberculosis cases,COD,Democratic Republic of the Congo,2004,,322000.0,,197000.0,618000.0,322 000 [197 000-618 000],Incidence Count,N/A
TB_e_inc_num,Number of incident tuberculosis cases,COD,Democratic Republic of the Congo,2003,,319000.0,,195000.0,613000.0,319 000 [195 000-613 000],Incidence Count,N/A
TB_e_inc_num,Number of incident tuberculosis cases,COD,Democratic Republic of the Congo,2002,,316000.0,,194000.0,607000.0,316 000 [194 000-607 000],Incidence Count,N/A
TB_e_inc_num,Number of incident tuberculosis cases,COD,Democratic Republic of the Congo,2001,,313000.0,,192000.0,601000.0,313 000 [192 000-601 000],Incidence Count,N/A
TB_e_inc_num,Number of incident tuberculosis cases,COD,Democratic Republic of the Congo,2000,,309000.0,,189000.0,594000.0,309 000 [189 000-594 000],Incidence Count,N/A
TB_e_inc_num,Number of incident tuberculosis cases,COG,Congo,2024,,19000.0,,12000.0,37000.0,19 000 [12 000-37 000],Incidence Count,N/A
TB_e_inc_num,Number of incident tuberculosis cases,COG,Congo,2023,,18000.0,,11000.0,35000.0,18 000 [11 000-35 000],Incidence Count,N/A
TB_e_inc_num,Number of incident tuberculosis cases,COG,Congo,2022,,18000.0,,11000.0,34000.0,18 000 [11 000-34 000],Incidence Count,N/A
TB_e_inc_num,Number of incident tuberculosis cases,COG,Congo,2021,,18000.0,,11000.0,33000.0,18 000 [11 000-33 000],Incidence Count,N/A
TB_e_inc_num,Number of incident tuberculosis cases,COG,Congo,2020,,17000.0,,11000.0,33000.0,17 000 [11 000-33 000],Incidence Count,N/A
TB_e_inc_num,Number of incident tuberculosis cases,COG,Congo,2019,,17000.0,,10000.0,33000.0,17 000 [10 000-33 000],Incidence Count,N/A
TB_e_inc_num,Number of incident tuberculosis cases,COG,Congo,2018,,17000.0,,10000.0,33000.0,17 000 [10 000-33 000],Incidence Count,N/A
TB_e_inc_num,Number of incident tuberculosis cases,COG,Congo,2017,,17000.0,,10000.0,34000.0,17 000 [10 000-34 000],Incidence Count,N/A
TB_e_inc_num,Number of incident tuberculosis cases,COG,Congo,2016,,17000.0,,10000.0,35000.0,17 000 [10 000-35 000],Incidence Count,N/A
TB_e_inc_num,Number of incident tuberculosis cases,COG,Congo,2015,,18000.0,,10000.0,37000.0,18 000 [10 000-37 000],Incidence Count,N/A
TB_e_inc_num,Number of incident tuberculosis cases,COG,Congo,2014,,18000.0,,11000.0,38000.0,18 000 [11 000-38 000],Incidence Count,N/A
TB_e_inc_num,Number of incident tuberculosis cases,COG,Congo,2013,,19000.0,,11000.0,40000.0,19 000 [11 000-40 000],Incidence Count,N/A
TB_e_inc_num,Number of incident tuberculosis cases,COG,Congo,2012,,19000.0,,11000.0,41000.0,19 000 [11 000-41 000],Incidence Count,N/A
TB_e_inc_num,Number of incident tuberculosis cases,COG,Congo,2011,,19000.0,,11000.0,42000.0,19 000 [11 000-42 000],Incidence Count,N/A
TB_e_inc_num,Number of incident tuberculosis cases,COG,Congo,2010,,19000.0,,11000.0,41000.0,19 000 [11 000-41 000],Incidence Count,N/A
TB_e_inc_num,Number of incident tuberculosis cases,COG,Congo,2009,,19000.0,,11000.0,41000.0,19 000 [11 000-41 000],Incidence Count,N/A
TB_e_inc_num,Number of incident tuberculosis cases,COG,Congo,2008,,18000.0,,10000.0,41000.0,18 000 [10 000-41 000],Incidence Count,N/A
TB_e_inc_num,Number of incident tuberculosis cases,COG,Congo,2007,,18000.0,,10000.0,41000.0,18 000 [10 000-41 000],Incidence Count,N/A
TB_e_inc_num,Number of incident tuberculosis cases,COG,Congo,2006,,18000.0,,10000.0,41000.0,18 000 [10 000-41 000],Incidence Count,N/A
TB_e_inc_num,Number of incident tuberculosis cases,COG,Congo,2005,,18000.0,,9900.0,41000.0,18 000 [9900-41 000],Incidence Count,N/A
TB_e_inc_num,Number of incident tuberculosis cases,COG,Congo,2004,,18000.0,,9800.0,42000.0,18 000 [9800-42 000],Incidence Count,N/A
TB_e_inc_num,Number of incident tuberculosis cases,COG,Congo,2003,,18000.0,,9600.0,43000.0,18 000 [9600-43 000],Incidence Count,N/A
TB_e_inc_num,Number of incident tuberculosis cases,COG,Congo,2002,,18000.0,,9500.0,45000.0,18 000 [9500-45 000],Incidence Count,N/A
TB_e_inc_num,Number of incident tuberculosis cases,COG,Congo,2001,,18000.0,,9500.0,47000.0,18 000 [9500-47 000],Incidence Count,N/A
TB_e_inc_num,Number of incident tuberculosis cases,COG,Congo,2000,,18000.0,,9300.0,48000.0,18 000 [9300-48 000],Incidence Count,N/A
TB_e_inc_num,Number of incident tuberculosis cases,COM,Comoros,2024,,190.0,,110.0,360.0,190 [110-360],Incidence Count,N/A
TB_e_inc_num,Number of incident tuberculosis cases,COM,Comoros,2023,,220.0,,130.0,420.0,220 [130-420],Incidence Count,N/A
TB_e_inc_num,Number of incident tuberculosis cases,COM,Comoros,2022,,240.0,,150.0,460.0,240 [150-460],Incidence Count,N/A
TB_e_inc_num,Number of incident tuberculosis cases,COM,Comoros,2021,,260.0,,160.0,500.0,260 [160-500],Incidence Count,N/A
TB_e_inc_num,Number of incident tuberculosis cases,COM,Comoros,2020,,280.0,,170.0,540.0,280 [170-540],Incidence Count,N/A
TB_e_inc_num,Number of incident tuberculosis cases,COM,Comoros,2019,,290.0,,180.0,560.0,290 [180-560],Incidence Count,N/A
TB_e_inc_num,Number of incident tuberculosis cases,COM,Comoros,2018,,300.0,,180.0,590.0,300 [180-590],Incidence Count,N/A
TB_e_inc_num,Number of incident tuberculosis cases,COM,Comoros,2017,,310.0,,190.0,600.0,310 [190-600],Incidence Count,N/A
TB_e_inc_num,Number of incident tuberculosis cases,COM,Comoros,2016,,300.0,,180.0,600.0,300 [180-600],Incidence Count,N/A
TB_e_inc_num,Number of incident tuberculosis cases,COM,Comoros,2015,,300.0,,180.0,610.0,300 [180-610],Incidence Count,N/A
TB_e_inc_num,Number of incident tuberculosis cases,COM,Comoros,2014,,300.0,,180.0,610.0,300 [180-610],Incidence Count,N/A
TB_e_inc_num,Number of incident tuberculosis cases,COM,Comoros,2013,,290.0,,170.0,600.0,290 [170-600],Incidence Count,N/A
TB_e_inc_num,Number of incident tuberculosis cases,COM,Comoros,2012,,290.0,,170.0,600.0,290 [170-600],Incidence Count,N/A
TB_e_inc_num,Number of incident tuberculosis cases,COM,Comoros,2011,,290.0,,170.0,600.0,290 [170-600],Incidence Count,N/A
TB_e_inc_num,Number of incident tuberculosis cases,COM,Comoros,2010,,290.0,,170.0,590.0,290 [170-590],Incidence Count,N/A
TB_e_inc_num,Number of incident tuberculosis cases,COM,Comoros,2009,,280.0,,170.0,580.0,280 [170-580],Incidence Count,N/A
TB_e_inc_num,Number of incident tuberculosis cases,COM,Comoros,2008,,280.0,,160.0,570.0,280 [160-570],Incidence Count,N/A
TB_e_inc_num,Number of incident tuberculosis cases,COM,Comoros,2007,,270.0,,160.0,550.0,270 [160-550],Incidence Count,N/A
TB_e_inc_num,Number of incident tuberculosis cases,COM,Comoros,2006,,260.0,,150.0,540.0,260 [150-540],Incidence Count,N/A
TB_e_inc_num,Number of incident tuberculosis cases,COM,Comoros,2005,,260.0,,150.0,550.0,260 [150-550],Incidence Count,N/A
TB_e_inc_num,Number of incident tuberculosis cases,COM,Comoros,2004,,260.0,,150.0,560.0,260 [150-560],Incidence Count,N/A
TB_e_inc_num,Number of incident tuberculosis cases,COM,Comoros,2003,,260.0,,150.0,580.0,260 [150-580],Incidence Count,N/A
TB_e_inc_num,Number of incident tuberculosis cases,COM,Comoros,2002,,260.0,,140.0,610.0,260 [140-610],Incidence Count,N/A
TB_e_inc_num,Number of incident tuberculosis cases,COM,Comoros,2001,,270.0,,140.0,640.0,270 [140-640],Incidence Count,N/A
TB_e_inc_num,Number of incident tuberculosis cases,COM,Comoros,2000,,270.0,,150.0,690.0,270 [150-690],Incidence Count,N/A
TB_e_inc_num,Number of incident tuberculosis cases,CPV,Cabo Verde,2024,,250.0,,200.0,300.0,250 [200-300],Incidence Count,N/A
TB_e_inc_num,Number of incident tuberculosis cases,CPV,Cabo Verde,2023,,280.0,,220.0,330.0,280 [220-330],Incidence Count,N/A
TB_e_inc_num,Number of incident tuberculosis cases,CPV,Cabo Verde,2022,,200.0,,170.0,250.0,200 [170-250],Incidence Count,N/A
TB_e_inc_num,Number of incident tuberculosis cases,CPV,Cabo Verde,2021,,260.0,,210.0,310.0,260 [210-310],Incidence Count,N/A
TB_e_inc_num,Number of incident tuberculosis cases,CPV,Cabo Verde,2020,,290.0,,240.0,350.0,290 [240-350],Incidence Count,N/A
TB_e_inc_num,Number of incident tuberculosis cases,CPV,Cabo Verde,2019,,290.0,,240.0,350.0,290 [240-350],Incidence Count,N/A
TB_e_inc_num,Number of incident tuberculosis cases,CPV,Cabo Verde,2018,,290.0,,230.0,350.0,290 [230-350],Incidence Count,N/A
TB_e_inc_num,Number of incident tuberculosis cases,CPV,Cabo Verde,2017,,360.0,,290.0,430.0,360 [290-430],Incidence Count,N/A
TB_e_inc_num,Number of incident tuberculosis cases,CPV,Cabo Verde,2016,,360.0,,290.0,430.0,360 [290-430],Incidence Count,N/A
TB_e_inc_num,Number of incident tuberculosis cases,CPV,Cabo Verde,2015,,400.0,,330.0,480.0,400 [330-480],Incidence Count,N/A
TB_e_inc_num,Number of incident tuberculosis cases,CPV,Cabo Verde,2014,,420.0,,340.0,500.0,420 [340-500],Incidence Count,N/A
TB_e_inc_num,Number of incident tuberculosis cases,CPV,Cabo Verde,2013,,470.0,,380.0,570.0,470 [380-570],Incidence Count,N/A
TB_e_inc_num,Number of incident tuberculosis cases,CPV,Cabo Verde,2012,,670.0,,540.0,810.0,670 [540-810],Incidence Count,N/A
TB_e_inc_num,Number of incident tuberculosis cases,CPV,Cabo Verde,2011,,620.0,,500.0,750.0,620 [500-750],Incidence Count,N/A
TB_e_inc_num,Number of incident tuberculosis cases,CPV,Cabo Verde,2010,,590.0,,480.0,720.0,590 [480-720],Incidence Count,N/A
TB_e_inc_num,Number of incident tuberculosis cases,CPV,Cabo Verde,2009,,580.0,,470.0,700.0,580 [470-700],Incidence Count,N/A
TB_e_inc_num,Number of incident tuberculosis cases,CPV,Cabo Verde,2008,,610.0,,490.0,730.0,610 [490-730],Incidence Count,N/A
TB_e_inc_num,Number of incident tuberculosis cases,CPV,Cabo Verde,2007,,520.0,,420.0,630.0,520 [420-630],Incidence Count,N/A
TB_e_inc_num,Number of incident tuberculosis cases,CPV,Cabo Verde,2006,,520.0,,420.0,630.0,520 [420-630],Incidence Count,N/A
TB_e_inc_num,Number of incident tuberculosis cases,CPV,Cabo Verde,2005,,610.0,,500.0,740.0,610 [500-740],Incidence Count,N/A
TB_e_inc_num,Number of incident tuberculosis cases,CPV,Cabo Verde,2004,,650.0,,530.0,780.0,650 [530-780],Incidence Count,N/A
TB_e_inc_num,Number of incident tuberculosis cases,CPV,Cabo Verde,2003,,740.0,,600.0,890.0,740 [600-890],Incidence Count,N/A
TB_e_inc_num,Number of incident tuberculosis cases,CPV,Cabo Verde,2002,,490.0,,400.0,590.0,490 [400-590],Incidence Count,N/A
TB_e_inc_num,Number of incident tuberculosis cases,CPV,Cabo Verde,2001,,780.0,,630.0,930.0,780 [630-930],Incidence Count,N/A
TB_e_inc_num,Number of incident tuberculosis cases,CPV,Cabo Verde,2000,,800.0,,650.0,960.0,800 [650-960],Incidence Count,N/A
TB_e_inc_num,Number of incident tuberculosis cases,ERI,Eritrea,2024,,4100.0,,3300.0,4900.0,4100 [3300-4900],Incidence Count,N/A
TB_e_inc_num,Number of incident tuberculosis cases,ERI,Eritrea,2023,,5200.0,,4200.0,6200.0,5200 [4200-6200],Incidence Count,N/A
TB_e_inc_num,Number of incident tuberculosis cases,ERI,Eritrea,2022,,4600.0,,3700.0,5500.0,4600 [3700-5500],Incidence Count,N/A
TB_e_inc_num,Number of incident tuberculosis cases,ERI,Eritrea,2021,,3700.0,,3000.0,4500.0,3700 [3000-4500],Incidence Count,N/A
TB_e_inc_num,Number of incident tuberculosis cases,ERI,Eritrea,2020,,3600.0,,3000.0,4400.0,3600 [3000-4400],Incidence Count,N/A
TB_e_inc_num,Number of incident tuberculosis cases,ERI,Eritrea,2019,,4100.0,,3300.0,5000.0,4100 [3300-5000],Incidence Count,N/A
TB_e_inc_num,Number of incident tuberculosis cases,ERI,Eritrea,2018,,4200.0,,3400.0,5100.0,4200 [3400-5100],Incidence Count,N/A
TB_e_inc_num,Number of incident tuberculosis cases,ERI,Eritrea,2017,,4600.0,,3800.0,5600.0,4600 [3800-5600],Incidence Count,N/A
TB_e_inc_num,Number of incident tuberculosis cases,ERI,Eritrea,2016,,5100.0,,4200.0,6200.0,5100 [4200-6200],Incidence Count,N/A
TB_e_inc_num,Number of incident tuberculosis cases,ERI,Eritrea,2015,,4800.0,,3900.0,5800.0,4800 [3900-5800],Incidence Count,N/A
TB_e_inc_num,Number of incident tuberculosis cases,ERI,Eritrea,2014,,5700.0,,4700.0,6900.0,5700 [4700-6900],Incidence Count,N/A
TB_e_inc_num,Number of incident tuberculosis cases,ERI,Eritrea,2013,,7000.0,,5700.0,8500.0,7000 [5700-8500],Incidence Count,N/A
TB_e_inc_num,Number of incident tuberculosis cases,ERI,Eritrea,2012,,7900.0,,6400.0,9500.0,7900 [6400-9500],Incidence Count,N/A
TB_e_inc_num,Number of incident tuberculosis cases,ERI,Eritrea,2011,,7900.0,,6400.0,9500.0,7900 [6400-9500],Incidence Count,N/A
TB_e_inc_num,Number of incident tuberculosis cases,ERI,Eritrea,2010,,7600.0,,6200.0,9200.0,7600 [6200-9200],Incidence Count,N/A
TB_e_inc_num,Number of incident tuberculosis cases,ERI,Eritrea,2009,,8100.0,,6600.0,9800.0,8100 [6600-9800],Incidence Count,N/A
TB_e_inc_num,Number of incident tuberculosis cases,ERI,Eritrea,2008,,8800.0,,7100.0,11000.0,8800 [7100-11 000],Incidence Count,N/A
TB_e_inc_num,Number of incident tuberculosis cases,ERI,Eritrea,2007,,11000.0,,9300.0,14000.0,11 000 [9300-14 000],Incidence Count,N/A
TB_e_inc_num,Number of incident tuberculosis cases,ERI,Eritrea,2006,,10000.0,,8200.0,12000.0,10 000 [8200-12 000],Incidence Count,N/A
TB_e_inc_num,Number of incident tuberculosis cases,ERI,Eritrea,2005,,13000.0,,10000.0,15000.0,13 000 [10 000-15 000],Incidence Count,N/A
TB_e_inc_num,Number of incident tuberculosis cases,ERI,Eritrea,2004,,16000.0,,13000.0,19000.0,16 000 [13 000-19 000],Incidence Count,N/A
TB_e_inc_num,Number of incident tuberculosis cases,ERI,Eritrea,2003,,19000.0,,15000.0,23000.0,19 000 [15 000-23 000],Incidence Count,N/A
TB_e_inc_num,Number of incident tuberculosis cases,ERI,Eritrea,2002,,12000.0,,9700.0,14000.0,12 000 [9700-14 000],Incidence Count,N/A
TB_e_inc_num,Number of incident tuberculosis cases,ERI,Eritrea,2001,,12000.0,,10000.0,15000.0,12 000 [10 000-15 000],Incidence Count,N/A
TB_e_inc_num,Number of incident tuberculosis cases,ERI,Eritrea,2000,,32000.0,,26000.0,39000.0,32 000 [26 000-39 000],Incidence Count,N/A
TB_e_inc_num,Number of incident tuberculosis cases,ETH,Ethiopia,2024,,186000.0,,97000.0,302000.0,186 000 [97 000-302 000],Incidence Count,N/A
TB_e_inc_num,Number of incident tuberculosis cases,ETH,Ethiopia,2023,,184000.0,,93000.0,305000.0,184 000 [93 000-305 000],Incidence Count,N/A
TB_e_inc_num,Number of incident tuberculosis cases,ETH,Ethiopia,2022,,184000.0,,91000.0,309000.0,184 000 [91 000-309 000],Incidence Count,N/A
TB_e_inc_num,Number of incident tuberculosis cases,ETH,Ethiopia,2021,,184000.0,,89000.0,313000.0,184 000 [89 000-313 000],Incidence Count,N/A
TB_e_inc_num,Number of incident tuberculosis cases,ETH,Ethiopia,2020,,186000.0,,89000.0,318000.0,186 000 [89 000-318 000],Incidence Count,N/A
TB_e_inc_num,Number of incident tuberculosis cases,ETH,Ethiopia,2019,,188000.0,,89000.0,324000.0,188 000 [89 000-324 000],Incidence Count,N/A
TB_e_inc_num,Number of incident tuberculosis cases,ETH,Ethiopia,2018,,192000.0,,91000.0,330000.0,192 000 [91 000-330 000],Incidence Count,N/A
TB_e_inc_num,Number of incident tuberculosis cases,ETH,Ethiopia,2017,,196000.0,,94000.0,337000.0,196 000 [94 000-337 000],Incidence Count,N/A
TB_e_inc_num,Number of incident tuberculosis cases,ETH,Ethiopia,2016,,202000.0,,97000.0,344000.0,202 000 [97 000-344 000],Incidence Count,N/A
TB_e_inc_num,Number of incident tuberculosis cases,ETH,Ethiopia,2015,,207000.0,,101000.0,351000.0,207 000 [101 000-351 000],Incidence Count,N/A
TB_e_inc_num,Number of incident tuberculosis cases,ETH,Ethiopia,2014,,214000.0,,106000.0,359000.0,214 000 [106 000-359 000],Incidence Count,N/A
TB_e_inc_num,Number of incident tuberculosis cases,ETH,Ethiopia,2013,,221000.0,,111000.0,367000.0,221 000 [111 000-367 000],Incidence Count,N/A
TB_e_inc_num,Number of incident tuberculosis cases,ETH,Ethiopia,2012,,228000.0,,117000.0,376000.0,228 000 [117 000-376 000],Incidence Count,N/A
TB_e_inc_num,Number of incident tuberculosis cases,ETH,Ethiopia,2011,,236000.0,,124000.0,384000.0,236 000 [124 000-384 000],Incidence Count,N/A
TB_e_inc_num,Number of incident tuberculosis cases,ETH,Ethiopia,2010,,244000.0,,128000.0,396000.0,244 000 [128 000-396 000],Incidence Count,N/A
TB_e_inc_num,Number of incident tuberculosis cases,ETH,Ethiopia,2009,,252000.0,,133000.0,409000.0,252 000 [133 000-409 000],Incidence Count,N/A
TB_e_inc_num,Number of incident tuberculosis cases,ETH,Ethiopia,2008,,261000.0,,139000.0,421000.0,261 000 [139 000-421 000],Incidence Count,N/A
TB_e_inc_num,Number of incident tuberculosis cases,ETH,Ethiopia,2007,,269000.0,,144000.0,433000.0,269 000 [144 000-433 000],Incidence Count,N/A
TB_e_inc_num,Number of incident tuberculosis cases,ETH,Ethiopia,2006,,278000.0,,150000.0,444000.0,278 000 [150 000-444 000],Incidence Count,N/A
TB_e_inc_num,Number of incident tuberculosis cases,ETH,Ethiopia,2005,,287000.0,,157000.0,455000.0,287 000 [157 000-455 000],Incidence Count,N/A
TB_e_inc_num,Number of incident tuberculosis cases,ETH,Ethiopia,2004,,296000.0,,163000.0,466000.0,296 000 [163 000-466 000],Incidence Count,N/A
TB_e_inc_num,Number of incident tuberculosis cases,ETH,Ethiopia,2003,,304000.0,,170000.0,476000.0,304 000 [170 000-476 000],Incidence Count,N/A
TB_e_inc_num,Number of incident tuberculosis cases,ETH,Ethiopia,2002,,313000.0,,177000.0,486000.0,313 000 [177 000-486 000],Incidence Count,N/A
TB_e_inc_num,Number of incident tuberculosis cases,ETH,Ethiopia,2001,,321000.0,,184000.0,496000.0,321 000 [184 000-496 000],Incidence Count,N/A
TB_e_inc_num,Number of incident tuberculosis cases,ETH,Ethiopia,2000,,330000.0,,191000.0,505000.0,330 000 [191 000-505 000],Incidence Count,N/A
TB_e_inc_num,Number of incident tuberculosis cases,GAB,Gabon,2024,,9400.0,,5700.0,18000.0,9400 [5700-18 000],Incidence Count,N/A
TB_e_inc_num,Number of incident tuberculosis cases,GAB,Gabon,2023,,9400.0,,5800.0,18000.0,9400 [5800-18 000],Incidence Count,N/A
TB_e_inc_num,Number of incident tuberculosis cases,GAB,Gabon,2022,,9500.0,,5800.0,18000.0,9500 [5800-18 000],Incidence Count,N/A
TB_e_inc_num,Number of incident tuberculosis cases,GAB,Gabon,2021,,9500.0,,5800.0,18000.0,9500 [5800-18 000],Incidence Count,N/A
TB_e_inc_num,Number of incident tuberculosis cases,GAB,Gabon,2020,,9600.0,,5900.0,18000.0,9600 [5900-18 000],Incidence Count,N/A
TB_e_inc_num,Number of incident tuberculosis cases,GAB,Gabon,2019,,9700.0,,5900.0,19000.0,9700 [5900-19 000],Incidence Count,N/A
TB_e_inc_num,Number of incident tuberculosis cases,GAB,Gabon,2018,,9700.0,,5900.0,19000.0,9700 [5900-19 000],Incidence Count,N/A
TB_e_inc_num,Number of incident tuberculosis cases,GAB,Gabon,2017,,9800.0,,6000.0,19000.0,9800 [6000-19 000],Incidence Count,N/A
TB_e_inc_num,Number of incident tuberculosis cases,GAB,Gabon,2016,,10000.0,,6000.0,20000.0,10 000 [6000-20 000],Incidence Count,N/A
TB_e_inc_num,Number of incident tuberculosis cases,GAB,Gabon,2015,,10000.0,,6000.0,20000.0,10 000 [6000-20 000],Incidence Count,N/A
TB_e_inc_num,Number of incident tuberculosis cases,GAB,Gabon,2014,,9700.0,,5800.0,19000.0,9700 [5800-19 000],Incidence Count,N/A
TB_e_inc_num,Number of incident tuberculosis cases,GAB,Gabon,2013,,9300.0,,5600.0,19000.0,9300 [5600-19 000],Incidence Count,N/A
TB_e_inc_num,Number of incident tuberculosis cases,GAB,Gabon,2012,,8900.0,,5300.0,18000.0,8900 [5300-18 000],Incidence Count,N/A
TB_e_inc_num,Number of incident tuberculosis cases,GAB,Gabon,2011,,8500.0,,5100.0,17000.0,8500 [5100-17 000],Incidence Count,N/A
TB_e_inc_num,Number of incident tuberculosis cases,GAB,Gabon,2010,,7900.0,,4800.0,16000.0,7900 [4800-16 000],Incidence Count,N/A
TB_e_inc_num,Number of incident tuberculosis cases,GAB,Gabon,2009,,7400.0,,4500.0,15000.0,7400 [4500-15 000],Incidence Count,N/A
TB_e_inc_num,Number of incident tuberculosis cases,GAB,Gabon,2008,,6900.0,,4100.0,14000.0,6900 [4100-14 000],Incidence Count,N/A
TB_e_inc_num,Number of incident tuberculosis cases,GAB,Gabon,2007,,6300.0,,3800.0,12000.0,6300 [3800-12 000],Incidence Count,N/A
TB_e_inc_num,Number of incident tuberculosis cases,GAB,Gabon,2006,,5800.0,,3500.0,12000.0,5800 [3500-12 000],Incidence Count,N/A
TB_e_inc_num,Number of incident tuberculosis cases,GAB,Gabon,2005,,5500.0,,3300.0,11000.0,5500 [3300-11 000],Incidence Count,N/A
TB_e_inc_num,Number of incident tuberculosis cases,GAB,Gabon,2004,,5100.0,,3000.0,11000.0,5100 [3000-11 000],Incidence Count,N/A
TB_e_inc_num,Number of incident tuberculosis cases,GAB,Gabon,2003,,4800.0,,2800.0,10000.0,4800 [2800-10 000],Incidence Count,N/A
TB_e_inc_num,Number of incident tuberculosis cases,GAB,Gabon,2002,,4600.0,,2600.0,10000.0,4600 [2600-10 000],Incidence Count,N/A
TB_e_inc_num,Number of incident tuberculosis cases,GAB,Gabon,2001,,4400.0,,2400.0,10000.0,4400 [2400-10 000],Incidence Count,N/A
TB_e_inc_num,Number of incident tuberculosis cases,GAB,Gabon,2000,,4200.0,,2300.0,10000.0,4200 [2300-10 000],Incidence Count,N/A
TB_e_inc_num,Number of incident tuberculosis cases,GHA,Ghana,2024,,43000.0,,19000.0,77000.0,43 000 [19 000-77 000],Incidence Count,N/A
TB_e_inc_num,Number of incident tuberculosis cases,GHA,Ghana,2023,,44000.0,,19000.0,78000.0,44 000 [19 000-78 000],Incidence Count,N/A
TB_e_inc_num,Number of incident tuberculosis cases,GHA,Ghana,2022,,44000.0,,20000.0,78000.0,44 000 [20 000-78 000],Incidence Count,N/A
TB_e_inc_num,Number of incident tuberculosis cases,GHA,Ghana,2021,,44000.0,,21000.0,77000.0,44 000 [21 000-77 000],Incidence Count,N/A
TB_e_inc_num,Number of incident tuberculosis cases,GHA,Ghana,2020,,45000.0,,21000.0,77000.0,45 000 [21 000-77 000],Incidence Count,N/A
TB_e_inc_num,Number of incident tuberculosis cases,GHA,Ghana,2019,,45000.0,,22000.0,76000.0,45 000 [22 000-76 000],Incidence Count,N/A
TB_e_inc_num,Number of incident tuberculosis cases,GHA,Ghana,2018,,45000.0,,21000.0,78000.0,45 000 [21 000-78 000],Incidence Count,N/A
TB_e_inc_num,Number of incident tuberculosis cases,GHA,Ghana,2017,,46000.0,,21000.0,79000.0,46 000 [21 000-79 000],Incidence Count,N/A
TB_e_inc_num,Number of incident tuberculosis cases,GHA,Ghana,2016,,46000.0,,21000.0,81000.0,46 000 [21 000-81 000],Incidence Count,N/A
TB_e_inc_num,Number of incident tuberculosis cases,GHA,Ghana,2015,,46000.0,,20000.0,82000.0,46 000 [20 000-82 000],Incidence Count,N/A
TB_e_inc_num,Number of incident tuberculosis cases,GHA,Ghana,2014,,46000.0,,20000.0,84000.0,46 000 [20 000-84 000],Incidence Count,N/A
TB_e_inc_num,Number of incident tuberculosis cases,GHA,Ghana,2013,,46000.0,,19000.0,84000.0,46 000 [19 000-84 000],Incidence Count,N/A
TB_e_inc_num,Number of incident tuberculosis cases,GHA,Ghana,2012,,46000.0,,19000.0,86000.0,46 000 [19 000-86 000],Incidence Count,N/A
TB_e_inc_num,Number of incident tuberculosis cases,GHA,Ghana,2011,,46000.0,,18000.0,87000.0,46 000 [18 000-87 000],Incidence Count,N/A
TB_e_inc_num,Number of incident tuberculosis cases,GHA,Ghana,2010,,47000.0,,18000.0,88000.0,47 000 [18 000-88 000],Incidence Count,N/A
TB_e_inc_num,Number of incident tuberculosis cases,GHA,Ghana,2009,,47000.0,,18000.0,89000.0,47 000 [18 000-89 000],Incidence Count,N/A
TB_e_inc_num,Number of incident tuberculosis cases,GHA,Ghana,2008,,46000.0,,17000.0,90000.0,46 000 [17 000-90 000],Incidence Count,N/A
TB_e_inc_num,Number of incident tuberculosis cases,GHA,Ghana,2007,,46000.0,,17000.0,91000.0,46 000 [17 000-91 000],Incidence Count,N/A
TB_e_inc_num,Number of incident tuberculosis cases,GHA,Ghana,2006,,46000.0,,16000.0,91000.0,46 000 [16 000-91 000],Incidence Count,N/A
TB_e_inc_num,Number of incident tuberculosis cases,GHA,Ghana,2005,,46000.0,,16000.0,91000.0,46 000 [16 000-91 000],Incidence Count,N/A
TB_e_inc_num,Number of incident tuberculosis cases,GHA,Ghana,2004,,45000.0,,15000.0,91000.0,45 000 [15 000-91 000],Incidence Count,N/A
TB_e_inc_num,Number of incident tuberculosis cases,GHA,Ghana,2003,,45000.0,,14000.0,91000.0,45 000 [14 000-91 000],Incidence Count,N/A
TB_e_inc_num,Number of incident tuberculosis cases,GHA,Ghana,2002,,44000.0,,14000.0,91000.0,44 000 [14 000-91 000],Incidence Count,N/A
TB_e_inc_num,Number of incident tuberculosis cases,GHA,Ghana,2001,,43000.0,,13000.0,91000.0,43 000 [13 000-91 000],Incidence Count,N/A
TB_e_inc_num,Number of incident tuberculosis cases,GHA,Ghana,2000,,42000.0,,13000.0,90000.0,42 000 [13 000-90 000],Incidence Count,N/A
TB_e_inc_num,Number of incident tuberculosis cases,GIN,Guinea,2024,,26000.0,,16000.0,50000.0,26 000 [16 000-50 000],Incidence Count,N/A
TB_e_inc_num,Number of incident tuberculosis cases,GIN,Guinea,2023,,26000.0,,16000.0,49000.0,26 000 [16 000-49 000],Incidence Count,N/A
TB_e_inc_num,Number of incident tuberculosis cases,GIN,Guinea,2022,,25000.0,,15000.0,48000.0,25 000 [15 000-48 000],Incidence Count,N/A
TB_e_inc_num,Number of incident tuberculosis cases,GIN,Guinea,2021,,25000.0,,15000.0,47000.0,25 000 [15 000-47 000],Incidence Count,N/A
TB_e_inc_num,Number of incident tuberculosis cases,GIN,Guinea,2020,,24000.0,,15000.0,46000.0,24 000 [15 000-46 000],Incidence Count,N/A
TB_e_inc_num,Number of incident tuberculosis cases,GIN,Guinea,2019,,23000.0,,14000.0,45000.0,23 000 [14 000-45 000],Incidence Count,N/A
TB_e_inc_num,Number of incident tuberculosis cases,GIN,Guinea,2018,,23000.0,,14000.0,44000.0,23 000 [14 000-44 000],Incidence Count,N/A
TB_e_inc_num,Number of incident tuberculosis cases,GIN,Guinea,2017,,22000.0,,13000.0,44000.0,22 000 [13 000-44 000],Incidence Count,N/A
TB_e_inc_num,Number of incident tuberculosis cases,GIN,Guinea,2016,,21000.0,,13000.0,43000.0,21 000 [13 000-43 000],Incidence Count,N/A
TB_e_inc_num,Number of incident tuberculosis cases,GIN,Guinea,2015,,21000.0,,12000.0,43000.0,21 000 [12 000-43 000],Incidence Count,N/A
TB_e_inc_num,Number of incident tuberculosis cases,GIN,Guinea,2014,,21000.0,,12000.0,44000.0,21 000 [12 000-44 000],Incidence Count,N/A
TB_e_inc_num,Number of incident tuberculosis cases,GIN,Guinea,2013,,20000.0,,12000.0,44000.0,20 000 [12 000-44 000],Incidence Count,N/A
TB_e_inc_num,Number of incident tuberculosis cases,GIN,Guinea,2012,,20000.0,,11000.0,45000.0,20 000 [11 000-45 000],Incidence Count,N/A
TB_e_inc_num,Number of incident tuberculosis cases,GIN,Guinea,2011,,20000.0,,11000.0,44000.0,20 000 [11 000-44 000],Incidence Count,N/A
TB_e_inc_num,Number of incident tuberculosis cases,GIN,Guinea,2010,,20000.0,,11000.0,44000.0,20 000 [11 000-44 000],Incidence Count,N/A
TB_e_inc_num,Number of incident tuberculosis cases,GIN,Guinea,2009,,19000.0,,11000.0,43000.0,19 000 [11 000-43 000],Incidence Count,N/A
TB_e_inc_num,Number of incident tuberculosis cases,GIN,Guinea,2008,,18000.0,,10000.0,42000.0,18 000 [10 000-42 000],Incidence Count,N/A
TB_e_inc_num,Number of incident tuberculosis cases,GIN,Guinea,2007,,18000.0,,9800.0,41000.0,18 000 [9800-41 000],Incidence Count,N/A
TB_e_inc_num,Number of incident tuberculosis cases,GIN,Guinea,2006,,17000.0,,9200.0,39000.0,17 000 [9200-39 000],Incidence Count,N/A
TB_e_inc_num,Number of incident tuberculosis cases,GIN,Guinea,2005,,16000.0,,8600.0,38000.0,16 000 [8600-38 000],Incidence Count,N/A
TB_e_inc_num,Number of incident tuberculosis cases,GIN,Guinea,2004,,15000.0,,8000.0,36000.0,15 000 [8000-36 000],Incidence Count,N/A
TB_e_inc_num,Number of incident tuberculosis cases,GIN,Guinea,2003,,14000.0,,7300.0,35000.0,14 000 [7300-35 000],Incidence Count,N/A
TB_e_inc_num,Number of incident tuberculosis cases,GIN,Guinea,2002,,12000.0,,6500.0,33000.0,12 000 [6500-33 000],Incidence Count,N/A
TB_e_inc_num,Number of incident tuberculosis cases,GIN,Guinea,2001,,11000.0,,5800.0,31000.0,11 000 [5800-31 000],Incidence Count,N/A
TB_e_inc_num,Number of incident tuberculosis cases,GIN,Guinea,2000,,10000.0,,5000.0,29000.0,10 000 [5000-29 000],Incidence Count,N/A
TB_e_inc_num,Number of incident tuberculosis cases,GMB,Gambia,2024,,3800.0,,2700.0,5100.0,3800 [2700-5100],Incidence Count,N/A
TB_e_inc_num,Number of incident tuberculosis cases,GMB,Gambia,2023,,3800.0,,2700.0,5100.0,3800 [2700-5100],Incidence Count,N/A
TB_e_inc_num,Number of incident tuberculosis cases,GMB,Gambia,2022,,3800.0,,2800.0,5100.0,3800 [2800-5100],Incidence Count,N/A
TB_e_inc_num,Number of incident tuberculosis cases,GMB,Gambia,2021,,3800.0,,2800.0,5100.0,3800 [2800-5100],Incidence Count,N/A
TB_e_inc_num,Number of incident tuberculosis cases,GMB,Gambia,2020,,3900.0,,2800.0,5000.0,3900 [2800-5000],Incidence Count,N/A
TB_e_inc_num,Number of incident tuberculosis cases,GMB,Gambia,2019,,3900.0,,2900.0,5000.0,3900 [2900-5000],Incidence Count,N/A
TB_e_inc_num,Number of incident tuberculosis cases,GMB,Gambia,2018,,3900.0,,2900.0,5100.0,3900 [2900-5100],Incidence Count,N/A
TB_e_inc_num,Number of incident tuberculosis cases,GMB,Gambia,2017,,3900.0,,2800.0,5100.0,3900 [2800-5100],Incidence Count,N/A
TB_e_inc_num,Number of incident tuberculosis cases,GMB,Gambia,2016,,3900.0,,2800.0,5100.0,3900 [2800-5100],Incidence Count,N/A
TB_e_inc_num,Number of incident tuberculosis cases,GMB,Gambia,2015,,3800.0,,2800.0,5100.0,3800 [2800-5100],Incidence Count,N/A
TB_e_inc_num,Number of incident tuberculosis cases,GMB,Gambia,2014,,3800.0,,2700.0,5000.0,3800 [2700-5000],Incidence Count,N/A
TB_e_inc_num,Number of incident tuberculosis cases,GMB,Gambia,2013,,3700.0,,2700.0,4900.0,3700 [2700-4900],Incidence Count,N/A
TB_e_inc_num,Number of incident tuberculosis cases,GMB,Gambia,2012,,3600.0,,2700.0,4700.0,3600 [2700-4700],Incidence Count,N/A
TB_e_inc_num,Number of incident tuberculosis cases,GMB,Gambia,2011,,3500.0,,2600.0,4600.0,3500 [2600-4600],Incidence Count,N/A
TB_e_inc_num,Number of incident tuberculosis cases,GMB,Gambia,2010,,3400.0,,2100.0,5100.0,3400 [2100-5100],Incidence Count,N/A
TB_e_inc_num,Number of incident tuberculosis cases,GMB,Gambia,2009,,3400.0,,2400.0,4500.0,3400 [2400-4500],Incidence Count,N/A
TB_e_inc_num,Number of incident tuberculosis cases,GMB,Gambia,2008,,3300.0,,2400.0,4400.0,3300 [2400-4400],Incidence Count,N/A
TB_e_inc_num,Number of incident tuberculosis cases,GMB,Gambia,2007,,3300.0,,1900.0,5000.0,3300 [1900-5000],Incidence Count,N/A
TB_e_inc_num,Number of incident tuberculosis cases,GMB,Gambia,2006,,3200.0,,1900.0,4900.0,3200 [1900-4900],Incidence Count,N/A
TB_e_inc_num,Number of incident tuberculosis cases,GMB,Gambia,2005,,3200.0,,2300.0,4200.0,3200 [2300-4200],Incidence Count,N/A
TB_e_inc_num,Number of incident tuberculosis cases,GMB,Gambia,2004,,3100.0,,2400.0,3900.0,3100 [2400-3900],Incidence Count,N/A
TB_e_inc_num,Number of incident tuberculosis cases,GMB,Gambia,2003,,3000.0,,2200.0,4000.0,3000 [2200-4000],Incidence Count,N/A
TB_e_inc_num,Number of incident tuberculosis cases,GMB,Gambia,2002,,2900.0,,2100.0,3900.0,2900 [2100-3900],Incidence Count,N/A
TB_e_inc_num,Number of incident tuberculosis cases,GMB,Gambia,2001,,2800.0,,1900.0,3900.0,2800 [1900-3900],Incidence Count,N/A
TB_e_inc_num,Number of incident tuberculosis cases,GMB,Gambia,2000,,2700.0,,1800.0,3800.0,2700 [1800-3800],Incidence Count,N/A
TB_e_inc_num,Number of incident tuberculosis cases,GNB,Guinea-Bissau,2024,,3900.0,,2400.0,7400.0,3900 [2400-7400],Incidence Count,N/A
TB_e_inc_num,Number of incident tuberculosis cases,GNB,Guinea-Bissau,2023,,3800.0,,2400.0,7300.0,3800 [2400-7300],Incidence Count,N/A
TB_e_inc_num,Number of incident tuberculosis cases,GNB,Guinea-Bissau,2022,,3800.0,,2300.0,7200.0,3800 [2300-7200],Incidence Count,N/A
TB_e_inc_num,Number of incident tuberculosis cases,GNB,Guinea-Bissau,2021,,3800.0,,2300.0,7100.0,3800 [2300-7100],Incidence Count,N/A
TB_e_inc_num,Number of incident tuberculosis cases,GNB,Guinea-Bissau,2020,,3700.0,,2300.0,7100.0,3700 [2300-7100],Incidence Count,N/A
TB_e_inc_num,Number of incident tuberculosis cases,GNB,Guinea-Bissau,2019,,3700.0,,2300.0,7200.0,3700 [2300-7200],Incidence Count,N/A
TB_e_inc_num,Number of incident tuberculosis cases,GNB,Guinea-Bissau,2018,,3700.0,,2300.0,7200.0,3700 [2300-7200],Incidence Count,N/A
TB_e_inc_num,Number of incident tuberculosis cases,GNB,Guinea-Bissau,2017,,3700.0,,2200.0,7300.0,3700 [2200-7300],Incidence Count,N/A
TB_e_inc_num,Number of incident tuberculosis cases,GNB,Guinea-Bissau,2016,,3700.0,,2200.0,7500.0,3700 [2200-7500],Incidence Count,N/A
TB_e_inc_num,Number of incident tuberculosis cases,GNB,Guinea-Bissau,2015,,3700.0,,2200.0,7700.0,3700 [2200-7700],Incidence Count,N/A
TB_e_inc_num,Number of incident tuberculosis cases,GNB,Guinea-Bissau,2014,,3800.0,,2200.0,7900.0,3800 [2200-7900],Incidence Count,N/A
TB_e_inc_num,Number of incident tuberculosis cases,GNB,Guinea-Bissau,2013,,3900.0,,2300.0,8300.0,3900 [2300-8300],Incidence Count,N/A
TB_e_inc_num,Number of incident tuberculosis cases,GNB,Guinea-Bissau,2012,,4000.0,,2300.0,8600.0,4000 [2300-8600],Incidence Count,N/A
TB_e_inc_num,Number of incident tuberculosis cases,GNB,Guinea-Bissau,2011,,4100.0,,2300.0,8900.0,4100 [2300-8900],Incidence Count,N/A
TB_e_inc_num,Number of incident tuberculosis cases,GNB,Guinea-Bissau,2010,,4200.0,,2400.0,9100.0,4200 [2400-9100],Incidence Count,N/A
TB_e_inc_num,Number of incident tuberculosis cases,GNB,Guinea-Bissau,2009,,4200.0,,2400.0,9300.0,4200 [2400-9300],Incidence Count,N/A
TB_e_inc_num,Number of incident tuberculosis cases,GNB,Guinea-Bissau,2008,,4200.0,,2400.0,9300.0,4200 [2400-9300],Incidence Count,N/A
TB_e_inc_num,Number of incident tuberculosis cases,GNB,Guinea-Bissau,2007,,4200.0,,2300.0,9300.0,4200 [2300-9300],Incidence Count,N/A
TB_e_inc_num,Number of incident tuberculosis cases,GNB,Guinea-Bissau,2006,,4000.0,,2300.0,9200.0,4000 [2300-9200],Incidence Count,N/A
TB_e_inc_num,Number of incident tuberculosis cases,GNB,Guinea-Bissau,2005,,3900.0,,2200.0,9000.0,3900 [2200-9000],Incidence Count,N/A
TB_e_inc_num,Number of incident tuberculosis cases,GNB,Guinea-Bissau,2004,,3700.0,,2000.0,8700.0,3700 [2000-8700],Incidence Count,N/A
TB_e_inc_num,Number of incident tuberculosis cases,GNB,Guinea-Bissau,2003,,3400.0,,1900.0,8400.0,3400 [1900-8400],Incidence Count,N/A
TB_e_inc_num,Number of incident tuberculosis cases,GNB,Guinea-Bissau,2002,,3200.0,,1700.0,8000.0,3200 [1700-8000],Incidence Count,N/A
TB_e_inc_num,Number of incident tuberculosis cases,GNB,Guinea-Bissau,2001,,2800.0,,1500.0,7500.0,2800 [1500-7500],Incidence Count,N/A
TB_e_inc_num,Number of incident tuberculosis cases,GNB,Guinea-Bissau,2000,,2500.0,,1300.0,7000.0,2500 [1300-7000],Incidence Count,N/A
TB_e_inc_num,Number of incident tuberculosis cases,GNQ,Equatorial Guinea,2024,,3800.0,,2300.0,7300.0,3800 [2300-7300],Incidence Count,N/A
TB_e_inc_num,Number of incident tuberculosis cases,GNQ,Equatorial Guinea,2023,,3800.0,,2300.0,7300.0,3800 [2300-7300],Incidence Count,N/A
TB_e_inc_num,Number of incident tuberculosis cases,GNQ,Equatorial Guinea,2022,,3700.0,,2300.0,7200.0,3700 [2300-7200],Incidence Count,N/A
TB_e_inc_num,Number of incident tuberculosis cases,GNQ,Equatorial Guinea,2021,,3700.0,,2300.0,7200.0,3700 [2300-7200],Incidence Count,N/A
TB_e_inc_num,Number of incident tuberculosis cases,GNQ,Equatorial Guinea,2020,,3700.0,,2300.0,7200.0,3700 [2300-7200],Incidence Count,N/A
TB_e_inc_num,Number of incident tuberculosis cases,GNQ,Equatorial Guinea,2019,,3700.0,,2200.0,7100.0,3700 [2200-7100],Incidence Count,N/A
TB_e_inc_num,Number of incident tuberculosis cases,GNQ,Equatorial Guinea,2018,,3600.0,,2200.0,7000.0,3600 [2200-7000],Incidence Count,N/A
TB_e_inc_num,Number of incident tuberculosis cases,GNQ,Equatorial Guinea,2017,,3600.0,,2200.0,6900.0,3600 [2200-6900],Incidence Count,N/A
TB_e_inc_num,Number of incident tuberculosis cases,GNQ,Equatorial Guinea,2016,,3500.0,,2100.0,6800.0,3500 [2100-6800],Incidence Count,N/A
TB_e_inc_num,Number of incident tuberculosis cases,GNQ,Equatorial Guinea,2015,,3500.0,,2100.0,6700.0,3500 [2100-6700],Incidence Count,N/A
TB_e_inc_num,Number of incident tuberculosis cases,GNQ,Equatorial Guinea,2014,,3400.0,,2100.0,6600.0,3400 [2100-6600],Incidence Count,N/A
TB_e_inc_num,Number of incident tuberculosis cases,GNQ,Equatorial Guinea,2013,,3300.0,,2000.0,6500.0,3300 [2000-6500],Incidence Count,N/A
TB_e_inc_num,Number of incident tuberculosis cases,GNQ,Equatorial Guinea,2012,,3300.0,,2000.0,6400.0,3300 [2000-6400],Incidence Count,N/A
TB_e_inc_num,Number of incident tuberculosis cases,GNQ,Equatorial Guinea,2011,,3200.0,,2000.0,6200.0,3200 [2000-6200],Incidence Count,N/A
TB_e_inc_num,Number of incident tuberculosis cases,GNQ,Equatorial Guinea,2010,,3100.0,,1900.0,6100.0,3100 [1900-6100],Incidence Count,N/A
TB_e_inc_num,Number of incident tuberculosis cases,GNQ,Equatorial Guinea,2009,,3100.0,,1900.0,5900.0,3100 [1900-5900],Incidence Count,N/A
TB_e_inc_num,Number of incident tuberculosis cases,GNQ,Equatorial Guinea,2008,,3000.0,,1800.0,5800.0,3000 [1800-5800],Incidence Count,N/A
TB_e_inc_num,Number of incident tuberculosis cases,GNQ,Equatorial Guinea,2007,,2900.0,,1800.0,5600.0,2900 [1800-5600],Incidence Count,N/A
TB_e_inc_num,Number of incident tuberculosis cases,GNQ,Equatorial Guinea,2006,,2800.0,,1700.0,5500.0,2800 [1700-5500],Incidence Count,N/A
TB_e_inc_num,Number of incident tuberculosis cases,GNQ,Equatorial Guinea,2005,,2800.0,,1700.0,5400.0,2800 [1700-5400],Incidence Count,N/A
TB_e_inc_num,Number of incident tuberculosis cases,GNQ,Equatorial Guinea,2004,,2700.0,,1600.0,5200.0,2700 [1600-5200],Incidence Count,N/A
TB_e_inc_num,Number of incident tuberculosis cases,GNQ,Equatorial Guinea,2003,,2600.0,,1600.0,5000.0,2600 [1600-5000],Incidence Count,N/A
TB_e_inc_num,Number of incident tuberculosis cases,GNQ,Equatorial Guinea,2002,,2500.0,,1500.0,4800.0,2500 [1500-4800],Incidence Count,N/A
TB_e_inc_num,Number of incident tuberculosis cases,GNQ,Equatorial Guinea,2001,,2400.0,,1400.0,4600.0,2400 [1400-4600],Incidence Count,N/A
TB_e_inc_num,Number of incident tuberculosis cases,GNQ,Equatorial Guinea,2000,,2300.0,,1400.0,4400.0,2300 [1400-4400],Incidence Count,N/A
TB_e_inc_num,Number of incident tuberculosis cases,KEN,Kenya,2024,,117000.0,,61000.0,191000.0,117 000 [61 000-191 000],Incidence Count,N/A
TB_e_inc_num,Number of incident tuberculosis cases,KEN,Kenya,2023,,119000.0,,65000.0,190000.0,119 000 [65 000-190 000],Incidence Count,N/A
TB_e_inc_num,Number of incident tuberculosis cases,KEN,Kenya,2022,,129000.0,,74000.0,204000.0,129 000 [74 000-204 000],Incidence Count,N/A
TB_e_inc_num,Number of incident tuberculosis cases,KEN,Kenya,2021,,132000.0,,77000.0,201000.0,132 000 [77 000-201 000],Incidence Count,N/A
TB_e_inc_num,Number of incident tuberculosis cases,KEN,Kenya,2020,,129000.0,,79000.0,197000.0,129 000 [79 000-197 000],Incidence Count,N/A
TB_e_inc_num,Number of incident tuberculosis cases,KEN,Kenya,2019,,137000.0,,84000.0,203000.0,137 000 [84 000-203 000],Incidence Count,N/A
TB_e_inc_num,Number of incident tuberculosis cases,KEN,Kenya,2018,,146000.0,,85000.0,224000.0,146 000 [85 000-224 000],Incidence Count,N/A
TB_e_inc_num,Number of incident tuberculosis cases,KEN,Kenya,2017,,157000.0,,86000.0,248000.0,157 000 [86 000-248 000],Incidence Count,N/A
TB_e_inc_num,Number of incident tuberculosis cases,KEN,Kenya,2016,,168000.0,,86000.0,276000.0,168 000 [86 000-276 000],Incidence Count,N/A
TB_e_inc_num,Number of incident tuberculosis cases,KEN,Kenya,2015,,179000.0,,86000.0,307000.0,179 000 [86 000-307 000],Incidence Count,N/A
TB_e_inc_num,Number of incident tuberculosis cases,KEN,Kenya,2014,,195000.0,,84000.0,351000.0,195 000 [84 000-351 000],Incidence Count,N/A
TB_e_inc_num,Number of incident tuberculosis cases,KEN,Kenya,2013,,199000.0,,82000.0,367000.0,199 000 [82 000-367 000],Incidence Count,N/A
TB_e_inc_num,Number of incident tuberculosis cases,KEN,Kenya,2012,,207000.0,,79000.0,394000.0,207 000 [79 000-394 000],Incidence Count,N/A
TB_e_inc_num,Number of incident tuberculosis cases,KEN,Kenya,2011,,217000.0,,76000.0,429000.0,217 000 [76 000-429 000],Incidence Count,N/A
TB_e_inc_num,Number of incident tuberculosis cases,KEN,Kenya,2010,,221000.0,,73000.0,449000.0,221 000 [73 000-449 000],Incidence Count,N/A
TB_e_inc_num,Number of incident tuberculosis cases,KEN,Kenya,2009,,229000.0,,68000.0,484000.0,229 000 [68 000-484 000],Incidence Count,N/A
TB_e_inc_num,Number of incident tuberculosis cases,KEN,Kenya,2008,,221000.0,,66000.0,467000.0,221 000 [66 000-467 000],Incidence Count,N/A
TB_e_inc_num,Number of incident tuberculosis cases,KEN,Kenya,2007,,235000.0,,60000.0,525000.0,235 000 [60 000-525 000],Incidence Count,N/A
TB_e_inc_num,Number of incident tuberculosis cases,KEN,Kenya,2006,,239000.0,,56000.0,549000.0,239 000 [56 000-549 000],Incidence Count,N/A
TB_e_inc_num,Number of incident tuberculosis cases,KEN,Kenya,2005,,225000.0,,56000.0,510000.0,225 000 [56 000-510 000],Incidence Count,N/A
TB_e_inc_num,Number of incident tuberculosis cases,KEN,Kenya,2004,,220000.0,,54000.0,500000.0,220 000 [54 000-500 000],Incidence Count,N/A
TB_e_inc_num,Number of incident tuberculosis cases,KEN,Kenya,2003,,205000.0,,54000.0,455000.0,205 000 [54 000-455 000],Incidence Count,N/A
TB_e_inc_num,Number of incident tuberculosis cases,KEN,Kenya,2002,,174000.0,,57000.0,356000.0,174 000 [57 000-356 000],Incidence Count,N/A
TB_e_inc_num,Number of incident tuberculosis cases,KEN,Kenya,2001,,158000.0,,56000.0,310000.0,158 000 [56 000-310 000],Incidence Count,N/A
TB_e_inc_num,Number of incident tuberculosis cases,KEN,Kenya,2000,,138000.0,,56000.0,257000.0,138 000 [56 000-257 000],Incidence Count,N/A
TB_e_inc_num,Number of incident tuberculosis cases,LBR,Liberia,2024,,12000.0,,7100.0,23000.0,12 000 [7100-23 000],Incidence Count,N/A
TB_e_inc_num,Number of incident tuberculosis cases,LBR,Liberia,2023,,12000.0,,7200.0,23000.0,12 000 [7200-23 000],Incidence Count,N/A
TB_e_inc_num,Number of incident tuberculosis cases,LBR,Liberia,2022,,12000.0,,7400.0,23000.0,12 000 [7400-23 000],Incidence Count,N/A
TB_e_inc_num,Number of incident tuberculosis cases,LBR,Liberia,2021,,12000.0,,7500.0,23000.0,12 000 [7500-23 000],Incidence Count,N/A
TB_e_inc_num,Number of incident tuberculosis cases,LBR,Liberia,2020,,12000.0,,7600.0,24000.0,12 000 [7600-24 000],Incidence Count,N/A
TB_e_inc_num,Number of incident tuberculosis cases,LBR,Liberia,2019,,13000.0,,7700.0,24000.0,13 000 [7700-24 000],Incidence Count,N/A
TB_e_inc_num,Number of incident tuberculosis cases,LBR,Liberia,2018,,13000.0,,7700.0,25000.0,13 000 [7700-25 000],Incidence Count,N/A
TB_e_inc_num,Number of incident tuberculosis cases,LBR,Liberia,2017,,13000.0,,7800.0,26000.0,13 000 [7800-26 000],Incidence Count,N/A
TB_e_inc_num,Number of incident tuberculosis cases,LBR,Liberia,2016,,13000.0,,7900.0,27000.0,13 000 [7900-27 000],Incidence Count,N/A
TB_e_inc_num,Number of incident tuberculosis cases,LBR,Liberia,2015,,13000.0,,8000.0,28000.0,13 000 [8000-28 000],Incidence Count,N/A
TB_e_inc_num,Number of incident tuberculosis cases,LBR,Liberia,2014,,14000.0,,8100.0,29000.0,14 000 [8100-29 000],Incidence Count,N/A
TB_e_inc_num,Number of incident tuberculosis cases,LBR,Liberia,2013,,14000.0,,8200.0,30000.0,14 000 [8200-30 000],Incidence Count,N/A
TB_e_inc_num,Number of incident tuberculosis cases,LBR,Liberia,2012,,14000.0,,8200.0,30000.0,14 000 [8200-30 000],Incidence Count,N/A
TB_e_inc_num,Number of incident tuberculosis cases,LBR,Liberia,2011,,14000.0,,8000.0,30000.0,14 000 [8000-30 000],Incidence Count,N/A
TB_e_inc_num,Number of incident tuberculosis cases,LBR,Liberia,2010,,13000.0,,7700.0,29000.0,13 000 [7700-29 000],Incidence Count,N/A
TB_e_inc_num,Number of incident tuberculosis cases,LBR,Liberia,2009,,13000.0,,7400.0,28000.0,13 000 [7400-28 000],Incidence Count,N/A
TB_e_inc_num,Number of incident tuberculosis cases,LBR,Liberia,2008,,12000.0,,7000.0,27000.0,12 000 [7000-27 000],Incidence Count,N/A
TB_e_inc_num,Number of incident tuberculosis cases,LBR,Liberia,2007,,11000.0,,6400.0,25000.0,11 000 [6400-25 000],Incidence Count,N/A
TB_e_inc_num,Number of incident tuberculosis cases,LBR,Liberia,2006,,10000.0,,5700.0,23000.0,10 000 [5700-23 000],Incidence Count,N/A
TB_e_inc_num,Number of incident tuberculosis cases,LBR,Liberia,2005,,8800.0,,4900.0,20000.0,8800 [4900-20 000],Incidence Count,N/A
TB_e_inc_num,Number of incident tuberculosis cases,LBR,Liberia,2004,,7700.0,,4300.0,18000.0,7700 [4300-18 000],Incidence Count,N/A
TB_e_inc_num,Number of incident tuberculosis cases,LBR,Liberia,2003,,6800.0,,3700.0,16000.0,6800 [3700-16 000],Incidence Count,N/A
TB_e_inc_num,Number of incident tuberculosis cases,LBR,Liberia,2002,,5800.0,,3100.0,14000.0,5800 [3100-14 000],Incidence Count,N/A
TB_e_inc_num,Number of incident tuberculosis cases,LBR,Liberia,2001,,4600.0,,2400.0,12000.0,4600 [2400-12 000],Incidence Count,N/A
TB_e_inc_num,Number of incident tuberculosis cases,LBR,Liberia,2000,,3400.0,,1700.0,9300.0,3400 [1700-9300],Incidence Count,N/A
TB_e_inc_num,Number of incident tuberculosis cases,LSO,Lesotho,2024,,13000.0,,7100.0,20000.0,13 000 [7100-20 000],Incidence Count,N/A
TB_e_inc_num,Number of incident tuberculosis cases,LSO,Lesotho,2023,,14000.0,,7800.0,20000.0,14 000 [7800-20 000],Incidence Count,N/A
TB_e_inc_num,Number of incident tuberculosis cases,LSO,Lesotho,2022,,14000.0,,8300.0,21000.0,14 000 [8300-21 000],Incidence Count,N/A
TB_e_inc_num,Number of incident tuberculosis cases,LSO,Lesotho,2021,,14000.0,,8300.0,20000.0,14 000 [8300-20 000],Incidence Count,N/A
TB_e_inc_num,Number of incident tuberculosis cases,LSO,Lesotho,2020,,13000.0,,8200.0,20000.0,13 000 [8200-20 000],Incidence Count,N/A
TB_e_inc_num,Number of incident tuberculosis cases,LSO,Lesotho,2019,,14000.0,,9000.0,21000.0,14 000 [9000-21 000],Incidence Count,N/A
TB_e_inc_num,Number of incident tuberculosis cases,LSO,Lesotho,2018,,14000.0,,8900.0,21000.0,14 000 [8900-21 000],Incidence Count,N/A
TB_e_inc_num,Number of incident tuberculosis cases,LSO,Lesotho,2017,,15000.0,,8900.0,22000.0,15 000 [8900-22 000],Incidence Count,N/A
TB_e_inc_num,Number of incident tuberculosis cases,LSO,Lesotho,2016,,15000.0,,9000.0,23000.0,15 000 [9000-23 000],Incidence Count,N/A
TB_e_inc_num,Number of incident tuberculosis cases,LSO,Lesotho,2015,,16000.0,,9200.0,26000.0,16 000 [9200-26 000],Incidence Count,N/A
TB_e_inc_num,Number of incident tuberculosis cases,LSO,Lesotho,2014,,18000.0,,9300.0,29000.0,18 000 [9300-29 000],Incidence Count,N/A
TB_e_inc_num,Number of incident tuberculosis cases,LSO,Lesotho,2013,,19000.0,,9400.0,33000.0,19 000 [9400-33 000],Incidence Count,N/A
TB_e_inc_num,Number of incident tuberculosis cases,LSO,Lesotho,2012,,21000.0,,9300.0,38000.0,21 000 [9300-38 000],Incidence Count,N/A
TB_e_inc_num,Number of incident tuberculosis cases,LSO,Lesotho,2011,,23000.0,,9200.0,42000.0,23 000 [9200-42 000],Incidence Count,N/A
TB_e_inc_num,Number of incident tuberculosis cases,LSO,Lesotho,2010,,24000.0,,9100.0,45000.0,24 000 [9100-45 000],Incidence Count,N/A
TB_e_inc_num,Number of incident tuberculosis cases,LSO,Lesotho,2009,,24000.0,,8900.0,47000.0,24 000 [8900-47 000],Incidence Count,N/A
TB_e_inc_num,Number of incident tuberculosis cases,LSO,Lesotho,2008,,24000.0,,8800.0,48000.0,24 000 [8800-48 000],Incidence Count,N/A
TB_e_inc_num,Number of incident tuberculosis cases,LSO,Lesotho,2007,,24000.0,,8800.0,47000.0,24 000 [8800-47 000],Incidence Count,N/A
TB_e_inc_num,Number of incident tuberculosis cases,LSO,Lesotho,2006,,24000.0,,8800.0,46000.0,24 000 [8800-46 000],Incidence Count,N/A
TB_e_inc_num,Number of incident tuberculosis cases,LSO,Lesotho,2005,,23000.0,,8800.0,45000.0,23 000 [8800-45 000],Incidence Count,N/A
TB_e_inc_num,Number of incident tuberculosis cases,LSO,Lesotho,2004,,23000.0,,9000.0,42000.0,23 000 [9000-42 000],Incidence Count,N/A
TB_e_inc_num,Number of incident tuberculosis cases,LSO,Lesotho,2003,,22000.0,,9100.0,39000.0,22 000 [9100-39 000],Incidence Count,N/A
TB_e_inc_num,Number of incident tuberculosis cases,LSO,Lesotho,2002,,20000.0,,9100.0,35000.0,20 000 [9100-35 000],Incidence Count,N/A
TB_e_inc_num,Number of incident tuberculosis cases,LSO,Lesotho,2001,,18000.0,,9100.0,31000.0,18 000 [9100-31 000],Incidence Count,N/A
TB_e_inc_num,Number of incident tuberculosis cases,LSO,Lesotho,2000,,17000.0,,8900.0,27000.0,17 000 [8900-27 000],Incidence Count,N/A
TB_e_inc_num,Number of incident tuberculosis cases,MDG,Madagascar,2024,,72000.0,,44000.0,136000.0,72 000 [44 000-136 000],Incidence Count,N/A
TB_e_inc_num,Number of incident tuberculosis cases,MDG,Madagascar,2023,,69000.0,,42000.0,130000.0,69 000 [42 000-130 000],Incidence Count,N/A
TB_e_inc_num,Number of incident tuberculosis cases,MDG,Madagascar,2022,,66000.0,,41000.0,125000.0,66 000 [41 000-125 000],Incidence Count,N/A
TB_e_inc_num,Number of incident tuberculosis cases,MDG,Madagascar,2021,,64000.0,,39000.0,122000.0,64 000 [39 000-122 000],Incidence Count,N/A
TB_e_inc_num,Number of incident tuberculosis cases,MDG,Madagascar,2020,,62000.0,,38000.0,119000.0,62 000 [38 000-119 000],Incidence Count,N/A
TB_e_inc_num,Number of incident tuberculosis cases,MDG,Madagascar,2019,,60000.0,,37000.0,117000.0,60 000 [37 000-117 000],Incidence Count,N/A
TB_e_inc_num,Number of incident tuberculosis cases,MDG,Madagascar,2018,,59000.0,,35000.0,116000.0,59 000 [35 000-116 000],Incidence Count,N/A
TB_e_inc_num,Number of incident tuberculosis cases,MDG,Madagascar,2017,,57000.0,,34000.0,116000.0,57 000 [34 000-116 000],Incidence Count,N/A
TB_e_inc_num,Number of incident tuberculosis cases,MDG,Madagascar,2016,,57000.0,,33000.0,116000.0,57 000 [33 000-116 000],Incidence Count,N/A
TB_e_inc_num,Number of incident tuberculosis cases,MDG,Madagascar,2015,,56000.0,,32000.0,117000.0,56 000 [32 000-117 000],Incidence Count,N/A
TB_e_inc_num,Number of incident tuberculosis cases,MDG,Madagascar,2014,,55000.0,,32000.0,118000.0,55 000 [32 000-118 000],Incidence Count,N/A
TB_e_inc_num,Number of incident tuberculosis cases,MDG,Madagascar,2013,,54000.0,,31000.0,119000.0,54 000 [31 000-119 000],Incidence Count,N/A
TB_e_inc_num,Number of incident tuberculosis cases,MDG,Madagascar,2012,,53000.0,,30000.0,119000.0,53 000 [30 000-119 000],Incidence Count,N/A
TB_e_inc_num,Number of incident tuberculosis cases,MDG,Madagascar,2011,,52000.0,,30000.0,118000.0,52 000 [30 000-118 000],Incidence Count,N/A
TB_e_inc_num,Number of incident tuberculosis cases,MDG,Madagascar,2010,,52000.0,,29000.0,116000.0,52 000 [29 000-116 000],Incidence Count,N/A
TB_e_inc_num,Number of incident tuberculosis cases,MDG,Madagascar,2009,,51000.0,,28000.0,114000.0,51 000 [28 000-114 000],Incidence Count,N/A
TB_e_inc_num,Number of incident tuberculosis cases,MDG,Madagascar,2008,,49000.0,,28000.0,113000.0,49 000 [28 000-113 000],Incidence Count,N/A
TB_e_inc_num,Number of incident tuberculosis cases,MDG,Madagascar,2007,,48000.0,,27000.0,111000.0,48 000 [27 000-111 000],Incidence Count,N/A
TB_e_inc_num,Number of incident tuberculosis cases,MDG,Madagascar,2006,,46000.0,,26000.0,109000.0,46 000 [26 000-109 000],Incidence Count,N/A
TB_e_inc_num,Number of incident tuberculosis cases,MDG,Madagascar,2005,,45000.0,,24000.0,107000.0,45 000 [24 000-107 000],Incidence Count,N/A
TB_e_inc_num,Number of incident tuberculosis cases,MDG,Madagascar,2004,,43000.0,,23000.0,105000.0,43 000 [23 000-105 000],Incidence Count,N/A
TB_e_inc_num,Number of incident tuberculosis cases,MDG,Madagascar,2003,,41000.0,,22000.0,104000.0,41 000 [22 000-104 000],Incidence Count,N/A
TB_e_inc_num,Number of incident tuberculosis cases,MDG,Madagascar,2002,,39000.0,,20000.0,102000.0,39 000 [20 000-102 000],Incidence Count,N/A
TB_e_inc_num,Number of incident tuberculosis cases,MDG,Madagascar,2001,,37000.0,,19000.0,100000.0,37 000 [19 000-100 000],Incidence Count,N/A
TB_e_inc_num,Number of incident tuberculosis cases,MDG,Madagascar,2000,,34000.0,,17000.0,98000.0,34 000 [17 000-98 000],Incidence Count,N/A
TB_e_inc_num,Number of incident tuberculosis cases,MLI,Mali,2024,,12000.0,,7600.0,24000.0,12 000 [7600-24 000],Incidence Count,N/A
TB_e_inc_num,Number of incident tuberculosis cases,MLI,Mali,2023,,12000.0,,7600.0,24000.0,12 000 [7600-24 000],Incidence Count,N/A
TB_e_inc_num,Number of incident tuberculosis cases,MLI,Mali,2022,,12000.0,,7500.0,23000.0,12 000 [7500-23 000],Incidence Count,N/A
TB_e_inc_num,Number of incident tuberculosis cases,MLI,Mali,2021,,12000.0,,7500.0,23000.0,12 000 [7500-23 000],Incidence Count,N/A
TB_e_inc_num,Number of incident tuberculosis cases,MLI,Mali,2020,,12000.0,,7400.0,23000.0,12 000 [7400-23 000],Incidence Count,N/A
TB_e_inc_num,Number of incident tuberculosis cases,MLI,Mali,2019,,12000.0,,7300.0,23000.0,12 000 [7300-23 000],Incidence Count,N/A
TB_e_inc_num,Number of incident tuberculosis cases,MLI,Mali,2018,,12000.0,,7300.0,23000.0,12 000 [7300-23 000],Incidence Count,N/A
TB_e_inc_num,Number of incident tuberculosis cases,MLI,Mali,2017,,12000.0,,7100.0,24000.0,12 000 [7100-24 000],Incidence Count,N/A
TB_e_inc_num,Number of incident tuberculosis cases,MLI,Mali,2016,,12000.0,,7000.0,24000.0,12 000 [7000-24 000],Incidence Count,N/A
TB_e_inc_num,Number of incident tuberculosis cases,MLI,Mali,2015,,12000.0,,6900.0,24000.0,12 000 [6900-24 000],Incidence Count,N/A
TB_e_inc_num,Number of incident tuberculosis cases,MLI,Mali,2014,,12000.0,,6800.0,24000.0,12 000 [6800-24 000],Incidence Count,N/A
TB_e_inc_num,Number of incident tuberculosis cases,MLI,Mali,2013,,12000.0,,6800.0,24000.0,12 000 [6800-24 000],Incidence Count,N/A
TB_e_inc_num,Number of incident tuberculosis cases,MLI,Mali,2012,,12000.0,,6700.0,24000.0,12 000 [6700-24 000],Incidence Count,N/A
TB_e_inc_num,Number of incident tuberculosis cases,MLI,Mali,2011,,12000.0,,6700.0,24000.0,12 000 [6700-24 000],Incidence Count,N/A
TB_e_inc_num,Number of incident tuberculosis cases,MLI,Mali,2010,,12000.0,,6800.0,24000.0,12 000 [6800-24 000],Incidence Count,N/A
TB_e_inc_num,Number of incident tuberculosis cases,MLI,Mali,2009,,12000.0,,6700.0,24000.0,12 000 [6700-24 000],Incidence Count,N/A
TB_e_inc_num,Number of incident tuberculosis cases,MLI,Mali,2008,,11000.0,,6600.0,24000.0,11 000 [6600-24 000],Incidence Count,N/A
TB_e_inc_num,Number of incident tuberculosis cases,MLI,Mali,2007,,11000.0,,6400.0,24000.0,11 000 [6400-24 000],Incidence Count,N/A
TB_e_inc_num,Number of incident tuberculosis cases,MLI,Mali,2006,,11000.0,,6200.0,24000.0,11 000 [6200-24 000],Incidence Count,N/A
TB_e_inc_num,Number of incident tuberculosis cases,MLI,Mali,2005,,11000.0,,6000.0,24000.0,11 000 [6000-24 000],Incidence Count,N/A
TB_e_inc_num,Number of incident tuberculosis cases,MLI,Mali,2004,,10000.0,,5700.0,24000.0,10 000 [5700-24 000],Incidence Count,N/A
TB_e_inc_num,Number of incident tuberculosis cases,MLI,Mali,2003,,10000.0,,5400.0,24000.0,10 000 [5400-24 000],Incidence Count,N/A
TB_e_inc_num,Number of incident tuberculosis cases,MLI,Mali,2002,,9600.0,,5100.0,24000.0,9600 [5100-24 000],Incidence Count,N/A
TB_e_inc_num,Number of incident tuberculosis cases,MLI,Mali,2001,,9200.0,,4800.0,24000.0,9200 [4800-24 000],Incidence Count,N/A
TB_e_inc_num,Number of incident tuberculosis cases,MLI,Mali,2000,,8800.0,,4500.0,24000.0,8800 [4500-24 000],Incidence Count,N/A
TB_e_inc_num,Number of incident tuberculosis cases,MOZ,Mozambique,2024,,125000.0,,76000.0,186000.0,125 000 [76 000-186 000],Incidence Count,N/A
TB_e_inc_num,Number of incident tuberculosis cases,MOZ,Mozambique,2023,,121000.0,,74000.0,181000.0,121 000 [74 000-181 000],Incidence Count,N/A
TB_e_inc_num,Number of incident tuberculosis cases,MOZ,Mozambique,2022,,118000.0,,72000.0,175000.0,118 000 [72 000-175 000],Incidence Count,N/A
TB_e_inc_num,Number of incident tuberculosis cases,MOZ,Mozambique,2021,,114000.0,,70000.0,170000.0,114 000 [70 000-170 000],Incidence Count,N/A
TB_e_inc_num,Number of incident tuberculosis cases,MOZ,Mozambique,2020,,111000.0,,68000.0,165000.0,111 000 [68 000-165 000],Incidence Count,N/A
TB_e_inc_num,Number of incident tuberculosis cases,MOZ,Mozambique,2019,,108000.0,,67000.0,159000.0,108 000 [67 000-159 000],Incidence Count,N/A
TB_e_inc_num,Number of incident tuberculosis cases,MOZ,Mozambique,2018,,105000.0,,65000.0,154000.0,105 000 [65 000-154 000],Incidence Count,N/A
TB_e_inc_num,Number of incident tuberculosis cases,MOZ,Mozambique,2017,,102000.0,,63000.0,150000.0,102 000 [63 000-150 000],Incidence Count,N/A
TB_e_inc_num,Number of incident tuberculosis cases,MOZ,Mozambique,2016,,99000.0,,61000.0,145000.0,99 000 [61 000-145 000],Incidence Count,N/A
TB_e_inc_num,Number of incident tuberculosis cases,MOZ,Mozambique,2015,,96000.0,,59000.0,141000.0,96 000 [59 000-141 000],Incidence Count,N/A
TB_e_inc_num,Number of incident tuberculosis cases,MOZ,Mozambique,2014,,93000.0,,57000.0,137000.0,93 000 [57 000-137 000],Incidence Count,N/A
TB_e_inc_num,Number of incident tuberculosis cases,MOZ,Mozambique,2013,,90000.0,,56000.0,133000.0,90 000 [56 000-133 000],Incidence Count,N/A
TB_e_inc_num,Number of incident tuberculosis cases,MOZ,Mozambique,2012,,88000.0,,54000.0,129000.0,88 000 [54 000-129 000],Incidence Count,N/A
TB_e_inc_num,Number of incident tuberculosis cases,MOZ,Mozambique,2011,,85000.0,,53000.0,125000.0,85 000 [53 000-125 000],Incidence Count,N/A
TB_e_inc_num,Number of incident tuberculosis cases,MOZ,Mozambique,2010,,82000.0,,51000.0,120000.0,82 000 [51 000-120 000],Incidence Count,N/A
TB_e_inc_num,Number of incident tuberculosis cases,MOZ,Mozambique,2009,,79000.0,,49000.0,116000.0,79 000 [49 000-116 000],Incidence Count,N/A
TB_e_inc_num,Number of incident tuberculosis cases,MOZ,Mozambique,2008,,77000.0,,48000.0,112000.0,77 000 [48 000-112 000],Incidence Count,N/A
TB_e_inc_num,Number of incident tuberculosis cases,MOZ,Mozambique,2007,,74000.0,,47000.0,108000.0,74 000 [47 000-108 000],Incidence Count,N/A
TB_e_inc_num,Number of incident tuberculosis cases,MOZ,Mozambique,2006,,72000.0,,45000.0,104000.0,72 000 [45 000-104 000],Incidence Count,N/A
TB_e_inc_num,Number of incident tuberculosis cases,MOZ,Mozambique,2005,,70000.0,,44000.0,101000.0,70 000 [44 000-101 000],Incidence Count,N/A
TB_e_inc_num,Number of incident tuberculosis cases,MOZ,Mozambique,2004,,68000.0,,43000.0,98000.0,68 000 [43 000-98 000],Incidence Count,N/A
TB_e_inc_num,Number of incident tuberculosis cases,MOZ,Mozambique,2003,,66000.0,,42000.0,95000.0,66 000 [42 000-95 000],Incidence Count,N/A
TB_e_inc_num,Number of incident tuberculosis cases,MOZ,Mozambique,2002,,64000.0,,41000.0,93000.0,64 000 [41 000-93 000],Incidence Count,N/A
TB_e_inc_num,Number of incident tuberculosis cases,MOZ,Mozambique,2001,,63000.0,,40000.0,90000.0,63 000 [40 000-90 000],Incidence Count,N/A
TB_e_inc_num,Number of incident tuberculosis cases,MOZ,Mozambique,2000,,61000.0,,39000.0,88000.0,61 000 [39 000-88 000],Incidence Count,N/A
TB_e_inc_num,Number of incident tuberculosis cases,MRT,Mauritania,2024,,3400.0,,2100.0,6500.0,3400 [2100-6500],Incidence Count,N/A
TB_e_inc_num,Number of incident tuberculosis cases,MRT,Mauritania,2023,,3500.0,,2200.0,6700.0,3500 [2200-6700],Incidence Count,N/A
TB_e_inc_num,Number of incident tuberculosis cases,MRT,Mauritania,2022,,3600.0,,2200.0,6900.0,3600 [2200-6900],Incidence Count,N/A
TB_e_inc_num,Number of incident tuberculosis cases,MRT,Mauritania,2021,,3800.0,,2300.0,7200.0,3800 [2300-7200],Incidence Count,N/A
TB_e_inc_num,Number of incident tuberculosis cases,MRT,Mauritania,2020,,3900.0,,2400.0,7400.0,3900 [2400-7400],Incidence Count,N/A
TB_e_inc_num,Number of incident tuberculosis cases,MRT,Mauritania,2019,,4000.0,,2400.0,7700.0,4000 [2400-7700],Incidence Count,N/A
TB_e_inc_num,Number of incident tuberculosis cases,MRT,Mauritania,2018,,4100.0,,2500.0,8000.0,4100 [2500-8000],Incidence Count,N/A
TB_e_inc_num,Number of incident tuberculosis cases,MRT,Mauritania,2017,,4100.0,,2500.0,8200.0,4100 [2500-8200],Incidence Count,N/A
TB_e_inc_num,Number of incident tuberculosis cases,MRT,Mauritania,2016,,4200.0,,2500.0,8500.0,4200 [2500-8500],Incidence Count,N/A
TB_e_inc_num,Number of incident tuberculosis cases,MRT,Mauritania,2015,,4200.0,,2500.0,8800.0,4200 [2500-8800],Incidence Count,N/A
TB_e_inc_num,Number of incident tuberculosis cases,MRT,Mauritania,2014,,4300.0,,2500.0,9100.0,4300 [2500-9100],Incidence Count,N/A
TB_e_inc_num,Number of incident tuberculosis cases,MRT,Mauritania,2013,,4400.0,,2600.0,9400.0,4400 [2600-9400],Incidence Count,N/A
TB_e_inc_num,Number of incident tuberculosis cases,MRT,Mauritania,2012,,4500.0,,2600.0,9800.0,4500 [2600-9800],Incidence Count,N/A
TB_e_inc_num,Number of incident tuberculosis cases,MRT,Mauritania,2011,,4700.0,,2700.0,10000.0,4700 [2700-10 000],Incidence Count,N/A
TB_e_inc_num,Number of incident tuberculosis cases,MRT,Mauritania,2010,,4900.0,,2800.0,11000.0,4900 [2800-11 000],Incidence Count,N/A
TB_e_inc_num,Number of incident tuberculosis cases,MRT,Mauritania,2009,,5100.0,,2900.0,11000.0,5100 [2900-11 000],Incidence Count,N/A
TB_e_inc_num,Number of incident tuberculosis cases,MRT,Mauritania,2008,,5300.0,,3000.0,11000.0,5300 [3000-11 000],Incidence Count,N/A
TB_e_inc_num,Number of incident tuberculosis cases,MRT,Mauritania,2007,,5500.0,,3100.0,12000.0,5500 [3100-12 000],Incidence Count,N/A
TB_e_inc_num,Number of incident tuberculosis cases,MRT,Mauritania,2006,,5600.0,,3200.0,13000.0,5600 [3200-13 000],Incidence Count,N/A
TB_e_inc_num,Number of incident tuberculosis cases,MRT,Mauritania,2005,,5700.0,,3200.0,13000.0,5700 [3200-13 000],Incidence Count,N/A
TB_e_inc_num,Number of incident tuberculosis cases,MRT,Mauritania,2004,,5800.0,,3200.0,14000.0,5800 [3200-14 000],Incidence Count,N/A
TB_e_inc_num,Number of incident tuberculosis cases,MRT,Mauritania,2003,,5900.0,,3200.0,14000.0,5900 [3200-14 000],Incidence Count,N/A
TB_e_inc_num,Number of incident tuberculosis cases,MRT,Mauritania,2002,,5900.0,,3200.0,15000.0,5900 [3200-15 000],Incidence Count,N/A
TB_e_inc_num,Number of incident tuberculosis cases,MRT,Mauritania,2001,,6000.0,,3200.0,15000.0,6000 [3200-15 000],Incidence Count,N/A
TB_e_inc_num,Number of incident tuberculosis cases,MRT,Mauritania,2000,,6000.0,,3100.0,16000.0,6000 [3100-16 000],Incidence Count,N/A
TB_e_inc_num,Number of incident tuberculosis cases,MUS,Mauritius,2024,,160.0,,130.0,190.0,160 [130-190],Incidence Count,N/A
TB_e_inc_num,Number of incident tuberculosis cases,MUS,Mauritius,2023,,160.0,,130.0,190.0,160 [130-190],Incidence Count,N/A
TB_e_inc_num,Number of incident tuberculosis cases,MUS,Mauritius,2022,,190.0,,150.0,220.0,190 [150-220],Incidence Count,N/A
TB_e_inc_num,Number of incident tuberculosis cases,MUS,Mauritius,2021,,140.0,,110.0,170.0,140 [110-170],Incidence Count,N/A
TB_e_inc_num,Number of incident tuberculosis cases,MUS,Mauritius,2020,,160.0,,130.0,190.0,160 [130-190],Incidence Count,N/A
TB_e_inc_num,Number of incident tuberculosis cases,MUS,Mauritius,2019,,180.0,,150.0,220.0,180 [150-220],Incidence Count,N/A
TB_e_inc_num,Number of incident tuberculosis cases,MUS,Mauritius,2018,,200.0,,160.0,240.0,200 [160-240],Incidence Count,N/A
TB_e_inc_num,Number of incident tuberculosis cases,MUS,Mauritius,2017,,180.0,,150.0,220.0,180 [150-220],Incidence Count,N/A
TB_e_inc_num,Number of incident tuberculosis cases,MUS,Mauritius,2016,,190.0,,150.0,230.0,190 [150-230],Incidence Count,N/A
TB_e_inc_num,Number of incident tuberculosis cases,MUS,Mauritius,2015,,200.0,,160.0,240.0,200 [160-240],Incidence Count,N/A
TB_e_inc_num,Number of incident tuberculosis cases,MUS,Mauritius,2014,,210.0,,170.0,250.0,210 [170-250],Incidence Count,N/A
TB_e_inc_num,Number of incident tuberculosis cases,MUS,Mauritius,2013,,220.0,,180.0,260.0,220 [180-260],Incidence Count,N/A
TB_e_inc_num,Number of incident tuberculosis cases,MUS,Mauritius,2012,,220.0,,180.0,270.0,220 [180-270],Incidence Count,N/A
TB_e_inc_num,Number of incident tuberculosis cases,MUS,Mauritius,2011,,210.0,,170.0,250.0,210 [170-250],Incidence Count,N/A
TB_e_inc_num,Number of incident tuberculosis cases,MUS,Mauritius,2010,,230.0,,190.0,280.0,230 [190-280],Incidence Count,N/A
TB_e_inc_num,Number of incident tuberculosis cases,MUS,Mauritius,2009,,220.0,,180.0,270.0,220 [180-270],Incidence Count,N/A
TB_e_inc_num,Number of incident tuberculosis cases,MUS,Mauritius,2008,,210.0,,170.0,260.0,210 [170-260],Incidence Count,N/A
TB_e_inc_num,Number of incident tuberculosis cases,MUS,Mauritius,2007,,220.0,,180.0,260.0,220 [180-260],Incidence Count,N/A
TB_e_inc_num,Number of incident tuberculosis cases,MUS,Mauritius,2006,,240.0,,200.0,290.0,240 [200-290],Incidence Count,N/A
TB_e_inc_num,Number of incident tuberculosis cases,MUS,Mauritius,2005,,270.0,,220.0,330.0,270 [220-330],Incidence Count,N/A
TB_e_inc_num,Number of incident tuberculosis cases,MUS,Mauritius,2004,,300.0,,250.0,370.0,300 [250-370],Incidence Count,N/A
TB_e_inc_num,Number of incident tuberculosis cases,MUS,Mauritius,2003,,310.0,,250.0,380.0,310 [250-380],Incidence Count,N/A
TB_e_inc_num,Number of incident tuberculosis cases,MUS,Mauritius,2002,,320.0,,260.0,390.0,320 [260-390],Incidence Count,N/A
TB_e_inc_num,Number of incident tuberculosis cases,MUS,Mauritius,2001,,290.0,,240.0,350.0,290 [240-350],Incidence Count,N/A
TB_e_inc_num,Number of incident tuberculosis cases,MUS,Mauritius,2000,,390.0,,320.0,470.0,390 [320-470],Incidence Count,N/A
TB_e_inc_num,Number of incident tuberculosis cases,MWI,Malawi,2024,,24000.0,,11000.0,42000.0,24 000 [11 000-42 000],Incidence Count,N/A
TB_e_inc_num,Number of incident tuberculosis cases,MWI,Malawi,2023,,25000.0,,12000.0,44000.0,25 000 [12 000-44 000],Incidence Count,N/A
TB_e_inc_num,Number of incident tuberculosis cases,MWI,Malawi,2022,,26000.0,,12000.0,44000.0,26 000 [12 000-44 000],Incidence Count,N/A
TB_e_inc_num,Number of incident tuberculosis cases,MWI,Malawi,2021,,26000.0,,13000.0,44000.0,26 000 [13 000-44 000],Incidence Count,N/A
TB_e_inc_num,Number of incident tuberculosis cases,MWI,Malawi,2020,,27000.0,,14000.0,44000.0,27 000 [14 000-44 000],Incidence Count,N/A
TB_e_inc_num,Number of incident tuberculosis cases,MWI,Malawi,2019,,28000.0,,15000.0,45000.0,28 000 [15 000-45 000],Incidence Count,N/A
TB_e_inc_num,Number of incident tuberculosis cases,MWI,Malawi,2018,,28000.0,,15000.0,46000.0,28 000 [15 000-46 000],Incidence Count,N/A
TB_e_inc_num,Number of incident tuberculosis cases,MWI,Malawi,2017,,29000.0,,14000.0,49000.0,29 000 [14 000-49 000],Incidence Count,N/A
TB_e_inc_num,Number of incident tuberculosis cases,MWI,Malawi,2016,,31000.0,,14000.0,54000.0,31 000 [14 000-54 000],Incidence Count,N/A
TB_e_inc_num,Number of incident tuberculosis cases,MWI,Malawi,2015,,34000.0,,14000.0,62000.0,34 000 [14 000-62 000],Incidence Count,N/A
TB_e_inc_num,Number of incident tuberculosis cases,MWI,Malawi,2014,,38000.0,,13000.0,76000.0,38 000 [13 000-76 000],Incidence Count,N/A
TB_e_inc_num,Number of incident tuberculosis cases,MWI,Malawi,2013,,42000.0,,12000.0,92000.0,42 000 [12 000-92 000],Incidence Count,N/A
TB_e_inc_num,Number of incident tuberculosis cases,MWI,Malawi,2012,,46000.0,,11000.0,106000.0,46 000 [11 000-106 000],Incidence Count,N/A
TB_e_inc_num,Number of incident tuberculosis cases,MWI,Malawi,2011,,48000.0,,9300.0,119000.0,48 000 [9300-119 000],Incidence Count,N/A
TB_e_inc_num,Number of incident tuberculosis cases,MWI,Malawi,2010,,50000.0,,8200.0,129000.0,50 000 [8200-129 000],Incidence Count,N/A
TB_e_inc_num,Number of incident tuberculosis cases,MWI,Malawi,2009,,51000.0,,7300.0,137000.0,51 000 [7300-137 000],Incidence Count,N/A
TB_e_inc_num,Number of incident tuberculosis cases,MWI,Malawi,2008,,52000.0,,6500.0,143000.0,52 000 [6500-143 000],Incidence Count,N/A
TB_e_inc_num,Number of incident tuberculosis cases,MWI,Malawi,2007,,52000.0,,5900.0,147000.0,52 000 [5900-147 000],Incidence Count,N/A
TB_e_inc_num,Number of incident tuberculosis cases,MWI,Malawi,2006,,52000.0,,5400.0,149000.0,52 000 [5400-149 000],Incidence Count,N/A
TB_e_inc_num,Number of incident tuberculosis cases,MWI,Malawi,2005,,51000.0,,5100.0,149000.0,51 000 [5100-149 000],Incidence Count,N/A
TB_e_inc_num,Number of incident tuberculosis cases,MWI,Malawi,2004,,50000.0,,4800.0,147000.0,50 000 [4800-147 000],Incidence Count,N/A
TB_e_inc_num,Number of incident tuberculosis cases,MWI,Malawi,2003,,49000.0,,4700.0,144000.0,49 000 [4700-144 000],Incidence Count,N/A
TB_e_inc_num,Number of incident tuberculosis cases,MWI,Malawi,2002,,48000.0,,4600.0,139000.0,48 000 [4600-139 000],Incidence Count,N/A
TB_e_inc_num,Number of incident tuberculosis cases,MWI,Malawi,2001,,46000.0,,4700.0,132000.0,46 000 [4700-132 000],Incidence Count,N/A
TB_e_inc_num,Number of incident tuberculosis cases,MWI,Malawi,2000,,44000.0,,4800.0,124000.0,44 000 [4800-124 000],Incidence Count,N/A
TB_e_inc_num,Number of incident tuberculosis cases,NAM,Namibia,2024,,13000.0,,7100.0,18000.0,13 000 [7100-18 000],Incidence Count,N/A
TB_e_inc_num,Number of incident tuberculosis cases,NAM,Namibia,2023,,13000.0,,7600.0,18000.0,13 000 [7600-18 000],Incidence Count,N/A
TB_e_inc_num,Number of incident tuberculosis cases,NAM,Namibia,2022,,13000.0,,8100.0,18000.0,13 000 [8100-18 000],Incidence Count,N/A
TB_e_inc_num,Number of incident tuberculosis cases,NAM,Namibia,2021,,12000.0,,8300.0,17000.0,12 000 [8300-17 000],Incidence Count,N/A
TB_e_inc_num,Number of incident tuberculosis cases,NAM,Namibia,2020,,12000.0,,8600.0,17000.0,12 000 [8600-17 000],Incidence Count,N/A
TB_e_inc_num,Number of incident tuberculosis cases,NAM,Namibia,2019,,13000.0,,9200.0,17000.0,13 000 [9200-17 000],Incidence Count,N/A
TB_e_inc_num,Number of incident tuberculosis cases,NAM,Namibia,2018,,14000.0,,9400.0,18000.0,14 000 [9400-18 000],Incidence Count,N/A
TB_e_inc_num,Number of incident tuberculosis cases,NAM,Namibia,2017,,14000.0,,9600.0,20000.0,14 000 [9600-20 000],Incidence Count,N/A
TB_e_inc_num,Number of incident tuberculosis cases,NAM,Namibia,2016,,15000.0,,9600.0,21000.0,15 000 [9600-21 000],Incidence Count,N/A
TB_e_inc_num,Number of incident tuberculosis cases,NAM,Namibia,2015,,15000.0,,9700.0,22000.0,15 000 [9700-22 000],Incidence Count,N/A
TB_e_inc_num,Number of incident tuberculosis cases,NAM,Namibia,2014,,16000.0,,9700.0,23000.0,16 000 [9700-23 000],Incidence Count,N/A
TB_e_inc_num,Number of incident tuberculosis cases,NAM,Namibia,2013,,16000.0,,9600.0,24000.0,16 000 [9600-24 000],Incidence Count,N/A
TB_e_inc_num,Number of incident tuberculosis cases,NAM,Namibia,2012,,17000.0,,9600.0,25000.0,17 000 [9600-25 000],Incidence Count,N/A
TB_e_inc_num,Number of incident tuberculosis cases,NAM,Namibia,2011,,17000.0,,9700.0,28000.0,17 000 [9700-28 000],Incidence Count,N/A
TB_e_inc_num,Number of incident tuberculosis cases,NAM,Namibia,2010,,19000.0,,9700.0,31000.0,19 000 [9700-31 000],Incidence Count,N/A
TB_e_inc_num,Number of incident tuberculosis cases,NAM,Namibia,2009,,20000.0,,9700.0,34000.0,20 000 [9700-34 000],Incidence Count,N/A
TB_e_inc_num,Number of incident tuberculosis cases,NAM,Namibia,2008,,22000.0,,9600.0,39000.0,22 000 [9600-39 000],Incidence Count,N/A
TB_e_inc_num,Number of incident tuberculosis cases,NAM,Namibia,2007,,23000.0,,9500.0,43000.0,23 000 [9500-43 000],Incidence Count,N/A
TB_e_inc_num,Number of incident tuberculosis cases,NAM,Namibia,2006,,24000.0,,9300.0,46000.0,24 000 [9300-46 000],Incidence Count,N/A
TB_e_inc_num,Number of incident tuberculosis cases,NAM,Namibia,2005,,25000.0,,9100.0,47000.0,25 000 [9100-47 000],Incidence Count,N/A
TB_e_inc_num,Number of incident tuberculosis cases,NAM,Namibia,2004,,24000.0,,9000.0,47000.0,24 000 [9000-47 000],Incidence Count,N/A
TB_e_inc_num,Number of incident tuberculosis cases,NAM,Namibia,2003,,24000.0,,8900.0,46000.0,24 000 [8900-46 000],Incidence Count,N/A
TB_e_inc_num,Number of incident tuberculosis cases,NAM,Namibia,2002,,22000.0,,8800.0,42000.0,22 000 [8800-42 000],Incidence Count,N/A
TB_e_inc_num,Number of incident tuberculosis cases,NAM,Namibia,2001,,20000.0,,8700.0,37000.0,20 000 [8700-37 000],Incidence Count,N/A
TB_e_inc_num,Number of incident tuberculosis cases,NAM,Namibia,2000,,18000.0,,8500.0,31000.0,18 000 [8500-31 000],Incidence Count,N/A
TB_e_inc_num,Number of incident tuberculosis cases,NER,Niger,2024,,23000.0,,14000.0,44000.0,23 000 [14 000-44 000],Incidence Count,N/A
TB_e_inc_num,Number of incident tuberculosis cases,NER,Niger,2023,,22000.0,,13000.0,41000.0,22 000 [13 000-41 000],Incidence Count,N/A
TB_e_inc_num,Number of incident tuberculosis cases,NER,Niger,2022,,21000.0,,13000.0,39000.0,21 000 [13 000-39 000],Incidence Count,N/A
TB_e_inc_num,Number of incident tuberculosis cases,NER,Niger,2021,,20000.0,,12000.0,37000.0,20 000 [12 000-37 000],Incidence Count,N/A
TB_e_inc_num,Number of incident tuberculosis cases,NER,Niger,2020,,19000.0,,12000.0,37000.0,19 000 [12 000-37 000],Incidence Count,N/A
TB_e_inc_num,Number of incident tuberculosis cases,NER,Niger,2019,,19000.0,,11000.0,36000.0,19 000 [11 000-36 000],Incidence Count,N/A
TB_e_inc_num,Number of incident tuberculosis cases,NER,Niger,2018,,19000.0,,11000.0,37000.0,19 000 [11 000-37 000],Incidence Count,N/A
TB_e_inc_num,Number of incident tuberculosis cases,NER,Niger,2017,,19000.0,,11000.0,38000.0,19 000 [11 000-38 000],Incidence Count,N/A
TB_e_inc_num,Number of incident tuberculosis cases,NER,Niger,2016,,19000.0,,11000.0,39000.0,19 000 [11 000-39 000],Incidence Count,N/A
TB_e_inc_num,Number of incident tuberculosis cases,NER,Niger,2015,,20000.0,,11000.0,41000.0,20 000 [11 000-41 000],Incidence Count,N/A
TB_e_inc_num,Number of incident tuberculosis cases,NER,Niger,2014,,20000.0,,12000.0,42000.0,20 000 [12 000-42 000],Incidence Count,N/A
TB_e_inc_num,Number of incident tuberculosis cases,NER,Niger,2013,,21000.0,,12000.0,44000.0,21 000 [12 000-44 000],Incidence Count,N/A
TB_e_inc_num,Number of incident tuberculosis cases,NER,Niger,2012,,21000.0,,12000.0,45000.0,21 000 [12 000-45 000],Incidence Count,N/A
TB_e_inc_num,Number of incident tuberculosis cases,NER,Niger,2011,,21000.0,,12000.0,46000.0,21 000 [12 000-46 000],Incidence Count,N/A
TB_e_inc_num,Number of incident tuberculosis cases,NER,Niger,2010,,21000.0,,12000.0,46000.0,21 000 [12 000-46 000],Incidence Count,N/A
TB_e_inc_num,Number of incident tuberculosis cases,NER,Niger,2009,,21000.0,,12000.0,45000.0,21 000 [12 000-45 000],Incidence Count,N/A
TB_e_inc_num,Number of incident tuberculosis cases,NER,Niger,2008,,20000.0,,11000.0,45000.0,20 000 [11 000-45 000],Incidence Count,N/A
TB_e_inc_num,Number of incident tuberculosis cases,NER,Niger,2007,,19000.0,,11000.0,44000.0,19 000 [11 000-44 000],Incidence Count,N/A
TB_e_inc_num,Number of incident tuberculosis cases,NER,Niger,2006,,18000.0,,10000.0,42000.0,18 000 [10 000-42 000],Incidence Count,N/A
TB_e_inc_num,Number of incident tuberculosis cases,NER,Niger,2005,,17000.0,,9300.0,40000.0,17 000 [9300-40 000],Incidence Count,N/A
TB_e_inc_num,Number of incident tuberculosis cases,NER,Niger,2004,,16000.0,,8500.0,38000.0,16 000 [8500-38 000],Incidence Count,N/A
TB_e_inc_num,Number of incident tuberculosis cases,NER,Niger,2003,,14000.0,,7600.0,36000.0,14 000 [7600-36 000],Incidence Count,N/A
TB_e_inc_num,Number of incident tuberculosis cases,NER,Niger,2002,,13000.0,,6700.0,34000.0,13 000 [6700-34 000],Incidence Count,N/A
TB_e_inc_num,Number of incident tuberculosis cases,NER,Niger,2001,,11000.0,,5700.0,31000.0,11 000 [5700-31 000],Incidence Count,N/A
TB_e_inc_num,Number of incident tuberculosis cases,NER,Niger,2000,,9500.0,,4700.0,28000.0,9500 [4700-28 000],Incidence Count,N/A
TB_e_inc_num,Number of incident tuberculosis cases,NGA,Nigeria,2024,,510000.0,,333000.0,724000.0,510 000 [333 000-724 000],Incidence Count,N/A
TB_e_inc_num,Number of incident tuberculosis cases,NGA,Nigeria,2023,,499000.0,,326000.0,709000.0,499 000 [326 000-709 000],Incidence Count,N/A
TB_e_inc_num,Number of incident tuberculosis cases,NGA,Nigeria,2022,,489000.0,,319000.0,694000.0,489 000 [319 000-694 000],Incidence Count,N/A
TB_e_inc_num,Number of incident tuberculosis cases,NGA,Nigeria,2021,,479000.0,,312000.0,680000.0,479 000 [312 000-680 000],Incidence Count,N/A
TB_e_inc_num,Number of incident tuberculosis cases,NGA,Nigeria,2020,,469000.0,,306000.0,666000.0,469 000 [306 000-666 000],Incidence Count,N/A
TB_e_inc_num,Number of incident tuberculosis cases,NGA,Nigeria,2019,,459000.0,,299000.0,652000.0,459 000 [299 000-652 000],Incidence Count,N/A
TB_e_inc_num,Number of incident tuberculosis cases,NGA,Nigeria,2018,,449000.0,,293000.0,638000.0,449 000 [293 000-638 000],Incidence Count,N/A
TB_e_inc_num,Number of incident tuberculosis cases,NGA,Nigeria,2017,,439000.0,,286000.0,623000.0,439 000 [286 000-623 000],Incidence Count,N/A
TB_e_inc_num,Number of incident tuberculosis cases,NGA,Nigeria,2016,,428000.0,,279000.0,608000.0,428 000 [279 000-608 000],Incidence Count,N/A
TB_e_inc_num,Number of incident tuberculosis cases,NGA,Nigeria,2015,,418000.0,,273000.0,593000.0,418 000 [273 000-593 000],Incidence Count,N/A
TB_e_inc_num,Number of incident tuberculosis cases,NGA,Nigeria,2014,,407000.0,,266000.0,578000.0,407 000 [266 000-578 000],Incidence Count,N/A
TB_e_inc_num,Number of incident tuberculosis cases,NGA,Nigeria,2013,,397000.0,,259000.0,563000.0,397 000 [259 000-563 000],Incidence Count,N/A
TB_e_inc_num,Number of incident tuberculosis cases,NGA,Nigeria,2012,,386000.0,,252000.0,548000.0,386 000 [252 000-548 000],Incidence Count,N/A
TB_e_inc_num,Number of incident tuberculosis cases,NGA,Nigeria,2011,,375000.0,,245000.0,533000.0,375 000 [245 000-533 000],Incidence Count,N/A
TB_e_inc_num,Number of incident tuberculosis cases,NGA,Nigeria,2010,,365000.0,,238000.0,518000.0,365 000 [238 000-518 000],Incidence Count,N/A
TB_e_inc_num,Number of incident tuberculosis cases,NGA,Nigeria,2009,,355000.0,,232000.0,504000.0,355 000 [232 000-504 000],Incidence Count,N/A
TB_e_inc_num,Number of incident tuberculosis cases,NGA,Nigeria,2008,,345000.0,,225000.0,490000.0,345 000 [225 000-490 000],Incidence Count,N/A
TB_e_inc_num,Number of incident tuberculosis cases,NGA,Nigeria,2007,,336000.0,,219000.0,477000.0,336 000 [219 000-477 000],Incidence Count,N/A
TB_e_inc_num,Number of incident tuberculosis cases,NGA,Nigeria,2006,,327000.0,,213000.0,464000.0,327 000 [213 000-464 000],Incidence Count,N/A
TB_e_inc_num,Number of incident tuberculosis cases,NGA,Nigeria,2005,,318000.0,,207000.0,451000.0,318 000 [207 000-451 000],Incidence Count,N/A
TB_e_inc_num,Number of incident tuberculosis cases,NGA,Nigeria,2004,,309000.0,,202000.0,439000.0,309 000 [202 000-439 000],Incidence Count,N/A
TB_e_inc_num,Number of incident tuberculosis cases,NGA,Nigeria,2003,,301000.0,,196000.0,427000.0,301 000 [196 000-427 000],Incidence Count,N/A
TB_e_inc_num,Number of incident tuberculosis cases,NGA,Nigeria,2002,,292000.0,,191000.0,415000.0,292 000 [191 000-415 000],Incidence Count,N/A
TB_e_inc_num,Number of incident tuberculosis cases,NGA,Nigeria,2001,,284000.0,,186000.0,404000.0,284 000 [186 000-404 000],Incidence Count,N/A
TB_e_inc_num,Number of incident tuberculosis cases,NGA,Nigeria,2000,,277000.0,,181000.0,393000.0,277 000 [181 000-393 000],Incidence Count,N/A
TB_e_inc_num,Number of incident tuberculosis cases,RWA,Rwanda,2024,,8800.0,,6200.0,12000.0,8800 [6200-12 000],Incidence Count,N/A
TB_e_inc_num,Number of incident tuberculosis cases,RWA,Rwanda,2023,,8700.0,,6100.0,12000.0,8700 [6100-12 000],Incidence Count,N/A
TB_e_inc_num,Number of incident tuberculosis cases,RWA,Rwanda,2022,,8500.0,,6000.0,11000.0,8500 [6000-11 000],Incidence Count,N/A
TB_e_inc_num,Number of incident tuberculosis cases,RWA,Rwanda,2021,,8400.0,,5900.0,11000.0,8400 [5900-11 000],Incidence Count,N/A
TB_e_inc_num,Number of incident tuberculosis cases,RWA,Rwanda,2020,,8200.0,,5800.0,11000.0,8200 [5800-11 000],Incidence Count,N/A
TB_e_inc_num,Number of incident tuberculosis cases,RWA,Rwanda,2019,,8100.0,,5700.0,11000.0,8100 [5700-11 000],Incidence Count,N/A
TB_e_inc_num,Number of incident tuberculosis cases,RWA,Rwanda,2018,,8000.0,,5600.0,11000.0,8000 [5600-11 000],Incidence Count,N/A
TB_e_inc_num,Number of incident tuberculosis cases,RWA,Rwanda,2017,,7900.0,,5500.0,11000.0,7900 [5500-11 000],Incidence Count,N/A
TB_e_inc_num,Number of incident tuberculosis cases,RWA,Rwanda,2016,,7800.0,,5400.0,11000.0,7800 [5400-11 000],Incidence Count,N/A
TB_e_inc_num,Number of incident tuberculosis cases,RWA,Rwanda,2015,,7700.0,,5400.0,10000.0,7700 [5400-10 000],Incidence Count,N/A
TB_e_inc_num,Number of incident tuberculosis cases,RWA,Rwanda,2014,,7700.0,,5400.0,10000.0,7700 [5400-10 000],Incidence Count,N/A
TB_e_inc_num,Number of incident tuberculosis cases,RWA,Rwanda,2013,,7700.0,,5400.0,10000.0,7700 [5400-10 000],Incidence Count,N/A
TB_e_inc_num,Number of incident tuberculosis cases,RWA,Rwanda,2012,,7800.0,,5500.0,10000.0,7800 [5500-10 000],Incidence Count,N/A
TB_e_inc_num,Number of incident tuberculosis cases,RWA,Rwanda,2011,,8100.0,,5800.0,11000.0,8100 [5800-11 000],Incidence Count,N/A
TB_e_inc_num,Number of incident tuberculosis cases,RWA,Rwanda,2010,,8500.0,,6200.0,11000.0,8500 [6200-11 000],Incidence Count,N/A
TB_e_inc_num,Number of incident tuberculosis cases,RWA,Rwanda,2009,,9000.0,,6700.0,12000.0,9000 [6700-12 000],Incidence Count,N/A
TB_e_inc_num,Number of incident tuberculosis cases,RWA,Rwanda,2008,,9700.0,,7400.0,12000.0,9700 [7400-12 000],Incidence Count,N/A
TB_e_inc_num,Number of incident tuberculosis cases,RWA,Rwanda,2007,,11000.0,,8200.0,13000.0,11 000 [8200-13 000],Incidence Count,N/A
TB_e_inc_num,Number of incident tuberculosis cases,RWA,Rwanda,2006,,11000.0,,9100.0,14000.0,11 000 [9100-14 000],Incidence Count,N/A
TB_e_inc_num,Number of incident tuberculosis cases,RWA,Rwanda,2005,,13000.0,,10000.0,15000.0,13 000 [10 000-15 000],Incidence Count,N/A
TB_e_inc_num,Number of incident tuberculosis cases,RWA,Rwanda,2004,,14000.0,,11000.0,16000.0,14 000 [11 000-16 000],Incidence Count,N/A
TB_e_inc_num,Number of incident tuberculosis cases,RWA,Rwanda,2003,,15000.0,,13000.0,17000.0,15 000 [13 000-17 000],Incidence Count,N/A
TB_e_inc_num,Number of incident tuberculosis cases,RWA,Rwanda,2002,,16000.0,,14000.0,19000.0,16 000 [14 000-19 000],Incidence Count,N/A
TB_e_inc_num,Number of incident tuberculosis cases,RWA,Rwanda,2001,,18000.0,,15000.0,20000.0,18 000 [15 000-20 000],Incidence Count,N/A
TB_e_inc_num,Number of incident tuberculosis cases,RWA,Rwanda,2000,,20000.0,,17000.0,22000.0,20 000 [17 000-22 000],Incidence Count,N/A
TB_e_inc_num,Number of incident tuberculosis cases,SEN,Senegal,2024,,24000.0,,15000.0,48000.0,24 000 [15 000-48 000],Incidence Count,N/A
TB_e_inc_num,Number of incident tuberculosis cases,SEN,Senegal,2023,,24000.0,,15000.0,46000.0,24 000 [15 000-46 000],Incidence Count,N/A
TB_e_inc_num,Number of incident tuberculosis cases,SEN,Senegal,2022,,24000.0,,14000.0,45000.0,24 000 [14 000-45 000],Incidence Count,N/A
TB_e_inc_num,Number of incident tuberculosis cases,SEN,Senegal,2021,,23000.0,,14000.0,45000.0,23 000 [14 000-45 000],Incidence Count,N/A
TB_e_inc_num,Number of incident tuberculosis cases,SEN,Senegal,2020,,23000.0,,14000.0,45000.0,23 000 [14 000-45 000],Incidence Count,N/A
TB_e_inc_num,Number of incident tuberculosis cases,SEN,Senegal,2019,,23000.0,,14000.0,45000.0,23 000 [14 000-45 000],Incidence Count,N/A
TB_e_inc_num,Number of incident tuberculosis cases,SEN,Senegal,2018,,23000.0,,14000.0,45000.0,23 000 [14 000-45 000],Incidence Count,N/A
TB_e_inc_num,Number of incident tuberculosis cases,SEN,Senegal,2017,,24000.0,,14000.0,46000.0,24 000 [14 000-46 000],Incidence Count,N/A
TB_e_inc_num,Number of incident tuberculosis cases,SEN,Senegal,2016,,24000.0,,14000.0,47000.0,24 000 [14 000-47 000],Incidence Count,N/A
TB_e_inc_num,Number of incident tuberculosis cases,SEN,Senegal,2015,,24000.0,,14000.0,48000.0,24 000 [14 000-48 000],Incidence Count,N/A
TB_e_inc_num,Number of incident tuberculosis cases,SEN,Senegal,2014,,24000.0,,14000.0,49000.0,24 000 [14 000-49 000],Incidence Count,N/A
TB_e_inc_num,Number of incident tuberculosis cases,SEN,Senegal,2013,,24000.0,,14000.0,49000.0,24 000 [14 000-49 000],Incidence Count,N/A
TB_e_inc_num,Number of incident tuberculosis cases,SEN,Senegal,2012,,24000.0,,14000.0,49000.0,24 000 [14 000-49 000],Incidence Count,N/A
TB_e_inc_num,Number of incident tuberculosis cases,SEN,Senegal,2011,,23000.0,,14000.0,48000.0,23 000 [14 000-48 000],Incidence Count,N/A
TB_e_inc_num,Number of incident tuberculosis cases,SEN,Senegal,2010,,23000.0,,13000.0,48000.0,23 000 [13 000-48 000],Incidence Count,N/A
TB_e_inc_num,Number of incident tuberculosis cases,SEN,Senegal,2009,,23000.0,,13000.0,47000.0,23 000 [13 000-47 000],Incidence Count,N/A
TB_e_inc_num,Number of incident tuberculosis cases,SEN,Senegal,2008,,22000.0,,13000.0,47000.0,22 000 [13 000-47 000],Incidence Count,N/A
TB_e_inc_num,Number of incident tuberculosis cases,SEN,Senegal,2007,,22000.0,,13000.0,47000.0,22 000 [13 000-47 000],Incidence Count,N/A
TB_e_inc_num,Number of incident tuberculosis cases,SEN,Senegal,2006,,21000.0,,12000.0,47000.0,21 000 [12 000-47 000],Incidence Count,N/A
TB_e_inc_num,Number of incident tuberculosis cases,SEN,Senegal,2005,,21000.0,,12000.0,47000.0,21 000 [12 000-47 000],Incidence Count,N/A
TB_e_inc_num,Number of incident tuberculosis cases,SEN,Senegal,2004,,20000.0,,11000.0,47000.0,20 000 [11 000-47 000],Incidence Count,N/A
TB_e_inc_num,Number of incident tuberculosis cases,SEN,Senegal,2003,,20000.0,,11000.0,47000.0,20 000 [11 000-47 000],Incidence Count,N/A
TB_e_inc_num,Number of incident tuberculosis cases,SEN,Senegal,2002,,19000.0,,10000.0,47000.0,19 000 [10 000-47 000],Incidence Count,N/A
TB_e_inc_num,Number of incident tuberculosis cases,SEN,Senegal,2001,,18000.0,,9500.0,46000.0,18 000 [9500-46 000],Incidence Count,N/A
TB_e_inc_num,Number of incident tuberculosis cases,SEN,Senegal,2000,,17000.0,,8900.0,46000.0,17 000 [8900-46 000],Incidence Count,N/A
TB_e_inc_num,Number of incident tuberculosis cases,SLE,Sierra Leone,2024,,32000.0,,20000.0,62000.0,32 000 [20 000-62 000],Incidence Count,N/A
TB_e_inc_num,Number of incident tuberculosis cases,SLE,Sierra Leone,2023,,32000.0,,20000.0,62000.0,32 000 [20 000-62 000],Incidence Count,N/A
TB_e_inc_num,Number of incident tuberculosis cases,SLE,Sierra Leone,2022,,32000.0,,20000.0,62000.0,32 000 [20 000-62 000],Incidence Count,N/A
TB_e_inc_num,Number of incident tuberculosis cases,SLE,Sierra Leone,2021,,32000.0,,20000.0,62000.0,32 000 [20 000-62 000],Incidence Count,N/A
TB_e_inc_num,Number of incident tuberculosis cases,SLE,Sierra Leone,2020,,32000.0,,20000.0,61000.0,32 000 [20 000-61 000],Incidence Count,N/A
TB_e_inc_num,Number of incident tuberculosis cases,SLE,Sierra Leone,2019,,32000.0,,19000.0,61000.0,32 000 [19 000-61 000],Incidence Count,N/A
TB_e_inc_num,Number of incident tuberculosis cases,SLE,Sierra Leone,2018,,32000.0,,19000.0,61000.0,32 000 [19 000-61 000],Incidence Count,N/A
TB_e_inc_num,Number of incident tuberculosis cases,SLE,Sierra Leone,2017,,32000.0,,19000.0,61000.0,32 000 [19 000-61 000],Incidence Count,N/A
TB_e_inc_num,Number of incident tuberculosis cases,SLE,Sierra Leone,2016,,32000.0,,19000.0,61000.0,32 000 [19 000-61 000],Incidence Count,N/A
TB_e_inc_num,Number of incident tuberculosis cases,SLE,Sierra Leone,2015,,31000.0,,19000.0,60000.0,31 000 [19 000-60 000],Incidence Count,N/A
TB_e_inc_num,Number of incident tuberculosis cases,SLE,Sierra Leone,2014,,31000.0,,19000.0,60000.0,31 000 [19 000-60 000],Incidence Count,N/A
TB_e_inc_num,Number of incident tuberculosis cases,SLE,Sierra Leone,2013,,31000.0,,19000.0,60000.0,31 000 [19 000-60 000],Incidence Count,N/A
TB_e_inc_num,Number of incident tuberculosis cases,SLE,Sierra Leone,2012,,31000.0,,19000.0,60000.0,31 000 [19 000-60 000],Incidence Count,N/A
TB_e_inc_num,Number of incident tuberculosis cases,SLE,Sierra Leone,2011,,31000.0,,19000.0,60000.0,31 000 [19 000-60 000],Incidence Count,N/A
TB_e_inc_num,Number of incident tuberculosis cases,SLE,Sierra Leone,2010,,31000.0,,19000.0,59000.0,31 000 [19 000-59 000],Incidence Count,N/A
TB_e_inc_num,Number of incident tuberculosis cases,SLE,Sierra Leone,2009,,31000.0,,19000.0,59000.0,31 000 [19 000-59 000],Incidence Count,N/A
TB_e_inc_num,Number of incident tuberculosis cases,SLE,Sierra Leone,2008,,30000.0,,19000.0,58000.0,30 000 [19 000-58 000],Incidence Count,N/A
TB_e_inc_num,Number of incident tuberculosis cases,SLE,Sierra Leone,2007,,30000.0,,18000.0,58000.0,30 000 [18 000-58 000],Incidence Count,N/A
TB_e_inc_num,Number of incident tuberculosis cases,SLE,Sierra Leone,2006,,30000.0,,18000.0,58000.0,30 000 [18 000-58 000],Incidence Count,N/A
TB_e_inc_num,Number of incident tuberculosis cases,SLE,Sierra Leone,2005,,30000.0,,18000.0,58000.0,30 000 [18 000-58 000],Incidence Count,N/A
TB_e_inc_num,Number of incident tuberculosis cases,SLE,Sierra Leone,2004,,30000.0,,18000.0,57000.0,30 000 [18 000-57 000],Incidence Count,N/A
TB_e_inc_num,Number of incident tuberculosis cases,SLE,Sierra Leone,2003,,29000.0,,18000.0,57000.0,29 000 [18 000-57 000],Incidence Count,N/A
TB_e_inc_num,Number of incident tuberculosis cases,SLE,Sierra Leone,2002,,29000.0,,18000.0,56000.0,29 000 [18 000-56 000],Incidence Count,N/A
TB_e_inc_num,Number of incident tuberculosis cases,SLE,Sierra Leone,2001,,28000.0,,17000.0,53000.0,28 000 [17 000-53 000],Incidence Count,N/A
TB_e_inc_num,Number of incident tuberculosis cases,SLE,Sierra Leone,2000,,27000.0,,16000.0,51000.0,27 000 [16 000-51 000],Incidence Count,N/A
TB_e_inc_num,Number of incident tuberculosis cases,SSD,South Sudan,2024,,38000.0,,24000.0,72000.0,38 000 [24 000-72 000],Incidence Count,N/A
TB_e_inc_num,Number of incident tuberculosis cases,SSD,South Sudan,2023,,37000.0,,23000.0,71000.0,37 000 [23 000-71 000],Incidence Count,N/A
TB_e_inc_num,Number of incident tuberculosis cases,SSD,South Sudan,2022,,37000.0,,23000.0,69000.0,37 000 [23 000-69 000],Incidence Count,N/A
TB_e_inc_num,Number of incident tuberculosis cases,SSD,South Sudan,2021,,37000.0,,23000.0,70000.0,37 000 [23 000-70 000],Incidence Count,N/A
TB_e_inc_num,Number of incident tuberculosis cases,SSD,South Sudan,2020,,37000.0,,23000.0,70000.0,37 000 [23 000-70 000],Incidence Count,N/A
TB_e_inc_num,Number of incident tuberculosis cases,SSD,South Sudan,2019,,37000.0,,23000.0,70000.0,37 000 [23 000-70 000],Incidence Count,N/A
TB_e_inc_num,Number of incident tuberculosis cases,SSD,South Sudan,2018,,37000.0,,23000.0,69000.0,37 000 [23 000-69 000],Incidence Count,N/A
TB_e_inc_num,Number of incident tuberculosis cases,SSD,South Sudan,2017,,38000.0,,23000.0,71000.0,38 000 [23 000-71 000],Incidence Count,N/A
TB_e_inc_num,Number of incident tuberculosis cases,SSD,South Sudan,2016,,41000.0,,25000.0,77000.0,41 000 [25 000-77 000],Incidence Count,N/A
TB_e_inc_num,Number of incident tuberculosis cases,SSD,South Sudan,2015,,43000.0,,26000.0,81000.0,43 000 [26 000-81 000],Incidence Count,N/A
TB_e_inc_num,Number of incident tuberculosis cases,SSD,South Sudan,2014,,44000.0,,27000.0,83000.0,44 000 [27 000-83 000],Incidence Count,N/A
TB_e_inc_num,Number of incident tuberculosis cases,SSD,South Sudan,2013,,45000.0,,28000.0,84000.0,45 000 [28 000-84 000],Incidence Count,N/A
TB_e_inc_num,Number of incident tuberculosis cases,SSD,South Sudan,2012,,44000.0,,27000.0,83000.0,44 000 [27 000-83 000],Incidence Count,N/A
TB_e_inc_num,Number of incident tuberculosis cases,SSD,South Sudan,2011,,43000.0,,26000.0,81000.0,43 000 [26 000-81 000],Incidence Count,N/A
TB_e_inc_num,Number of incident tuberculosis cases,STP,Sao Tome and Principe,2024,,210.0,,170.0,250.0,210 [170-250],Incidence Count,N/A
TB_e_inc_num,Number of incident tuberculosis cases,STP,Sao Tome and Principe,2023,,170.0,,140.0,200.0,170 [140-200],Incidence Count,N/A
TB_e_inc_num,Number of incident tuberculosis cases,STP,Sao Tome and Principe,2022,,200.0,,160.0,240.0,200 [160-240],Incidence Count,N/A
TB_e_inc_num,Number of incident tuberculosis cases,STP,Sao Tome and Principe,2021,,130.0,,110.0,160.0,130 [110-160],Incidence Count,N/A
TB_e_inc_num,Number of incident tuberculosis cases,STP,Sao Tome and Principe,2020,,150.0,,120.0,180.0,150 [120-180],Incidence Count,N/A
TB_e_inc_num,Number of incident tuberculosis cases,STP,Sao Tome and Principe,2019,,230.0,,190.0,280.0,230 [190-280],Incidence Count,N/A
TB_e_inc_num,Number of incident tuberculosis cases,STP,Sao Tome and Principe,2018,,260.0,,210.0,310.0,260 [210-310],Incidence Count,N/A
TB_e_inc_num,Number of incident tuberculosis cases,STP,Sao Tome and Principe,2017,,250.0,,210.0,300.0,250 [210-300],Incidence Count,N/A
TB_e_inc_num,Number of incident tuberculosis cases,STP,Sao Tome and Principe,2016,,360.0,,290.0,430.0,360 [290-430],Incidence Count,N/A
TB_e_inc_num,Number of incident tuberculosis cases,STP,Sao Tome and Principe,2015,,350.0,,290.0,420.0,350 [290-420],Incidence Count,N/A
TB_e_inc_num,Number of incident tuberculosis cases,STP,Sao Tome and Principe,2014,,320.0,,260.0,390.0,320 [260-390],Incidence Count,N/A
TB_e_inc_num,Number of incident tuberculosis cases,STP,Sao Tome and Principe,2013,,310.0,,250.0,370.0,310 [250-370],Incidence Count,N/A
TB_e_inc_num,Number of incident tuberculosis cases,STP,Sao Tome and Principe,2012,,250.0,,200.0,300.0,250 [200-300],Incidence Count,N/A
TB_e_inc_num,Number of incident tuberculosis cases,STP,Sao Tome and Principe,2011,,300.0,,250.0,370.0,300 [250-370],Incidence Count,N/A
TB_e_inc_num,Number of incident tuberculosis cases,STP,Sao Tome and Principe,2010,,280.0,,230.0,340.0,280 [230-340],Incidence Count,N/A
TB_e_inc_num,Number of incident tuberculosis cases,STP,Sao Tome and Principe,2009,,190.0,,150.0,230.0,190 [150-230],Incidence Count,N/A
TB_e_inc_num,Number of incident tuberculosis cases,STP,Sao Tome and Principe,2008,,180.0,,140.0,210.0,180 [140-210],Incidence Count,N/A
TB_e_inc_num,Number of incident tuberculosis cases,STP,Sao Tome and Principe,2007,,260.0,,210.0,310.0,260 [210-310],Incidence Count,N/A
TB_e_inc_num,Number of incident tuberculosis cases,STP,Sao Tome and Principe,2006,,450.0,,370.0,550.0,450 [370-550],Incidence Count,N/A
TB_e_inc_num,Number of incident tuberculosis cases,STP,Sao Tome and Principe,2005,,430.0,,350.0,520.0,430 [350-520],Incidence Count,N/A
TB_e_inc_num,Number of incident tuberculosis cases,STP,Sao Tome and Principe,2004,,400.0,,320.0,480.0,400 [320-480],Incidence Count,N/A
TB_e_inc_num,Number of incident tuberculosis cases,STP,Sao Tome and Principe,2003,,360.0,,300.0,440.0,360 [300-440],Incidence Count,N/A
TB_e_inc_num,Number of incident tuberculosis cases,STP,Sao Tome and Principe,2002,,330.0,,270.0,400.0,330 [270-400],Incidence Count,N/A
TB_e_inc_num,Number of incident tuberculosis cases,STP,Sao Tome and Principe,2001,,350.0,,290.0,430.0,350 [290-430],Incidence Count,N/A
TB_e_inc_num,Number of incident tuberculosis cases,STP,Sao Tome and Principe,2000,,370.0,,300.0,440.0,370 [300-440],Incidence Count,N/A
TB_e_inc_num,Number of incident tuberculosis cases,SWZ,Eswatini,2024,,4000.0,,2100.0,6100.0,4000 [2100-6100],Incidence Count,N/A
TB_e_inc_num,Number of incident tuberculosis cases,SWZ,Eswatini,2023,,4000.0,,2200.0,6100.0,4000 [2200-6100],Incidence Count,N/A
TB_e_inc_num,Number of incident tuberculosis cases,SWZ,Eswatini,2022,,4100.0,,2300.0,6200.0,4100 [2300-6200],Incidence Count,N/A
TB_e_inc_num,Number of incident tuberculosis cases,SWZ,Eswatini,2021,,4000.0,,2300.0,6000.0,4000 [2300-6000],Incidence Count,N/A
TB_e_inc_num,Number of incident tuberculosis cases,SWZ,Eswatini,2020,,4000.0,,2400.0,6000.0,4000 [2400-6000],Incidence Count,N/A
TB_e_inc_num,Number of incident tuberculosis cases,SWZ,Eswatini,2019,,4300.0,,2700.0,6200.0,4300 [2700-6200],Incidence Count,N/A
TB_e_inc_num,Number of incident tuberculosis cases,SWZ,Eswatini,2018,,5200.0,,2900.0,8100.0,5200 [2900-8100],Incidence Count,N/A
TB_e_inc_num,Number of incident tuberculosis cases,SWZ,Eswatini,2017,,5800.0,,3000.0,9600.0,5800 [3000-9600],Incidence Count,N/A
TB_e_inc_num,Number of incident tuberculosis cases,SWZ,Eswatini,2016,,6200.0,,3000.0,10000.0,6200 [3000-10 000],Incidence Count,N/A
TB_e_inc_num,Number of incident tuberculosis cases,SWZ,Eswatini,2015,,7400.0,,3000.0,14000.0,7400 [3000-14 000],Incidence Count,N/A
TB_e_inc_num,Number of incident tuberculosis cases,SWZ,Eswatini,2014,,9700.0,,2700.0,21000.0,9700 [2700-21 000],Incidence Count,N/A
TB_e_inc_num,Number of incident tuberculosis cases,SWZ,Eswatini,2013,,12000.0,,2200.0,29000.0,12 000 [2200-29 000],Incidence Count,N/A
TB_e_inc_num,Number of incident tuberculosis cases,SWZ,Eswatini,2012,,13000.0,,1900.0,33000.0,13 000 [1900-33 000],Incidence Count,N/A
TB_e_inc_num,Number of incident tuberculosis cases,SWZ,Eswatini,2011,,15000.0,,1300.0,43000.0,15 000 [1300-43 000],Incidence Count,N/A
TB_e_inc_num,Number of incident tuberculosis cases,SWZ,Eswatini,2010,,18000.0,,650.0,61000.0,18 000 [650-61 000],Incidence Count,N/A
TB_e_inc_num,Number of incident tuberculosis cases,SWZ,Eswatini,2009,,18000.0,,640.0,61000.0,18 000 [640-61 000],Incidence Count,N/A
TB_e_inc_num,Number of incident tuberculosis cases,SWZ,Eswatini,2008,,15000.0,,1100.0,47000.0,15 000 [1100-47 000],Incidence Count,N/A
TB_e_inc_num,Number of incident tuberculosis cases,SWZ,Eswatini,2007,,16000.0,,990.0,49000.0,16 000 [990-49 000],Incidence Count,N/A
TB_e_inc_num,Number of incident tuberculosis cases,SWZ,Eswatini,2006,,16000.0,,910.0,51000.0,16 000 [910-51 000],Incidence Count,N/A
TB_e_inc_num,Number of incident tuberculosis cases,SWZ,Eswatini,2005,,15000.0,,1000.0,48000.0,15 000 [1000-48 000],Incidence Count,N/A
TB_e_inc_num,Number of incident tuberculosis cases,SWZ,Eswatini,2004,,14000.0,,1300.0,42000.0,14 000 [1300-42 000],Incidence Count,N/A
TB_e_inc_num,Number of incident tuberculosis cases,SWZ,Eswatini,2003,,14000.0,,1400.0,39000.0,14 000 [1400-39 000],Incidence Count,N/A
TB_e_inc_num,Number of incident tuberculosis cases,SWZ,Eswatini,2002,,12000.0,,1800.0,31000.0,12 000 [1800-31 000],Incidence Count,N/A
TB_e_inc_num,Number of incident tuberculosis cases,SWZ,Eswatini,2001,,11000.0,,2100.0,26000.0,11 000 [2100-26 000],Incidence Count,N/A
TB_e_inc_num,Number of incident tuberculosis cases,SWZ,Eswatini,2000,,10000.0,,2100.0,24000.0,10 000 [2100-24 000],Incidence Count,N/A
TB_e_inc_num,Number of incident tuberculosis cases,SYC,Seychelles,2024,,22.0,,18.0,27.0,22 [18-27],Incidence Count,N/A
TB_e_inc_num,Number of incident tuberculosis cases,SYC,Seychelles,2023,,23.0,,19.0,28.0,23 [19-28],Incidence Count,N/A
TB_e_inc_num,Number of incident tuberculosis cases,SYC,Seychelles,2022,,16.0,,13.0,19.0,16 [13-19],Incidence Count,N/A
TB_e_inc_num,Number of incident tuberculosis cases,SYC,Seychelles,2021,,11.0,,9.0,13.0,11 [9-13],Incidence Count,N/A
TB_e_inc_num,Number of incident tuberculosis cases,SYC,Seychelles,2020,,9.0,,7.0,11.0,9 [7-11],Incidence Count,N/A
TB_e_inc_num,Number of incident tuberculosis cases,SYC,Seychelles,2019,,14.0,,11.0,17.0,14 [11-17],Incidence Count,N/A
TB_e_inc_num,Number of incident tuberculosis cases,SYC,Seychelles,2018,,15.0,,12.0,18.0,15 [12-18],Incidence Count,N/A
TB_e_inc_num,Number of incident tuberculosis cases,SYC,Seychelles,2017,,16.0,,13.0,19.0,16 [13-19],Incidence Count,N/A
TB_e_inc_num,Number of incident tuberculosis cases,SYC,Seychelles,2016,,12.0,,10.0,14.0,12 [10-14],Incidence Count,N/A
TB_e_inc_num,Number of incident tuberculosis cases,SYC,Seychelles,2015,,8.0,,7.0,10.0,8 [7-10],Incidence Count,N/A
TB_e_inc_num,Number of incident tuberculosis cases,SYC,Seychelles,2014,,13.0,,11.0,16.0,13 [11-16],Incidence Count,N/A
TB_e_inc_num,Number of incident tuberculosis cases,SYC,Seychelles,2013,,24.0,,20.0,29.0,24 [20-29],Incidence Count,N/A
TB_e_inc_num,Number of incident tuberculosis cases,SYC,Seychelles,2012,,20.0,,16.0,24.0,20 [16-24],Incidence Count,N/A
TB_e_inc_num,Number of incident tuberculosis cases,SYC,Seychelles,2011,,21.0,,17.0,25.0,21 [17-25],Incidence Count,N/A
TB_e_inc_num,Number of incident tuberculosis cases,SYC,Seychelles,2010,,17.0,,14.0,20.0,17 [14-20],Incidence Count,N/A
TB_e_inc_num,Number of incident tuberculosis cases,SYC,Seychelles,2009,,15.0,,12.0,18.0,15 [12-18],Incidence Count,N/A
TB_e_inc_num,Number of incident tuberculosis cases,SYC,Seychelles,2008,,6.0,,5.0,7.0,6 [5-7],Incidence Count,N/A
TB_e_inc_num,Number of incident tuberculosis cases,SYC,Seychelles,2007,,17.0,,14.0,20.0,17 [14-20],Incidence Count,N/A
TB_e_inc_num,Number of incident tuberculosis cases,SYC,Seychelles,2006,,17.0,,14.0,21.0,17 [14-21],Incidence Count,N/A
TB_e_inc_num,Number of incident tuberculosis cases,SYC,Seychelles,2005,,14.0,,11.0,17.0,14 [11-17],Incidence Count,N/A
TB_e_inc_num,Number of incident tuberculosis cases,SYC,Seychelles,2004,,18.0,,15.0,22.0,18 [15-22],Incidence Count,N/A
TB_e_inc_num,Number of incident tuberculosis cases,SYC,Seychelles,2003,,10.0,,8.0,12.0,10 [8-12],Incidence Count,N/A
TB_e_inc_num,Number of incident tuberculosis cases,SYC,Seychelles,2002,,29.0,,24.0,35.0,29 [24-35],Incidence Count,N/A
TB_e_inc_num,Number of incident tuberculosis cases,SYC,Seychelles,2001,,19.0,,15.0,23.0,19 [15-23],Incidence Count,N/A
TB_e_inc_num,Number of incident tuberculosis cases,SYC,Seychelles,2000,,20.0,,16.0,24.0,20 [16-24],Incidence Count,N/A
TB_e_inc_num,Number of incident tuberculosis cases,TCD,Chad,2024,,24000.0,,15000.0,45000.0,24 000 [15 000-45 000],Incidence Count,N/A
TB_e_inc_num,Number of incident tuberculosis cases,TCD,Chad,2023,,23000.0,,14000.0,44000.0,23 000 [14 000-44 000],Incidence Count,N/A
TB_e_inc_num,Number of incident tuberculosis cases,TCD,Chad,2022,,23000.0,,14000.0,43000.0,23 000 [14 000-43 000],Incidence Count,N/A
TB_e_inc_num,Number of incident tuberculosis cases,TCD,Chad,2021,,23000.0,,14000.0,43000.0,23 000 [14 000-43 000],Incidence Count,N/A
TB_e_inc_num,Number of incident tuberculosis cases,TCD,Chad,2020,,22000.0,,14000.0,43000.0,22 000 [14 000-43 000],Incidence Count,N/A
TB_e_inc_num,Number of incident tuberculosis cases,TCD,Chad,2019,,23000.0,,14000.0,44000.0,23 000 [14 000-44 000],Incidence Count,N/A
TB_e_inc_num,Number of incident tuberculosis cases,TCD,Chad,2018,,23000.0,,14000.0,45000.0,23 000 [14 000-45 000],Incidence Count,N/A
TB_e_inc_num,Number of incident tuberculosis cases,TCD,Chad,2017,,23000.0,,13000.0,46000.0,23 000 [13 000-46 000],Incidence Count,N/A
TB_e_inc_num,Number of incident tuberculosis cases,TCD,Chad,2016,,23000.0,,13000.0,48000.0,23 000 [13 000-48 000],Incidence Count,N/A
TB_e_inc_num,Number of incident tuberculosis cases,TCD,Chad,2015,,23000.0,,13000.0,49000.0,23 000 [13 000-49 000],Incidence Count,N/A
TB_e_inc_num,Number of incident tuberculosis cases,TCD,Chad,2014,,23000.0,,13000.0,50000.0,23 000 [13 000-50 000],Incidence Count,N/A
TB_e_inc_num,Number of incident tuberculosis cases,TCD,Chad,2013,,23000.0,,13000.0,51000.0,23 000 [13 000-51 000],Incidence Count,N/A
TB_e_inc_num,Number of incident tuberculosis cases,TCD,Chad,2012,,22000.0,,13000.0,50000.0,22 000 [13 000-50 000],Incidence Count,N/A
TB_e_inc_num,Number of incident tuberculosis cases,TCD,Chad,2011,,21000.0,,12000.0,48000.0,21 000 [12 000-48 000],Incidence Count,N/A
TB_e_inc_num,Number of incident tuberculosis cases,TCD,Chad,2010,,20000.0,,11000.0,46000.0,20 000 [11 000-46 000],Incidence Count,N/A
TB_e_inc_num,Number of incident tuberculosis cases,TCD,Chad,2009,,19000.0,,10000.0,43000.0,19 000 [10 000-43 000],Incidence Count,N/A
TB_e_inc_num,Number of incident tuberculosis cases,TCD,Chad,2008,,17000.0,,9500.0,41000.0,17 000 [9500-41 000],Incidence Count,N/A
TB_e_inc_num,Number of incident tuberculosis cases,TCD,Chad,2007,,16000.0,,8700.0,38000.0,16 000 [8700-38 000],Incidence Count,N/A
TB_e_inc_num,Number of incident tuberculosis cases,TCD,Chad,2006,,15000.0,,7900.0,36000.0,15 000 [7900-36 000],Incidence Count,N/A
TB_e_inc_num,Number of incident tuberculosis cases,TCD,Chad,2005,,14000.0,,7300.0,34000.0,14 000 [7300-34 000],Incidence Count,N/A
TB_e_inc_num,Number of incident tuberculosis cases,TCD,Chad,2004,,13000.0,,6800.0,33000.0,13 000 [6800-33 000],Incidence Count,N/A
TB_e_inc_num,Number of incident tuberculosis cases,TCD,Chad,2003,,12000.0,,6200.0,32000.0,12 000 [6200-32 000],Incidence Count,N/A
TB_e_inc_num,Number of incident tuberculosis cases,TCD,Chad,2002,,11000.0,,5800.0,31000.0,11 000 [5800-31 000],Incidence Count,N/A
TB_e_inc_num,Number of incident tuberculosis cases,TCD,Chad,2001,,11000.0,,5500.0,31000.0,11 000 [5500-31 000],Incidence Count,N/A
TB_e_inc_num,Number of incident tuberculosis cases,TCD,Chad,2000,,10000.0,,5200.0,31000.0,10 000 [5200-31 000],Incidence Count,N/A
TB_e_inc_num,Number of incident tuberculosis cases,TGO,Togo,2024,,4500.0,,2800.0,8800.0,4500 [2800-8800],Incidence Count,N/A
TB_e_inc_num,Number of incident tuberculosis cases,TGO,Togo,2023,,4400.0,,2700.0,8400.0,4400 [2700-8400],Incidence Count,N/A
TB_e_inc_num,Number of incident tuberculosis cases,TGO,Togo,2022,,4200.0,,2600.0,8100.0,4200 [2600-8100],Incidence Count,N/A
TB_e_inc_num,Number of incident tuberculosis cases,TGO,Togo,2021,,4200.0,,2600.0,7900.0,4200 [2600-7900],Incidence Count,N/A
TB_e_inc_num,Number of incident tuberculosis cases,TGO,Togo,2020,,4100.0,,2500.0,7900.0,4100 [2500-7900],Incidence Count,N/A
TB_e_inc_num,Number of incident tuberculosis cases,TGO,Togo,2019,,4200.0,,2500.0,8000.0,4200 [2500-8000],Incidence Count,N/A
TB_e_inc_num,Number of incident tuberculosis cases,TGO,Togo,2018,,4200.0,,2600.0,8200.0,4200 [2600-8200],Incidence Count,N/A
TB_e_inc_num,Number of incident tuberculosis cases,TGO,Togo,2017,,4400.0,,2600.0,8600.0,4400 [2600-8600],Incidence Count,N/A
TB_e_inc_num,Number of incident tuberculosis cases,TGO,Togo,2016,,4500.0,,2700.0,9100.0,4500 [2700-9100],Incidence Count,N/A
TB_e_inc_num,Number of incident tuberculosis cases,TGO,Togo,2015,,4700.0,,2800.0,9700.0,4700 [2800-9700],Incidence Count,N/A
TB_e_inc_num,Number of incident tuberculosis cases,TGO,Togo,2014,,4900.0,,2900.0,10000.0,4900 [2900-10 000],Incidence Count,N/A
TB_e_inc_num,Number of incident tuberculosis cases,TGO,Togo,2013,,5200.0,,3000.0,11000.0,5200 [3000-11 000],Incidence Count,N/A
TB_e_inc_num,Number of incident tuberculosis cases,TGO,Togo,2012,,5400.0,,3100.0,12000.0,5400 [3100-12 000],Incidence Count,N/A
TB_e_inc_num,Number of incident tuberculosis cases,TGO,Togo,2011,,5600.0,,3200.0,12000.0,5600 [3200-12 000],Incidence Count,N/A
TB_e_inc_num,Number of incident tuberculosis cases,TGO,Togo,2010,,5800.0,,3300.0,13000.0,5800 [3300-13 000],Incidence Count,N/A
TB_e_inc_num,Number of incident tuberculosis cases,TGO,Togo,2009,,5900.0,,3400.0,13000.0,5900 [3400-13 000],Incidence Count,N/A
TB_e_inc_num,Number of incident tuberculosis cases,TGO,Togo,2008,,5800.0,,3300.0,13000.0,5800 [3300-13 000],Incidence Count,N/A
TB_e_inc_num,Number of incident tuberculosis cases,TGO,Togo,2007,,5600.0,,3200.0,12000.0,5600 [3200-12 000],Incidence Count,N/A
TB_e_inc_num,Number of incident tuberculosis cases,TGO,Togo,2006,,5400.0,,3000.0,12000.0,5400 [3000-12 000],Incidence Count,N/A
TB_e_inc_num,Number of incident tuberculosis cases,TGO,Togo,2005,,5100.0,,2800.0,12000.0,5100 [2800-12 000],Incidence Count,N/A
TB_e_inc_num,Number of incident tuberculosis cases,TGO,Togo,2004,,4700.0,,2600.0,11000.0,4700 [2600-11 000],Incidence Count,N/A
TB_e_inc_num,Number of incident tuberculosis cases,TGO,Togo,2003,,4200.0,,2300.0,10000.0,4200 [2300-10 000],Incidence Count,N/A
TB_e_inc_num,Number of incident tuberculosis cases,TGO,Togo,2002,,3700.0,,2000.0,9300.0,3700 [2000-9300],Incidence Count,N/A
TB_e_inc_num,Number of incident tuberculosis cases,TGO,Togo,2001,,3200.0,,1700.0,8400.0,3200 [1700-8400],Incidence Count,N/A
TB_e_inc_num,Number of incident tuberculosis cases,TGO,Togo,2000,,2600.0,,1300.0,7400.0,2600 [1300-7400],Incidence Count,N/A
TB_e_inc_num,Number of incident tuberculosis cases,TZA,United Republic of Tanzania,2024,,118000.0,,46000.0,224000.0,118 000 [46 000-224 000],Incidence Count,N/A
TB_e_inc_num,Number of incident tuberculosis cases,TZA,United Republic of Tanzania,2023,,122000.0,,47000.0,232000.0,122 000 [47 000-232 000],Incidence Count,N/A
TB_e_inc_num,Number of incident tuberculosis cases,TZA,United Republic of Tanzania,2022,,126000.0,,53000.0,232000.0,126 000 [53 000-232 000],Incidence Count,N/A
TB_e_inc_num,Number of incident tuberculosis cases,TZA,United Republic of Tanzania,2021,,131000.0,,58000.0,233000.0,131 000 [58 000-233 000],Incidence Count,N/A
TB_e_inc_num,Number of incident tuberculosis cases,TZA,United Republic of Tanzania,2020,,135000.0,,64000.0,233000.0,135 000 [64 000-233 000],Incidence Count,N/A
TB_e_inc_num,Number of incident tuberculosis cases,TZA,United Republic of Tanzania,2019,,140000.0,,66000.0,241000.0,140 000 [66 000-241 000],Incidence Count,N/A
TB_e_inc_num,Number of incident tuberculosis cases,TZA,United Republic of Tanzania,2018,,145000.0,,64000.0,258000.0,145 000 [64 000-258 000],Incidence Count,N/A
TB_e_inc_num,Number of incident tuberculosis cases,TZA,United Republic of Tanzania,2017,,150000.0,,62000.0,275000.0,150 000 [62 000-275 000],Incidence Count,N/A
TB_e_inc_num,Number of incident tuberculosis cases,TZA,United Republic of Tanzania,2016,,155000.0,,60000.0,293000.0,155 000 [60 000-293 000],Incidence Count,N/A
TB_e_inc_num,Number of incident tuberculosis cases,TZA,United Republic of Tanzania,2015,,159000.0,,58000.0,312000.0,159 000 [58 000-312 000],Incidence Count,N/A
TB_e_inc_num,Number of incident tuberculosis cases,TZA,United Republic of Tanzania,2014,,164000.0,,55000.0,334000.0,164 000 [55 000-334 000],Incidence Count,N/A
TB_e_inc_num,Number of incident tuberculosis cases,TZA,United Republic of Tanzania,2013,,164000.0,,52000.0,338000.0,164 000 [52 000-338 000],Incidence Count,N/A
TB_e_inc_num,Number of incident tuberculosis cases,TZA,United Republic of Tanzania,2012,,179000.0,,54000.0,378000.0,179 000 [54 000-378 000],Incidence Count,N/A
TB_e_inc_num,Number of incident tuberculosis cases,TZA,United Republic of Tanzania,2011,,185000.0,,54000.0,394000.0,185 000 [54 000-394 000],Incidence Count,N/A
TB_e_inc_num,Number of incident tuberculosis cases,TZA,United Republic of Tanzania,2010,,191000.0,,54000.0,412000.0,191 000 [54 000-412 000],Incidence Count,N/A
TB_e_inc_num,Number of incident tuberculosis cases,TZA,United Republic of Tanzania,2009,,197000.0,,54000.0,432000.0,197 000 [54 000-432 000],Incidence Count,N/A
TB_e_inc_num,Number of incident tuberculosis cases,TZA,United Republic of Tanzania,2008,,202000.0,,53000.0,448000.0,202 000 [53 000-448 000],Incidence Count,N/A
TB_e_inc_num,Number of incident tuberculosis cases,TZA,United Republic of Tanzania,2007,,204000.0,,52000.0,458000.0,204 000 [52 000-458 000],Incidence Count,N/A
TB_e_inc_num,Number of incident tuberculosis cases,TZA,United Republic of Tanzania,2006,,203000.0,,50000.0,462000.0,203 000 [50 000-462 000],Incidence Count,N/A
TB_e_inc_num,Number of incident tuberculosis cases,TZA,United Republic of Tanzania,2005,,200000.0,,47000.0,461000.0,200 000 [47 000-461 000],Incidence Count,N/A
TB_e_inc_num,Number of incident tuberculosis cases,TZA,United Republic of Tanzania,2004,,194000.0,,44000.0,454000.0,194 000 [44 000-454 000],Incidence Count,N/A
TB_e_inc_num,Number of incident tuberculosis cases,TZA,United Republic of Tanzania,2003,,189000.0,,41000.0,448000.0,189 000 [41 000-448 000],Incidence Count,N/A
TB_e_inc_num,Number of incident tuberculosis cases,TZA,United Republic of Tanzania,2002,,184000.0,,38000.0,441000.0,184 000 [38 000-441 000],Incidence Count,N/A
TB_e_inc_num,Number of incident tuberculosis cases,TZA,United Republic of Tanzania,2001,,178000.0,,35000.0,434000.0,178 000 [35 000-434 000],Incidence Count,N/A
TB_e_inc_num,Number of incident tuberculosis cases,TZA,United Republic of Tanzania,2000,,172000.0,,33000.0,425000.0,172 000 [33 000-425 000],Incidence Count,N/A
TB_e_inc_num,Number of incident tuberculosis cases,UGA,Uganda,2024,,99000.0,,59000.0,148000.0,99 000 [59 000-148 000],Incidence Count,N/A
TB_e_inc_num,Number of incident tuberculosis cases,UGA,Uganda,2023,,96000.0,,58000.0,144000.0,96 000 [58 000-144 000],Incidence Count,N/A
TB_e_inc_num,Number of incident tuberculosis cases,UGA,Uganda,2022,,94000.0,,56000.0,141000.0,94 000 [56 000-141 000],Incidence Count,N/A
TB_e_inc_num,Number of incident tuberculosis cases,UGA,Uganda,2021,,91000.0,,55000.0,137000.0,91 000 [55 000-137 000],Incidence Count,N/A
TB_e_inc_num,Number of incident tuberculosis cases,UGA,Uganda,2020,,89000.0,,53000.0,133000.0,89 000 [53 000-133 000],Incidence Count,N/A
TB_e_inc_num,Number of incident tuberculosis cases,UGA,Uganda,2019,,86000.0,,50000.0,130000.0,86 000 [50 000-130 000],Incidence Count,N/A
TB_e_inc_num,Number of incident tuberculosis cases,UGA,Uganda,2018,,83000.0,,49000.0,127000.0,83 000 [49 000-127 000],Incidence Count,N/A
TB_e_inc_num,Number of incident tuberculosis cases,UGA,Uganda,2017,,81000.0,,47000.0,123000.0,81 000 [47 000-123 000],Incidence Count,N/A
TB_e_inc_num,Number of incident tuberculosis cases,UGA,Uganda,2016,,78000.0,,46000.0,119000.0,78 000 [46 000-119 000],Incidence Count,N/A
TB_e_inc_num,Number of incident tuberculosis cases,UGA,Uganda,2015,,76000.0,,45000.0,115000.0,76 000 [45 000-115 000],Incidence Count,N/A
TB_e_inc_num,Number of incident tuberculosis cases,UGA,Uganda,2014,,74000.0,,46000.0,108000.0,74 000 [46 000-108 000],Incidence Count,N/A
TB_e_inc_num,Number of incident tuberculosis cases,UGA,Uganda,2013,,72000.0,,47000.0,102000.0,72 000 [47 000-102 000],Incidence Count,N/A
TB_e_inc_num,Number of incident tuberculosis cases,UGA,Uganda,2012,,70000.0,,46000.0,100000.0,70 000 [46 000-100 000],Incidence Count,N/A
TB_e_inc_num,Number of incident tuberculosis cases,UGA,Uganda,2011,,69000.0,,47000.0,96000.0,69 000 [47 000-96 000],Incidence Count,N/A
TB_e_inc_num,Number of incident tuberculosis cases,UGA,Uganda,2010,,68000.0,,44000.0,97000.0,68 000 [44 000-97 000],Incidence Count,N/A
TB_e_inc_num,Number of incident tuberculosis cases,UGA,Uganda,2009,,67000.0,,43000.0,97000.0,67 000 [43 000-97 000],Incidence Count,N/A
TB_e_inc_num,Number of incident tuberculosis cases,UGA,Uganda,2008,,66000.0,,43000.0,95000.0,66 000 [43 000-95 000],Incidence Count,N/A
TB_e_inc_num,Number of incident tuberculosis cases,UGA,Uganda,2007,,66000.0,,41000.0,96000.0,66 000 [41 000-96 000],Incidence Count,N/A
TB_e_inc_num,Number of incident tuberculosis cases,UGA,Uganda,2006,,65000.0,,41000.0,96000.0,65 000 [41 000-96 000],Incidence Count,N/A
TB_e_inc_num,Number of incident tuberculosis cases,UGA,Uganda,2005,,65000.0,,40000.0,96000.0,65 000 [40 000-96 000],Incidence Count,N/A
TB_e_inc_num,Number of incident tuberculosis cases,UGA,Uganda,2004,,65000.0,,42000.0,93000.0,65 000 [42 000-93 000],Incidence Count,N/A
TB_e_inc_num,Number of incident tuberculosis cases,UGA,Uganda,2003,,65000.0,,41000.0,95000.0,65 000 [41 000-95 000],Incidence Count,N/A
TB_e_inc_num,Number of incident tuberculosis cases,UGA,Uganda,2002,,65000.0,,38000.0,100000.0,65 000 [38 000-100 000],Incidence Count,N/A
TB_e_inc_num,Number of incident tuberculosis cases,UGA,Uganda,2001,,66000.0,,34000.0,108000.0,66 000 [34 000-108 000],Incidence Count,N/A
TB_e_inc_num,Number of incident tuberculosis cases,UGA,Uganda,2000,,66000.0,,25000.0,126000.0,66 000 [25 000-126 000],Incidence Count,N/A
TB_e_inc_num,Number of incident tuberculosis cases,ZAF,South Africa,2024,,249000.0,,155000.0,365000.0,249 000 [155 000-365 000],Incidence Count,N/A
TB_e_inc_num,Number of incident tuberculosis cases,ZAF,South Africa,2023,,270000.0,,168000.0,395000.0,270 000 [168 000-395 000],Incidence Count,N/A
TB_e_inc_num,Number of incident tuberculosis cases,ZAF,South Africa,2022,,292000.0,,190000.0,415000.0,292 000 [190 000-415 000],Incidence Count,N/A
TB_e_inc_num,Number of incident tuberculosis cases,ZAF,South Africa,2021,,315000.0,,214000.0,436000.0,315 000 [214 000-436 000],Incidence Count,N/A
TB_e_inc_num,Number of incident tuberculosis cases,ZAF,South Africa,2020,,340000.0,,240000.0,458000.0,340 000 [240 000-458 000],Incidence Count,N/A
TB_e_inc_num,Number of incident tuberculosis cases,ZAF,South Africa,2019,,366000.0,,255000.0,498000.0,366 000 [255 000-498 000],Incidence Count,N/A
TB_e_inc_num,Number of incident tuberculosis cases,ZAF,South Africa,2018,,397000.0,,266000.0,554000.0,397 000 [266 000-554 000],Incidence Count,N/A
TB_e_inc_num,Number of incident tuberculosis cases,ZAF,South Africa,2017,,426000.0,,273000.0,611000.0,426 000 [273 000-611 000],Incidence Count,N/A
TB_e_inc_num,Number of incident tuberculosis cases,ZAF,South Africa,2016,,461000.0,,283000.0,681000.0,461 000 [283 000-681 000],Incidence Count,N/A
TB_e_inc_num,Number of incident tuberculosis cases,ZAF,South Africa,2015,,561000.0,,303000.0,895000.0,561 000 [303 000-895 000],Incidence Count,N/A
TB_e_inc_num,Number of incident tuberculosis cases,ZAF,South Africa,2014,,594000.0,,303000.0,980000.0,594 000 [303 000-980 000],Incidence Count,N/A
TB_e_inc_num,Number of incident tuberculosis cases,ZAF,South Africa,2013,,604000.0,,299000.0,1010000.0,604 000 [299 000-1 010 000],Incidence Count,N/A
TB_e_inc_num,Number of incident tuberculosis cases,ZAF,South Africa,2012,,625000.0,,297000.0,1070000.0,625 000 [297 000-1 070 000],Incidence Count,N/A
TB_e_inc_num,Number of incident tuberculosis cases,ZAF,South Africa,2011,,636000.0,,354000.0,1000000.0,636 000 [354 000-1 000 000],Incidence Count,N/A
TB_e_inc_num,Number of incident tuberculosis cases,ZAF,South Africa,2010,,646000.0,,326000.0,1070000.0,646 000 [326 000-1 070 000],Incidence Count,N/A
TB_e_inc_num,Number of incident tuberculosis cases,ZAF,South Africa,2009,,651000.0,,328000.0,1080000.0,651 000 [328 000-1 080 000],Incidence Count,N/A
TB_e_inc_num,Number of incident tuberculosis cases,ZAF,South Africa,2008,,651000.0,,303000.0,1130000.0,651 000 [303 000-1 130 000],Incidence Count,N/A
TB_e_inc_num,Number of incident tuberculosis cases,ZAF,South Africa,2007,,643000.0,,208000.0,1310000.0,643 000 [208 000-1 310 000],Incidence Count,N/A
TB_e_inc_num,Number of incident tuberculosis cases,ZAF,South Africa,2006,,627000.0,,207000.0,1270000.0,627 000 [207 000-1 270 000],Incidence Count,N/A
TB_e_inc_num,Number of incident tuberculosis cases,ZAF,South Africa,2005,,601000.0,,208000.0,1190000.0,601 000 [208 000-1 190 000],Incidence Count,N/A
TB_e_inc_num,Number of incident tuberculosis cases,ZAF,South Africa,2004,,564000.0,,209000.0,1090000.0,564 000 [209 000-1 090 000],Incidence Count,N/A
TB_e_inc_num,Number of incident tuberculosis cases,ZAF,South Africa,2003,,518000.0,,210000.0,961000.0,518 000 [210 000-961 000],Incidence Count,N/A
TB_e_inc_num,Number of incident tuberculosis cases,ZAF,South Africa,2002,,466000.0,,208000.0,825000.0,466 000 [208 000-825 000],Incidence Count,N/A
TB_e_inc_num,Number of incident tuberculosis cases,ZAF,South Africa,2001,,413000.0,,204000.0,692000.0,413 000 [204 000-692 000],Incidence Count,N/A
TB_e_inc_num,Number of incident tuberculosis cases,ZAF,South Africa,2000,,360000.0,,196000.0,571000.0,360 000 [196 000-571 000],Incidence Count,N/A
TB_e_inc_num,Number of incident tuberculosis cases,ZMB,Zambia,2024,,58000.0,,35000.0,86000.0,58 000 [35 000-86 000],Incidence Count,N/A
TB_e_inc_num,Number of incident tuberculosis cases,ZMB,Zambia,2023,,59000.0,,36000.0,87000.0,59 000 [36 000-87 000],Incidence Count,N/A
TB_e_inc_num,Number of incident tuberculosis cases,ZMB,Zambia,2022,,59000.0,,37000.0,87000.0,59 000 [37 000-87 000],Incidence Count,N/A
TB_e_inc_num,Number of incident tuberculosis cases,ZMB,Zambia,2021,,60000.0,,38000.0,87000.0,60 000 [38 000-87 000],Incidence Count,N/A
TB_e_inc_num,Number of incident tuberculosis cases,ZMB,Zambia,2020,,61000.0,,40000.0,87000.0,61 000 [40 000-87 000],Incidence Count,N/A
TB_e_inc_num,Number of incident tuberculosis cases,ZMB,Zambia,2019,,62000.0,,40000.0,88000.0,62 000 [40 000-88 000],Incidence Count,N/A
TB_e_inc_num,Number of incident tuberculosis cases,ZMB,Zambia,2018,,62000.0,,40000.0,90000.0,62 000 [40 000-90 000],Incidence Count,N/A
TB_e_inc_num,Number of incident tuberculosis cases,ZMB,Zambia,2017,,63000.0,,39000.0,92000.0,63 000 [39 000-92 000],Incidence Count,N/A
TB_e_inc_num,Number of incident tuberculosis cases,ZMB,Zambia,2016,,64000.0,,39000.0,94000.0,64 000 [39 000-94 000],Incidence Count,N/A
TB_e_inc_num,Number of incident tuberculosis cases,ZMB,Zambia,2015,,64000.0,,38000.0,97000.0,64 000 [38 000-97 000],Incidence Count,N/A
TB_e_inc_num,Number of incident tuberculosis cases,ZMB,Zambia,2014,,65000.0,,37000.0,99000.0,65 000 [37 000-99 000],Incidence Count,N/A
TB_e_inc_num,Number of incident tuberculosis cases,ZMB,Zambia,2013,,67000.0,,37000.0,106000.0,67 000 [37 000-106 000],Incidence Count,N/A
TB_e_inc_num,Number of incident tuberculosis cases,ZMB,Zambia,2012,,68000.0,,36000.0,109000.0,68 000 [36 000-109 000],Incidence Count,N/A
TB_e_inc_num,Number of incident tuberculosis cases,ZMB,Zambia,2011,,69000.0,,36000.0,112000.0,69 000 [36 000-112 000],Incidence Count,N/A
TB_e_inc_num,Number of incident tuberculosis cases,ZMB,Zambia,2010,,69000.0,,35000.0,115000.0,69 000 [35 000-115 000],Incidence Count,N/A
TB_e_inc_num,Number of incident tuberculosis cases,ZMB,Zambia,2009,,69000.0,,34000.0,117000.0,69 000 [34 000-117 000],Incidence Count,N/A
TB_e_inc_num,Number of incident tuberculosis cases,ZMB,Zambia,2008,,70000.0,,33000.0,120000.0,70 000 [33 000-120 000],Incidence Count,N/A
TB_e_inc_num,Number of incident tuberculosis cases,ZMB,Zambia,2007,,70000.0,,32000.0,122000.0,70 000 [32 000-122 000],Incidence Count,N/A
TB_e_inc_num,Number of incident tuberculosis cases,ZMB,Zambia,2006,,70000.0,,36000.0,114000.0,70 000 [36 000-114 000],Incidence Count,N/A
TB_e_inc_num,Number of incident tuberculosis cases,ZMB,Zambia,2005,,71000.0,,37000.0,115000.0,71 000 [37 000-115 000],Incidence Count,N/A
TB_e_inc_num,Number of incident tuberculosis cases,ZMB,Zambia,2004,,72000.0,,40000.0,111000.0,72 000 [40 000-111 000],Incidence Count,N/A
TB_e_inc_num,Number of incident tuberculosis cases,ZMB,Zambia,2003,,73000.0,,43000.0,110000.0,73 000 [43 000-110 000],Incidence Count,N/A
TB_e_inc_num,Number of incident tuberculosis cases,ZMB,Zambia,2002,,74000.0,,36000.0,126000.0,74 000 [36 000-126 000],Incidence Count,N/A
TB_e_inc_num,Number of incident tuberculosis cases,ZMB,Zambia,2001,,75000.0,,25000.0,152000.0,75 000 [25 000-152 000],Incidence Count,N/A
TB_e_inc_num,Number of incident tuberculosis cases,ZMB,Zambia,2000,,76000.0,,24000.0,158000.0,76 000 [24 000-158 000],Incidence Count,N/A
TB_e_inc_num,Number of incident tuberculosis cases,ZWE,Zimbabwe,2024,,34000.0,,21000.0,45000.0,34 000 [21 000-45 000],Incidence Count,N/A
TB_e_inc_num,Number of incident tuberculosis cases,ZWE,Zimbabwe,2023,,34000.0,,23000.0,46000.0,34 000 [23 000-46 000],Incidence Count,N/A
TB_e_inc_num,Number of incident tuberculosis cases,ZWE,Zimbabwe,2022,,34000.0,,23000.0,44000.0,34 000 [23 000-44 000],Incidence Count,N/A
TB_e_inc_num,Number of incident tuberculosis cases,ZWE,Zimbabwe,2021,,31000.0,,22000.0,41000.0,31 000 [22 000-41 000],Incidence Count,N/A
TB_e_inc_num,Number of incident tuberculosis cases,ZWE,Zimbabwe,2020,,29000.0,,21000.0,39000.0,29 000 [21 000-39 000],Incidence Count,N/A
TB_e_inc_num,Number of incident tuberculosis cases,ZWE,Zimbabwe,2019,,30000.0,,23000.0,39000.0,30 000 [23 000-39 000],Incidence Count,N/A
TB_e_inc_num,Number of incident tuberculosis cases,ZWE,Zimbabwe,2018,,32000.0,,23000.0,41000.0,32 000 [23 000-41 000],Incidence Count,N/A
TB_e_inc_num,Number of incident tuberculosis cases,ZWE,Zimbabwe,2017,,33000.0,,23000.0,44000.0,33 000 [23 000-44 000],Incidence Count,N/A
TB_e_inc_num,Number of incident tuberculosis cases,ZWE,Zimbabwe,2016,,34000.0,,24000.0,46000.0,34 000 [24 000-46 000],Incidence Count,N/A
TB_e_inc_num,Number of incident tuberculosis cases,ZWE,Zimbabwe,2015,,35000.0,,24000.0,48000.0,35 000 [24 000-48 000],Incidence Count,N/A
TB_e_inc_num,Number of incident tuberculosis cases,ZWE,Zimbabwe,2014,,40000.0,,25000.0,57000.0,40 000 [25 000-57 000],Incidence Count,N/A
TB_e_inc_num,Number of incident tuberculosis cases,ZWE,Zimbabwe,2013,,43000.0,,27000.0,62000.0,43 000 [27 000-62 000],Incidence Count,N/A
TB_e_inc_num,Number of incident tuberculosis cases,ZWE,Zimbabwe,2012,,49000.0,,26000.0,79000.0,49 000 [26 000-79 000],Incidence Count,N/A
TB_e_inc_num,Number of incident tuberculosis cases,ZWE,Zimbabwe,2011,,52000.0,,27000.0,86000.0,52 000 [27 000-86 000],Incidence Count,N/A
TB_e_inc_num,Number of incident tuberculosis cases,ZWE,Zimbabwe,2010,,56000.0,,32000.0,86000.0,56 000 [32 000-86 000],Incidence Count,N/A
TB_e_inc_num,Number of incident tuberculosis cases,ZWE,Zimbabwe,2009,,59000.0,,26000.0,105000.0,59 000 [26 000-105 000],Incidence Count,N/A
TB_e_inc_num,Number of incident tuberculosis cases,ZWE,Zimbabwe,2008,,63000.0,,18000.0,136000.0,63 000 [18 000-136 000],Incidence Count,N/A
TB_e_inc_num,Number of incident tuberculosis cases,ZWE,Zimbabwe,2007,,67000.0,,17000.0,153000.0,67 000 [17 000-153 000],Incidence Count,N/A
TB_e_inc_num,Number of incident tuberculosis cases,ZWE,Zimbabwe,2006,,71000.0,,15000.0,168000.0,71 000 [15 000-168 000],Incidence Count,N/A
TB_e_inc_num,Number of incident tuberculosis cases,ZWE,Zimbabwe,2005,,73000.0,,14000.0,180000.0,73 000 [14 000-180 000],Incidence Count,N/A
TB_e_inc_num,Number of incident tuberculosis cases,ZWE,Zimbabwe,2004,,75000.0,,26000.0,150000.0,75 000 [26 000-150 000],Incidence Count,N/A
TB_e_inc_num,Number of incident tuberculosis cases,ZWE,Zimbabwe,2003,,75000.0,,26000.0,150000.0,75 000 [26 000-150 000],Incidence Count,N/A
TB_e_inc_num,Number of incident tuberculosis cases,ZWE,Zimbabwe,2002,,75000.0,,30000.0,139000.0,75 000 [30 000-139 000],Incidence Count,N/A
TB_e_inc_num,Number of incident tuberculosis cases,ZWE,Zimbabwe,2001,,74000.0,,25000.0,148000.0,74 000 [25 000-148 000],Incidence Count,N/A
TB_e_inc_num,Number of incident tuberculosis cases,ZWE,Zimbabwe,2000,,72000.0,,20000.0,157000.0,72 000 [20 000-157 000],Incidence Count,N/A
TB_e_inc_num,Number of incident tuberculosis cases,SOM,Somalia,2024,,29000.0,,17000.0,60000.0,29 000 [17 000-60 000],Incidence Count,N/A
TB_e_inc_num,Number of incident tuberculosis cases,SOM,Somalia,2023,,29000.0,,17000.0,58000.0,29 000 [17 000-58 000],Incidence Count,N/A
TB_e_inc_num,Number of incident tuberculosis cases,SOM,Somalia,2022,,29000.0,,17000.0,57000.0,29 000 [17 000-57 000],Incidence Count,N/A
TB_e_inc_num,Number of incident tuberculosis cases,SOM,Somalia,2021,,29000.0,,18000.0,56000.0,29 000 [18 000-56 000],Incidence Count,N/A
TB_e_inc_num,Number of incident tuberculosis cases,SOM,Somalia,2020,,29000.0,,17000.0,55000.0,29 000 [17 000-55 000],Incidence Count,N/A
TB_e_inc_num,Number of incident tuberculosis cases,SOM,Somalia,2019,,28000.0,,17000.0,54000.0,28 000 [17 000-54 000],Incidence Count,N/A
TB_e_inc_num,Number of incident tuberculosis cases,SOM,Somalia,2018,,28000.0,,17000.0,54000.0,28 000 [17 000-54 000],Incidence Count,N/A
TB_e_inc_num,Number of incident tuberculosis cases,SOM,Somalia,2017,,27000.0,,16000.0,53000.0,27 000 [16 000-53 000],Incidence Count,N/A
TB_e_inc_num,Number of incident tuberculosis cases,SOM,Somalia,2016,,26000.0,,16000.0,53000.0,26 000 [16 000-53 000],Incidence Count,N/A
TB_e_inc_num,Number of incident tuberculosis cases,SOM,Somalia,2015,,26000.0,,15000.0,53000.0,26 000 [15 000-53 000],Incidence Count,N/A
TB_e_inc_num,Number of incident tuberculosis cases,SOM,Somalia,2014,,25000.0,,15000.0,52000.0,25 000 [15 000-52 000],Incidence Count,N/A
TB_e_inc_num,Number of incident tuberculosis cases,SOM,Somalia,2013,,24000.0,,14000.0,51000.0,24 000 [14 000-51 000],Incidence Count,N/A
TB_e_inc_num,Number of incident tuberculosis cases,SOM,Somalia,2012,,24000.0,,14000.0,52000.0,24 000 [14 000-52 000],Incidence Count,N/A
TB_e_inc_num,Number of incident tuberculosis cases,SOM,Somalia,2011,,25000.0,,14000.0,53000.0,25 000 [14 000-53 000],Incidence Count,N/A
TB_e_inc_num,Number of incident tuberculosis cases,SOM,Somalia,2010,,27000.0,,15000.0,53000.0,27 000 [15 000-53 000],Incidence Count,N/A
TB_e_inc_num,Number of incident tuberculosis cases,SOM,Somalia,2009,,28000.0,,15000.0,62000.0,28 000 [15 000-62 000],Incidence Count,N/A
TB_e_inc_num,Number of incident tuberculosis cases,SOM,Somalia,2008,,30000.0,,15000.0,48000.0,30 000 [15 000-48 000],Incidence Count,N/A
TB_e_inc_num,Number of incident tuberculosis cases,SOM,Somalia,2007,,33000.0,,16000.0,61000.0,33 000 [16 000-61 000],Incidence Count,N/A
TB_e_inc_num,Number of incident tuberculosis cases,SOM,Somalia,2006,,34000.0,,16000.0,73000.0,34 000 [16 000-73 000],Incidence Count,N/A
TB_e_inc_num,Number of incident tuberculosis cases,SOM,Somalia,2005,,34000.0,,15000.0,186000.0,34 000 [15 000-186 000],Incidence Count,N/A
TB_e_inc_num,Number of incident tuberculosis cases,SOM,Somalia,2004,,35000.0,,14000.0,326000.0,35 000 [14 000-326 000],Incidence Count,N/A
TB_e_inc_num,Number of incident tuberculosis cases,SOM,Somalia,2003,,34000.0,,13000.0,505000.0,34 000 [13 000-505 000],Incidence Count,N/A
TB_e_inc_num,Number of incident tuberculosis cases,SOM,Somalia,2002,,34000.0,,12000.0,722000.0,34 000 [12 000-722 000],Incidence Count,N/A
TB_e_inc_num,Number of incident tuberculosis cases,SOM,Somalia,2001,,33000.0,,10000.0,965000.0,33 000 [10 000-965 000],Incidence Count,N/A
TB_e_inc_num,Number of incident tuberculosis cases,SOM,Somalia,2000,,31000.0,,8100.0,1240000.0,31 000 [8100-1 240 000],Incidence Count,N/A
